X,Y,Label
73.73267558686288,25.2498523374377,0
73.73282542409387,25.23540661269279,0
73.73301255818353,25.217349415877074,0
73.7331995118829,25.19929217365667,1
73.73333027220256,25.18665207709961,1
73.73338628530834,25.181234886055872,1
73.7334236183708,25.1776234230922,1
73.73349826288046,25.1704004917229,1
73.7335915279986,25.161371817309618,1
73.73361017562085,25.159566081066984,1
73.73377792322677,25.14331443448906,0
73.73396413854067,25.12525700636345,0
73.73415017405604,25.107199532957125,0
73.73424312442538,25.098170779281308,0
73.73426170911003,25.096365027188718,0
73.73431745238761,25.090947768196553,0
73.73442889045954,25.080113237999587,0
73.734503146604,25.072890208823992,1
73.73454026390792,25.069278691523497,1
73.73470720296571,25.05302684129753,0
73.734892520441,25.034969187012084,1
73.73505915293046,25.01871725954375,1
73.73507765869404,25.01691148756788,1
73.73513316523878,25.011494168932312,1
73.73531807067452,24.99343641081825,0
73.735355030283,24.98982485378235,0
73.73542892802861,24.982601734299028,0
73.73555818021532,24.969961257845338,0
73.73561354718588,24.964543904032663,0
73.73576111378797,24.950097607372776,0
73.73577955157126,24.948291818263062,0
73.73581642177776,24.944680238692424,0
73.73596383115306,24.93023390239726,0
73.73598224928864,24.928428108334344,0
73.73618473096414,24.90856434393828,0
73.73629508450965,24.89772954041297,0
73.73633185475535,24.894117935639798,0
73.73642374916368,24.885088915837937,0
73.73647886441492,24.879671498561976,0
73.73660740428917,24.867030842520727,0
73.73664411393142,24.863419222464792,0
73.73668081644814,24.859807600611823,0
73.73686422218103,24.84174946439829,0
73.73688255296236,24.839943648307234,0
73.73691920918544,24.836332014778307,0
73.73695585828982,24.832720379453832,0
73.73697418017278,24.830914561118316,0
73.73710238353843,24.818273820204237,0
73.7372122027729,24.807438881923282,0
73.73723049975546,24.805633057306576,0
73.73724879496025,24.8038272322414,0
73.73730366990928,24.798409754355276,0
73.73739509261316,24.789380615577947,0
73.73750474122676,24.77854563425317,0
73.73759606622879,24.769516470826158,0
73.73768734684343,24.76048729619967,0
73.73777858308475,24.7514581103768,0
73.73779682500947,24.749652271868936,0
73.73796092250382,24.733399705154262,0
73.73812487636536,24.717147102193298,0
73.73814308459842,24.715341255183212,0
73.73830687896404,24.699088611969724,0
73.73832506948094,24.69728276048838,0
73.7384159955027,24.688253496377264,0
73.73850687726352,24.679224221094493,0
73.73857955081368,24.672000792826733,0
73.73868850805825,24.661165637026272,0
73.73885182454133,24.644912873188808,0
73.73886996197696,24.6431070083085,0
73.73890623154541,24.63949527720919,0
73.73901499783632,24.628660073203264,0
73.73905123913144,24.625048334965957,0
73.73919613365976,24.610601364178738,0
73.73923233963328,24.606989617023423,0
73.73928663535322,24.601571992947367,0
73.73941326359393,24.5889308545057,0
73.73946750637323,24.583513217061938,0
73.73948558377158,24.581707337023126,0
73.7395940111247,24.570872047437632,0
73.73970237500306,24.560036741822948,0
73.73977458233674,24.552813195844042,0
73.73984676147718,24.545589642745032,0
73.73995497734109,24.534754299749796,0
73.73997300715436,24.532948407693787,0
73.74000906149847,24.52933662224761,0
73.74009916654953,24.52030715085064,0
73.74013519624862,24.51669535917977,0
73.74029724279411,24.500442274660514,0
73.74031523917003,24.498636374158846,0
73.74045914687149,24.4841891541542,0
73.74053105852978,24.47696553349363,0
73.74060294206919,24.46974190572968,0
73.7406388732965,24.466130089184446,0
73.7408004768722,24.449876892765094,0
73.74087225502863,24.442653238377723,0
73.74099779922622,24.430011826126528,0
73.74101572709245,24.428205908317192,0
73.74115908687106,24.413758549886303,0
73.741212817851,24.408340783163094,0
73.74132023247614,24.397505237756025,0
73.74135602332932,24.393893385743834,0
73.74149911665597,24.37944595998459,0
73.74167782568651,24.36138663795196,0
73.74169568696057,24.3595807033153,0
73.74176711455502,24.352356960345514,0
73.74185635967724,24.34332727168315,0
73.74187420345334,24.341521332624243,0
73.74189204548023,24.339715393123253,0
73.74201689070026,24.32707380423999,0
73.74205254502658,24.323461917724572,0
73.7420881923605,24.319850029441806,0
73.7422485188554,24.303596510303873,0
73.74228412774666,24.29998461230431,0
73.74233752798364,24.294566761993714,0
73.74244428130885,24.28373104945445,0
73.74251541527676,24.276507232268937,0
73.74258652132032,24.269283408024492,0
73.74263983253182,24.2638655352097,0
73.74269312804275,24.258447658425844,0
73.74276416430591,24.2512238165411,0
73.74290615313915,24.236776111613302,0
73.7429238938992,24.234970146514232,0
73.74297710572314,24.229552248573476,0
73.74310120566501,24.216910471294344,0
73.74313664711443,24.213298530965318,0
73.7432783432618,24.198850752039085,0
73.74329604744634,24.197044777692575,0
73.74340223600692,24.186208922372842,0
73.74345530679774,24.18079098877363,0
73.74356140141509,24.169955109699945,0
73.74364976577601,24.16092519837993,0
73.7438087121193,24.14467133031292,0
73.74382636413581,24.142865342775075,0
73.74386166295717,24.13925336638145,0
73.74387930976222,24.13744737752572,0
73.74400278876934,24.124805443238174,0
73.74403805285834,24.121193458061164,0
73.7441085602056,24.113969482439146,0
73.74412618270328,24.112163487436277,0
73.74417903978417,24.10674549979445,0
73.74421426916237,24.10313350583911,0
73.74433751734244,24.090491513175646,0
73.74440790672033,24.083267507718457,0
73.74453102138771,24.070625481287596,0
73.74456618140866,24.06701346979075,0
73.7446013344986,24.063401456540866,0
73.74470675219092,24.052565406275022,0
73.74477699601316,24.045341364002972,0
73.74479455263976,24.04353535234002,0
73.74488230980458,24.034505287456746,0
73.74495248438093,24.027281227669516,0
73.74497002369874,24.025475211628386,0
73.74498756128628,24.023669195149576,0
73.74505769433561,24.016445124858095,0
73.74523290589079,23.998384918504396,0
73.74535545111588,23.985742748036127,0
73.74537295066396,23.983936721934835,0
73.74540794457674,23.980324668421005,0
73.74546042248895,23.974906584872482,0
73.7455128848554,23.969488497391264,0
73.74561776296247,23.958652310633454,0
73.74563523660413,23.956846277978418,0
73.74565270851956,23.955040244886668,0
73.74568764717209,23.95142817739313,0
73.74570511390941,23.94962214299139,0
73.74584478568741,23.93517385206162,0
73.74589713413924,23.929755735761514,1
73.74591458017373,23.92794969612211,1
73.74598434706729,23.920725533201704,1
73.74605408637493,23.913501363302014,1
73.74608894568611,23.90988927573545,1
73.74610637275643,23.90808323129807,1
73.74612379810335,23.906277186424667,1
73.7461934822594,23.899053002571296,1
73.74622831399991,23.895440908029112,1
73.74624572728614,23.893634860104232,1
73.7463327678814,23.884604613942997,1
73.74638497157363,23.8791864610177,1
73.74641976542652,23.875574356889356,1
73.74654148969061,23.862931978721083,1
73.7465588719874,23.861125922955278,1
73.74657625256356,23.859319866754106,0
73.74669786842779,23.846677461157835,0
73.74676732536967,23.83945321981443,0
73.74680204352399,23.83584109653227,0
73.74685410786206,23.830422908346538,0
73.74687145920359,23.82861684474806,0
73.74695819013232,23.81958652023259,1
73.74711419756568,23.80333190871585,1
73.74721812523968,23.792495481482177,1
73.7472527540635,23.788883335595514,0
73.74727006590071,23.787077262000654,0
73.74742579521399,23.770822580105612,0
73.74744308989276,23.769016502168714,1
73.74763321817441,23.749149616220237,0
73.74768503533981,23.743731365487058,0
73.74777136300747,23.734700938924675,0
73.74787489967159,23.723864412742028,0
73.74790939819061,23.720252233880146,0
73.74792664488142,23.718446143799138,0
73.74804732377731,23.705803501099773,0
73.7481162454887,23.698579124312733,0
73.74818513982102,23.691354740596644,0
73.74828842999834,23.680518152034146,0
73.74830563904175,23.678712052425414,0
73.74842605447024,23.666069343047795,0
73.74846044349297,23.662457136474654,0
73.74849482567926,23.658844928171305,0
73.74852920102994,23.655232718137945,0
73.74863228607668,23.644396077659902,0
73.74864946093895,23.642589969400376,0
73.74873530963292,23.6335594216192,0
73.74876963715764,23.629947199481556,0
73.74895831649829,23.610079946835548,0
73.74897545892695,23.60827383036728,0
73.74911253694917,23.59382488307911,0
73.7491296640276,23.592018762725726,0
73.7491639130694,23.588406520724327,0
73.7493521609242,23.56853915886994,0
73.74936926414117,23.566733032477185,0
73.74948893896443,23.554090135655983,0
73.74954020262895,23.548671744838366,0
73.7496256080195,23.539641084857355,0
73.7496768308282,23.53422268369889,0
73.74981335011483,23.51977359499287,0
73.75001792494903,23.498099910275464,0
73.7359290545467,25.127079683878954,0
73.73977432451822,24.74966891642297,0
73.74037437238394,24.69007594931125,0
73.74228879560751,24.498652828034096,0
73.74446777386036,24.27832947434914,0
73.74551222491678,24.171777297324457,0
73.74850529764653,23.862947952982385,1
73.7493709492865,23.772644564113747,0
73.7512774101838,23.5721671667723,0
73.75131156816327,23.56855491258011,0
73.75132864460137,23.566748784837234,0
73.75144813204727,23.554105878566205,0
73.75149931544718,23.548687483699204,0
73.75158458711668,23.53965681696992,0
73.75161868388794,23.536044547262644,0
73.75177203526016,23.5197893122624,0
73.74089522618996,24.83455958954868,0
73.74494277648446,24.43004460417469,0
73.74684515455458,24.236808597634692,0
73.74827203655502,24.090523778699104,0
73.75078074654849,23.830454783069346,0
73.75102274876828,23.805169815209887,1
73.75136788421902,23.769048284840306,1
73.75171233570984,23.73292658087434,0
73.75179834181168,23.72389612778238,0
73.75183273230066,23.720283943511955,0
73.75184992498446,23.71847785072678,0
73.75197022598151,23.70583518910029,0
73.7520389318686,23.698610801499342,0
73.75210761046232,23.6913864069705,0
73.75214193952625,23.687774207108625,0
73.75221057719241,23.680549802191027,0
73.75222773234671,23.678743699879718,0
73.75234777070115,23.666100971586083,0
73.75238205203662,23.66248875960902,0
73.75241632655703,23.658876545902025,0
73.75246772556129,23.653458222098376,0
73.75255335650495,23.644427673778942,0
73.75257047758511,23.642621562818277,0
73.75265605744865,23.633591001532505,0
73.75269027747864,23.629978773993525,0
73.75287836598027,23.610111491645295,0
73.75289545472835,23.608305372477258,0
73.75301502835238,23.595662526214507,0
73.75306624869022,23.590244157057,0
73.74150119916868,24.97001161638559,0
73.74280110654247,24.841799529924423,0
73.74322028618107,24.800265551497667,0
73.74432749477302,24.69010906971117,0
73.7502568160317,24.088733868727353,0
73.7508862893477,24.023717404762298,0
73.75111305042009,24.000239097800637,0
73.75154831228359,23.955088299862197,0
73.75160047151724,23.949670185765502,0
73.75196515344831,23.91174327712855,1
73.75213854554846,23.893682776854774,1
73.75224249850842,23.882846455774608,1
73.75227713578346,23.879234345263125,1
73.75231176620406,23.8756222330096,1
73.7524156163478,23.864785885798824,1
73.75243291870981,23.862979826406633,1
73.75246751829597,23.859367706316437,0
73.75260584815106,23.844919208548507,0
73.7526576936023,23.839501014706897,0
73.75267497199667,23.83769494922309,0
73.75272679691301,23.832276750162226,0
73.75274406846323,23.830470682938877,0
73.75276133830269,23.8286646152807,0
73.75284766184213,23.819634270468388,1
73.75296844297434,23.80699176947575,1
73.75300293648301,23.803379622424192,1
73.75308914034554,23.794349247193047,1
73.75314084215812,23.78893101684241,0
73.75317530149117,23.7853188611041,0
73.75329585535549,23.772676302344518,0
73.7533130705056,23.770870220785486,0
73.75333028394836,23.76906413879249,1
73.75334749568393,23.767258056365524,1
73.75350232449651,23.751003294999133,1
73.75351951916565,23.74919720823403,0
73.75358828078262,23.741972856837137,0
73.75374289465034,23.725718040832692,0
73.75388021327646,23.71126928602763,0
73.75400027761864,23.698626602833087,0
73.75567243181555,23.521626814547645,0
73.75568941064299,23.519820672911074,0
73.75584214391948,23.503565378816397,0
73.7421753891669,25.098238262474915,0
73.74280231048829,25.03684225024935,0
73.74890557632585,24.4282713561443,0
73.74924374134129,24.39395872990041,0
73.7508194204922,24.23322904023832,0
73.75241632560669,24.06888384045357,0
73.75243379465478,24.067077829058,0
73.75248619146804,24.061659792242697,0
73.7525734850599,24.052629722123502,0
73.75260839044853,24.049017691010278,0
73.75266073562545,24.04359964105656,0
73.752747943178,24.034569549045035,0
73.75276537952811,24.03276352932966,0
73.75285253548259,24.023733424188812,0
73.75286996151499,24.021927401848032,0
73.75293964845324,24.014703308110356,0
73.75306153442459,24.00206112723135,0
73.75309634352352,23.99844907161644,0
73.75311374549612,23.996643043153252,0
73.75318333621,23.989418924929502,0
73.75323551121299,23.984000831672848,0
73.75325289944647,23.98219479971337,0
73.75330505384582,23.976776701213502,0
73.75335719279579,23.971358598782025,0
73.75337456901308,23.96955256376463,0
73.75347879028081,23.958716344489495,0
73.75351351697793,23.95510426790477,0
73.75354823681373,23.951492189573877,0
73.75356559415889,23.949686149753685,0
73.75358294978903,23.94788010949703,0
73.75372173310241,23.933431771734075,0
73.753756411788,23.92981968293046,1
73.75377374855995,23.928013637874354,1
73.75382574859377,23.922595500089198,1
73.75443127696859,23.859383602779968,0
73.75592738344264,23.70225457938343,0
73.75700273120223,23.588469446716587,0
73.74319716314457,25.192153910259268,1
73.74672265845764,24.845444420533415,0
73.74686813549684,24.830997831536624,0
73.74770243759718,24.74792938800216,0
73.74955705767739,24.56192487770221,0
73.74978981481684,24.538448244239508,0
73.75119792074302,24.39578093483024,0
73.75270085370084,24.2422750486576,0
73.75275366970158,24.236857135612407,0
73.75278887172234,24.233245191380014,0
73.752824066827,24.229633245386047,0
73.7529471952414,24.216991420537664,0
73.75298235923422,24.213379466619095,0
73.7530175163157,24.209767510940054,0
73.75312294610038,24.198931633342138,0
73.75314051168607,24.19712565220263,0
73.75322831371359,24.188095739907233,0
73.7532985242608,24.180871802154996,0
73.75333361917849,24.17725983064079,0
73.7533687071934,24.173647857368124,0
73.75347392982991,24.162811927001403,0
73.7534914608984,24.161005937068868,0
73.75364916291474,24.144752007906554,0
73.75366667674072,24.142946013581273,0
73.75375422001773,24.13391603536832,0
73.75382422362229,24.12669204489564,0
73.75384172021641,24.124886046180134,0
73.75387670823694,24.121274047432504,0
73.75389419966359,24.119468047400428,0
73.75399911205933,24.10863203799387,0
73.75401659143226,24.106826034890677,0
73.75403406908366,24.105020031348843,0
73.75408649170974,24.09960201809181,0
73.75410396247608,24.097796012795712,0
73.75413889884587,24.094184000888013,0
73.75419129049492,24.088765979738124,0
73.75420875093687,24.08695997181137,0
73.75422620965844,24.085153963446263,0
73.75424366665978,24.08334795464283,0
73.75462728567994,24.043615650121478,0
73.7548535787721,24.020137370572463,0
73.75587695900721,23.91358117360079,1
73.75606709963338,23.893714596009982,1
73.75708341907658,23.787156599264904,0
73.75744372836131,23.749228811747425,0
73.75752940570463,23.74019835795506,0
73.7575807917076,23.73478008047775,0
73.75763216241172,23.729361799099866,0
73.75771774626213,23.720331321470667,0
73.75773485793466,23.718525224645138,0
73.75795715511204,23.695045926504495,0
73.75913224309139,23.57042381323921,0
73.7591492141034,23.568617680548048,0
73.75918315105636,23.56500541387264,0
73.75928492135422,23.55416860350357,0
73.7594035764947,23.54152563847051,0
73.74458872044036,25.24995409785466,0
73.74724299264167,24.989925424430346,0
73.75086857757385,24.628758999429625,0
73.75290377932654,24.422886145244917,0
73.7530102682372,24.412050572068924,0
73.75304575064361,24.40843871080063,0
73.75315215618353,24.397603116369687,0
73.75318761080665,24.393991248018015,0
73.75320533551428,24.39218531317828,0
73.75322305848611,24.390379377895993,0
73.75324077972225,24.388573442171165,0
73.7532584992228,24.386767506003828,0
73.7533293598713,24.379543756909854,0
73.75348869484101,24.36329029557122,0
73.75350639005474,24.36148435321134,0
73.75352408353453,24.35967841040932,0
73.75355946529265,24.356066523478983,0
73.75368324684231,24.343424905299155,0
73.75371859740186,24.33981301041328,0
73.75384226978717,24.32717136439618,0
73.75387758916567,24.323559461558826,0
73.75391290161743,24.319947556955025,0
73.75398350574416,24.312723742448892,0
73.75403644066294,24.30730587693387,0
73.75412463091476,24.29827609224811,0
73.75415989490352,24.294664175284815,0
73.75426564535425,24.28382841380667,0
73.75428326437616,24.282022452016463,0
73.75430088166885,24.280216489785214,0
73.75435372317281,24.274798600445514,0
73.75440654911783,24.269380707137408,0
73.75444175777207,24.265768776060998,0
73.7544769595134,24.26215684322136,0
73.75458252326833,24.251321034125016,0
73.75479346424513,24.2296493683521,0
73.75559977034744,24.14657406256711,0
73.75589683080277,24.115872083830194,0
73.75610622133846,24.09420002249479,0
73.7563676116201,24.067109857051115,0
73.75641984332006,24.061691812132615,0
73.75681977343247,24.02015333685699,0
73.75685450710236,24.01654128458972,0
73.75773790220155,23.92443336128195,1
73.7586168544222,23.832324303843002,0
73.75925175268324,23.765499377751986,1
73.7600548920167,23.680612804681587,0
73.76007193939148,23.678806696990556,0
73.76134567187673,23.54334738914755,0
73.7615992787478,23.51625523654846,0
73.75013589093432,24.89965210199234,0
73.75107924033176,24.80574931842363,0
73.75109733502164,24.80394348377427,0
73.75241350581402,24.672116345440262,0
73.75304123636388,24.608910708845496,0
73.75307704202753,24.605298941688975,0
73.75311284070733,24.601687172750616,0
73.75314863240419,24.598075402030616,0
73.75325596560586,24.587240079182727,0
73.75327384836514,24.58543419048302,0
73.75330960864962,24.581822411748075,0
73.75334536195598,24.57821063123257,0
73.7534168476379,24.57098706486071,0
73.75347044358833,24.56556938540934,0
73.7535597353031,24.556539910759078,0
73.75359543978729,24.552928117785275,0
73.75366682784336,24.54570452650096,0
73.75370251141696,24.542092728190852,0
73.75372035059053,24.54028682836889,0
73.7537738576597,24.53486912623573,0
73.75382734905381,24.529451420102127,0
73.75384517603567,24.527645517168725,0
73.75389864653428,24.52222780570226,0
73.75395210136476,24.516810090236923,0
73.75398772921532,24.51319827770544,0
73.75400554053002,24.511392370773393,0
73.75407676838738,24.50416873860376,0
73.75411237187674,24.500556919854425,0
73.754130171012,24.49875100981372,0
73.75414796840774,24.49694509932901,0
73.75425471625921,24.486109627098273,0
73.75427250148164,24.484303713506296,0
73.75437917630919,24.473468222635596,0
73.75441472068022,24.469856388795925,0
73.75446802420402,24.4644386347095,0
73.75448578857032,24.46263271579361,0
73.7545568286636,24.455409035695347,0
73.7546100904961,24.44999127096589,0
73.75464558970154,24.446379425596252,0
73.75468108196172,24.442767578453534,0
73.7547520456497,24.435543878849614,0
73.75482298156699,24.428320172155722,0
73.75484071120796,24.42651424437463,0
73.75500019990916,24.41026087441283,0
73.7576900808411,24.133948112650444,0
73.757724975606,24.1303361128929,0
73.75843880554345,24.056289731274877,0
73.75847355279214,24.052677693817678,0
73.75862983063402,24.03642350359213,0
73.7588379853953,24.014751194827177,0
73.75911514191176,23.985854685200007,0
73.75978887886879,23.91541897465656,1
73.75980612005048,23.91361292207257,1
73.75982335952736,23.91180686905273,1
73.75985783336709,23.908194761705598,1
73.75990953134324,23.90277659741669,1
73.76013337870772,23.879297840194507,1
73.76054587949689,23.835952248985123,0
73.76059737320304,23.830534032469174,0
73.76097452639408,23.790800325193555,1
73.76141919360158,23.743842036636437,0
73.76182863858273,23.700495664040115,0
73.76237304894953,23.642700112815547,0
73.76370966255332,23.500015453304243,0
73.74889252985362,25.21748468463567,0
73.75001589636284,25.10733413032424,0
73.75040110008526,25.069413058026505,1
73.75158844940474,24.952037048829478,0
73.75160665800674,24.9502312492004,0
73.75164306991746,24.946619648591888,0
73.75206129989893,24.905086112245897,0
73.7521339403803,24.897862864251383,0
73.75284070940448,24.82743581970928,0
73.75311183176534,24.800348313179956,0
73.75314795156757,24.796736638023372,0
73.75322017011374,24.789513282333907,0
73.75331040382132,24.780484077643564,0
73.7533284453006,24.778678235361937,0
73.75341862639193,24.769649017237384,0
73.75347271400669,24.7642314809904,0
73.75356282497421,24.75520224496047,0
73.75359885709385,24.751590547416008,0
73.75361687052538,24.749784697972625,0
73.75367090030818,24.744367146958176,0
73.75370691140466,24.74075544404521,0
73.75374291549522,24.737143739343125,0
73.75377891258074,24.73353203285214,0
73.7539408128019,24.717279331510206,0
73.75395879296367,24.71547347357043,0
73.75404866752584,24.70644417716811,0
73.7540846051043,24.702832455479342,0
73.7541384983536,24.697414869595566,0
73.75417441844218,24.69380314343959,0
73.7541923758635,24.691997279691638,0
73.75424623763699,24.68657968576821,0
73.75428213674502,24.6829679542532,0
73.75431802886129,24.679356220952247,0
73.75438979212211,24.672132748993278,0
73.75444359622098,24.66671514033741,0
73.75449738459737,24.661297527665162,0
73.75465865542144,24.64504466555681,0
73.75467656567233,24.64323878975905,0
73.7547123809377,24.639627036825722,0
73.75474818922193,24.636015282108815,0
73.7547839905259,24.63240352560854,0
73.75485557219653,24.62518000725865,0
73.75487346325292,24.623374126556875,0
73.75521306203333,24.589062308574036,0
73.75523091822471,24.58725641896356,0
73.75524877267398,24.58545052890791,0
73.75574799040825,24.534885426709423,0
73.75592595193713,24.51682637716378,0
73.75608596872608,24.50057319459235,0
73.75610373968365,24.4987672831975,0
73.75622808776421,24.486125891004132,0
73.75638783888331,24.469872640518595,0
73.75660062178078,24.448201583985853,0
73.75718448805475,24.38860584952958,0
73.75794245710419,24.310950078795965,0
73.75796004629808,24.30914412092171,0
73.7585219901039,24.251353236056584,0
73.75881980534993,24.22065164493734,0
73.75902972854915,24.19897985697314,0
73.75906469168066,24.195367886153992,0
73.7590996479378,24.191755913575815,0
73.75913459732139,24.188143939238824,0
73.75939649869044,24.16105407566937,0
73.75972768601753,24.12674010660579,0
73.75974509977758,24.124934103844527,0
73.7601451432869,24.083395919285206,0
73.76026671583934,24.070753817090615,0
73.76078679176157,24.01657313612253,0
73.76147783547772,23.944331616123225,0
73.76158125673368,23.933495327882053,0
73.76175348924362,23.915434812595493,1
73.76195994357194,23.893762136723325,1
73.7620974437026,23.87931365129656,1
73.7621661529615,23.87208939813447,1
73.76242357052797,23.844998386770005,0
73.76256070364474,23.83054980736436,0
73.76259496994868,23.826937658166024,0
73.76269772813323,23.81610120014164,1
73.76411296020348,23.66619526195997,0
73.76418086998999,23.658970804056572,0
73.76428268404678,23.648134104235556,0
73.76431660856954,23.644521867505127,0
73.764672408882,23.60659327754448,0
73.76529748823113,23.53976625145929,0
73.76555024299255,23.51267404588086,0
73.76561758043742,23.505449441377948,0
73.76570171447078,23.496418676073798,0
73.75142995907238,25.163329239219284,1
73.75176064687975,25.130825703026883,0
73.75309588756615,24.99900430466076,1
73.75315055899263,24.993586935469498,0
73.75316877927256,24.9917811448377,0
73.75324164275082,24.98455797780423,0
73.7532598542106,24.982752184919413,0
73.75335088505622,24.973723213737923,0
73.7534054824051,24.968305825623958,0
73.75344187182353,24.96469423129627,0
73.75353281452664,24.95566523759753,0
73.75358735900353,24.950247835976143,0
73.75360553697234,24.94844203453547,0
73.7536237131796,24.94663623264474,0
73.75366006030991,24.94302462751318,0
73.75369640039536,24.939413020581654,0
73.75378721979357,24.930383995379305,0
73.75380537839146,24.928578188989277,0
73.75400500681212,24.908714289017954,0
73.75405941397985,24.90329685231165,0
73.75411380531885,24.897879411560286,0
73.7541500574193,24.89426778214577,0
73.75416818083218,24.892461966764508,0
73.75422254052286,24.887044517925002,0
73.7542768843939,24.881627065042416,0
73.75429499550265,24.87982124651654,0
73.75440362525592,24.868986325930347,0
73.75445791641673,24.863568859575622,0
73.75449410174234,24.85995721309454,0
73.75453028004372,24.856345564818,0
73.75458453432734,24.850928089037158,0
73.75463877281146,24.845510609217644,0
73.75471106621855,24.838287296510426,0
73.75472913518324,24.836481467212135,0
73.75474720239333,24.83467563746531,0
73.75478333155017,24.83106397662611,0
73.75481945368992,24.82745231399304,0
73.75489167692176,24.82022898334604,0
73.75490972834545,24.818423149563426,0
73.75499995916375,24.80939397392637,0
73.75501800006818,24.80758813745434,0
73.75505407661868,24.80397646316585,0
73.75507211226498,24.80217062534943,0
73.75512620868939,24.796753109211846,0
73.75525237235962,24.784112222545186,0
73.75530641623119,24.778694692970106,0
73.75536044434341,24.773277159365218,0
73.75539645433119,24.769665468056836,0
73.75557639925881,24.75160698466088,0
73.7555943841282,24.749801133860252,0
73.75586394731963,24.72271331818115,0
73.75593576441315,24.715489883677577,0
73.75606137706555,24.70284885609188,0
73.75641979896432,24.66673151383274,0
73.75695612395769,24.612555165835964,0
73.75786428226104,24.52045445445268,0
73.75798857885124,24.50781309009093,0
73.75802407655037,24.50420126770509,0
73.75807731009206,24.498783530796423,0
73.75809505113786,24.49697761760566,0
73.75829008823017,24.47711254321565,0
73.75837867213835,24.46808294620062,0
73.75839638372317,24.466277025467015,0
73.75844950808595,24.460859260605485,0
73.75860878767456,24.444605942080134,0
73.758891605295,24.415711064967603,0
73.75920924607166,24.383204192732194,0
73.75922687636883,24.381398251182354,0
73.75968465825979,24.334443615712306,0
73.76084148989429,24.215249739684456,0
73.76096374491554,24.202607852409415,0
73.76110336196396,24.18815995484932,0
73.76138226674937,24.15926407533539,0
73.76185192397185,24.11050202374495,0
73.7618866637546,24.10689000719984,0
73.76209495878469,24.085217871103563,0
73.76211230559026,24.083411856913425,0
73.76212965068653,24.081605842285136,0
73.76214699407362,24.07979982721871,0
73.76304649756085,23.98588644064711,0
73.76306375051198,23.984080402395918,0
73.76311549914479,23.97866228502186,0
73.76358054739043,23.929899051878376,1
73.7640443560763,23.88113550088776,1
73.76425009592415,23.859462709664335,0
73.7643357487582,23.850432361497326,0
73.7645582477542,23.826953405389375,0
73.764609553002,23.821535174317727,0
73.76527513476803,23.751097814798825,1
73.76605687630428,23.66801700494567,0
73.76641257207149,23.63008850486503,0
73.76654787991968,23.615639502355265,0
73.75299137786153,25.2048780743758,0
73.75300977607841,25.203072335273532,0
73.75304656718804,25.199460855708637,1
73.75313851390995,25.19043214886216,1
73.75323041628313,25.18140343068345,1
73.75324879143716,25.17959768568812,1
73.75328553642557,25.175986194338027,1
73.75341408804039,25.163345960341516,1
73.75343244546693,25.161540210815833,1
73.75345080112135,25.15973446083725,1
73.75348750711429,25.156122959521483,1
73.75354255281562,25.150705704151672,1
73.75361592228448,25.143482690653478,0
73.75372592336062,25.132648156826935,0
73.75376257622241,25.129036641931062,0
73.75378089999813,25.127230883804422,0
73.75379922200392,25.12542512522534,0
73.75390911687585,25.11459056425098,0
73.7539823447391,25.107367514555705,0
73.75400064728287,25.105561751001392,0
73.75405554430306,25.10014445762568,0
73.7540921334751,25.09653292644812,0
73.75411042540902,25.09472716018129,0
73.75414700397326,25.091115626291653,0
73.7541652906038,25.08930985866889,0
73.75418357546675,25.087504090594205,0
73.75427497327205,25.07847524344267,0
73.75434805971162,25.071252157589225,1
73.75445763638021,25.06041751525898,1
73.75453065217603,25.05319441134105,0
73.75467659904044,25.03874818183756,0
73.75471306811032,25.035136619948734,1
73.75487709161149,25.018884569117542,1
73.75489530762769,25.017078783436645,1
73.75515014678668,24.991797736564966,0
73.75533196336417,24.973739791865004,0
73.75536830555208,24.970128197519823,0
73.75564064760981,24.943041182528805,0
73.75593070972553,24.914148254952362,0
73.7566358530721,24.843721262033153,0
73.75665389859715,24.8419154327236,0
73.7566899843909,24.838303772758792,0
73.75694238878093,24.813022102780774,0
73.75697841853788,24.809410428468514,0
73.75699643079108,24.807604590640167,0
73.75703245004748,24.80399291363916,0
73.7570504570509,24.802187074466552,0
73.75712246756865,24.794963713295974,0
73.75737428402091,24.769681892768883,0
73.75741022982946,24.766070196959053,0
73.75742820011243,24.764264348382817,0
73.75753598511945,24.75342924752827,0
73.75755394317316,24.751623395819895,0
73.75796649657246,24.710088683108886,0
73.7581276792937,24.693835905086235,0
73.7582887208273,24.677583090892274,0
73.75844962125363,24.661330240545013,0
73.75859252545929,24.646883232122214,0
73.75861038065298,24.645077354062476,0
73.75869963052234,24.636047957075913,0
73.75953645546048,24.55117108109708,0
73.75987365829258,24.516858873598476,0
73.75992684365947,24.5114411419643,0
73.76005088223444,24.498799752610402,0
73.76006859510508,24.496993838069827,0
73.76015713349376,24.487964258709592,0
73.76045784047938,24.457263605925245,0
73.76054618860658,24.448233977777598,0
73.76058151575941,24.444622123416064,0
73.76063449352915,24.4392043385503,0
73.76082861234525,24.41933909326528,0
73.76114581077871,24.38683221270124,0
73.76116341652526,24.385026270688574,0
73.76121622341896,24.379608441996798,0
73.76140971596405,24.359743036079802,0
73.76142729585591,24.35793708743507,0
73.76160300003929,24.339877576685303,0
73.76179607578791,24.320012063846566,0
73.76279322801926,24.217071733514683,0
73.76347227946161,24.14663805198915,0
73.76368069472845,24.12496601557732,0
73.76385418611864,24.106905936975316,0
73.76387152586219,24.105099926703232,0
73.76475359051156,24.012992822036942,0
73.7656998743947,23.91366035658407,1
73.76573418789968,23.910048242068523,1
73.76575134210736,23.908242184157203,1
73.76597419247227,23.884763391673893,1
73.76684568742071,23.792653572762877,1
73.76705010581685,23.770980510005188,0
73.76733928236624,23.740276897528137,0
73.76737327107833,23.736664699589934,0
73.76739026290448,23.734858599970952,0
73.76749217844927,23.724021993160367,0
73.76752613680968,23.720409787425393,0
73.76754311346139,23.718603683908363,0
73.76784840506483,23.686093746585716,0
73.76838979912515,23.62829795653008,0
73.7687610091736,23.588563094381644,0
73.76911458832896,23.550634167665827,0
73.75453479426659,25.248232435317945,0
73.75460842966855,25.24100951429185,0
73.75466363758913,25.235592318755945,0
73.75484754869923,25.217534970806003,0
73.7549026874566,25.212117757574465,0
73.75497618098531,25.204894800249615,0
73.7556546529838,25.13808210126007,0
73.75612996890045,25.091132266397157,0
73.75765746132831,24.939446098866107,0
73.75856079814106,24.84915520545846,0
73.75863287592158,24.841931885492215,0
73.75886693544017,24.818456046046318,0
73.75888492777996,24.816650209104548,0
73.75917256759014,24.78775675709821,0
73.75937006064628,24.767892442338987,0
73.75965694643338,24.738998796940145,0
73.7596927757727,24.735387083214725,0
73.75999704378013,24.704687444363728,0
73.76006856311264,24.69746398116359,0
73.76022937980196,24.681211162841272,0
73.76060407093506,24.643287779520524,0
73.76083563860143,24.619811300826683,0
73.76103135134021,24.599946529276533,0
73.76104913299773,24.598140638281887,0
73.7614931110178,24.55299321878667,0
73.76179439773733,24.522292814787463,0
73.7618298103556,24.5186809941107,0
73.76184751407015,24.51687508310613,0
73.76255424557223,24.444638279031288,0
73.76258950963046,24.441026420204157,0
73.76318794362291,24.379624549159818,0
73.76355657027727,24.341699608669735,0
73.76371432099573,24.325446003105675,0
73.76387193254719,24.309192361784117,0
73.76409934814555,24.28571481678474,0
73.76411682963985,24.28390884869779,0
73.76434393298054,24.260431223456933,0
73.76490172280808,24.202639828860267,0
73.76495392573078,24.197221862517456,0
73.76547510871768,24.143041981564622,0
73.76583902235228,24.10511582981815,0
73.76785280281918,23.893809451811208,1
73.76798964887718,23.87936093428742,1
73.76805803129382,23.87213666507941,1
73.76884248538136,23.78905706920961,0
73.77001247698371,23.66443595449319,0
73.77006316452385,23.65901759842094,0
73.77014761016926,23.64998699632537,0
73.77019825740811,23.64456862988406,0
73.7702151364636,23.642762506873115,0
73.77033324285821,23.630119633705377,0
73.77035010848812,23.62831350724013,0
73.77045126703852,23.61747673938443,0
73.77053551970856,23.608446087637677,0
73.7706534030314,23.595803157074556,0
73.77067023680166,23.593997022411916,0
73.77072072805798,23.588578615836997,0
73.7707712042348,23.58316020538211,0
73.77090573367181,23.568711091872256,0
73.7709393492852,23.565098809186022,0
73.77095615458057,23.563292667196734,0
73.77104015594828,23.55426195078957,0
73.77110732691757,23.54703736991253,0
73.7711744711162,23.539812782147212,0
73.77124158855065,23.53258818749527,0
73.77135897967916,23.519945130288377,0
73.77137574315299,23.518138977538086,0
73.77139250495526,23.516332824357697,0
73.77149304067208,23.505495896244565,0
73.77152653920992,23.50188358343385,0
73.77154328597283,23.500077426383662,0
73.75679584907336,25.221163155516685,0
73.75699766348514,25.201300015390885,0
73.75716262515137,25.185048314484447,1
73.75745553679566,25.156156311145583,1
73.75811293559252,25.091148880010664,0
73.75834976810953,25.067673830341395,1
73.76016162782088,24.887093977881428,0
73.76023373759685,24.879870690204037,0
73.76043189521646,24.86000661205196,0
73.76052189694512,24.850977467667317,0
73.760539892049,24.849171637444403,0
73.76055788540586,24.8473658067729,0
73.76064782598863,24.83833664668722,0
73.76073772291247,24.829307475390213,0
73.7607736694606,24.82569580373292,0
73.76079164011624,24.82388996723184,0
73.76084554161079,24.81847245503915,0
73.76149113531555,24.753461994292124,0
73.76152693542114,24.7498502850205,0
73.76184882310993,24.717344821094784,0
73.76206310185273,24.695674431377277,0
73.76252651432938,24.648721699804458,0
73.76261549760926,24.639692293780122,0
73.76284665126732,24.616215785972695,0
73.76286442018528,24.614409897638104,0
73.76344982309384,24.55481533287763,0
73.76364453876403,24.534950370325582,0
73.76367991914633,24.531338553175555,0
73.76369760674591,24.529532643934147,0
73.76403334302458,24.49522028397186,0
73.76426269837083,24.471743313790867,0
73.76442131214169,24.45548998283914,0
73.76473812104375,24.422983213253616,0
73.7651596655482,24.37964063067917,0
73.76572018528393,24.321850124461104,0
73.76608707165485,24.283924859085598,0
73.76669687076999,24.220715651553302,0
73.76759899320218,24.126803834066934,0
73.76761629651536,24.124997825941197,0
73.76763359812495,24.123191817376828,0
73.76765089803108,24.121385808373855,0
73.767720080623,24.114161767976466,0
73.76834149864158,24.04914508889121,0
73.76858256623076,24.023860671589205,0
73.76873736252382,24.007606358067697,0
73.7688233010735,23.99857616859341,0
73.76889202138065,23.99135200915037,0
73.76890919721768,23.98954596819765,0
73.76918378006619,23.960649253575728,0
73.76976582922713,23.899243364255362,1
73.77000492829134,23.873958439926938,1
73.77002199412478,23.87215237063934,1
73.77003905826928,23.870346300916655,1
73.77009024057024,23.864928089138353,1
73.77012435366143,23.861315945777864,1
73.77014140767452,23.859509873445216,0
73.77017551063615,23.855897727475217,0
73.77032889041938,23.83964304908787,0
73.77034592418077,23.837836971538028,0
73.7703970153436,23.832418736281014,0
73.77046511328132,23.825194416521775,0
73.77051616902868,23.81977617214082,0
73.77056720960263,23.814357923850764,0
73.77066924524144,23.803521415546058,0
73.77072024031187,23.798103155532797,0
73.77077122022004,23.79268489161317,0
73.77080519840338,23.789072713496896,0
73.77085615304728,23.783654443068208,0
73.77087313456069,23.781848352057597,0
73.77089011439034,23.78004226061319,0
73.77090709253632,23.77823616873499,0
73.77097498828564,23.771011796884842,0
73.77099195801483,23.76920570283811,0
73.77102589242416,23.765593513443758,0
73.77114460985266,23.752950836907065,0
73.77117851397729,23.749338639709862,0
73.77119546351668,23.747532540461222,0
73.77129712543841,23.736695935870436,0
73.77131406320724,23.734889833589047,0
73.77139872683695,23.72585931568544,0
73.77144950484694,23.72044099974684,0
73.77146642748957,23.71863489356805,0
73.77160174815299,23.704186028554908,0
73.77163556152323,23.700573807973985,0
73.77165246568957,23.69876769703452,0
73.77170316811474,23.693349361620406,0
73.77182141502225,23.680706563849107,0
73.77183830072468,23.678900448152056,0
73.77192270407006,23.669869863181994,0
73.77320047926139,23.53260364311135,0
73.7734849759292,23.50189901651023,0
73.75942128975214,25.15797870206515,1
73.75943955428698,25.156172947102554,1
73.76025963503237,25.074913505598218,0
73.76027781857145,25.073107729836046,0
73.76055036074641,25.04602103922587,0
73.76062297189972,25.038797904579766,0
73.76089501355659,25.01171108538348,1
73.76127520883891,24.97378936813802,0
73.7621233240464,24.888916234186176,0
73.76232126147555,24.86905216586137,0
73.76239318635092,24.861828854822022,0
73.76241116320693,24.86002302594029,0
73.76242913831805,24.858217196609843,0
73.76262674940843,24.83835304436711,0
73.76264470358936,24.83654720965406,0
73.7626985556718,24.83112970282466,0
73.76346871302673,24.75347832854167,0
73.76366521337779,24.73361389057845,0
73.76368306662091,24.731808029899366,0
73.76393282968422,24.70652593347222,0
73.76402194832583,24.69749659210176,0
73.76403976684882,24.695690722488084,0
73.76411102359341,24.688467239568922,0
73.7642000555007,24.679437875876783,0
73.76434241639711,24.664990870765713,0
73.76457351632601,24.641514426579917,0
73.7651057073952,24.587337729515273,0
73.76512342029268,24.585531832712107,0
73.76560101562998,24.536772450912252,0
73.76563634300408,24.533160631962524,0
73.7656893211278,24.527742900206178,0
73.7657069770528,24.525936988732358,0
73.76575993448077,24.520519251646142,0
73.76579523081124,24.51690742470161,0
73.76595397897037,24.50065418147513,0
73.76598923738247,24.497042344764633,0
73.76602448890314,24.493430506279154,0
73.76604211207946,24.491624586370857,0
73.7664645517998,24.44828237552755,0
73.76648213194521,24.44647644453493,0
73.7664997103708,24.44467051309927,0
73.76651728707667,24.44286458122058,0
73.7668158280628,24.412163671524272,0
73.76797016932497,24.292970693370066,0
73.76849240461951,24.238791431570245,0
73.76901310314321,24.18461177361361,0
73.76904776180758,24.180999782347524,0
73.7690650885835,24.17919378605541,0
73.76922095289854,24.1629397996589,0
73.76923826263899,24.16113379897447,0
73.76925557067648,24.15932779785094,0
73.7693420853231,24.150297785647783,0
73.76937667926471,24.14668577769374,0
73.76941126639781,24.143073767984127,0
73.76946313433338,24.13765575012846,0
73.769532267759,24.13043172017828,0
73.76958409996553,24.125013693109562,0
73.76960137396586,24.123207683209444,0
73.76963591686435,24.119595662093538,0
73.76965318576273,24.117789650877796,0
73.7697567634476,24.106953574375964,0
73.76977402044517,24.10514756009132,0
73.76986027993956,24.096117482093945,0
73.76991201524528,24.090699430037073,0
73.76992925694934,24.08889341180852,0
73.7699637352613,24.08528137403719,0
73.7701015805759,24.07083320543246,0
73.7701532445539,24.065415134980736,0
73.77018767871878,24.061803085824085,0
73.77023931723757,24.056385008806362,0
73.7702565266833,24.05457898225849,0
73.77027373443227,24.052772955273017,0
73.77037694530006,24.04193678417182,0
73.77039414117466,24.0401307541238,0
73.77044571862339,24.034712661355428,0
73.7705488277423,24.023876464011476,0
73.77056600666242,24.02207042959055,0
73.77061753325397,24.016652323704964,0
73.77063470539522,24.014846287535583,0
73.77070337701677,24.007622138487807,0
73.77078917842866,23.998591942346913,0
73.77087493750268,23.989561735285445,0
73.77090922928062,23.98594964940381,0
73.77092637263036,23.984143605807997,1
73.77097779252391,23.978725472400978,1
73.77106345850056,23.969695241325386,0
73.77108058661995,23.967889193800907,0
73.77109771304758,23.96608314584004,0
73.77120043609266,23.955246848912015,0
73.77125177478513,23.949828694558764,0
73.77137150589792,23.93718631913747,0
73.77143988649496,23.929962095019302,1
73.7715082400591,23.922737863927374,1
73.771576566597,23.91551362586331,1
73.77162779376842,23.910095442740765,1
73.77164486611527,23.908289380828727,1
73.77171313862057,23.90106512882524,1
73.77178138411952,23.893840869854504,1
73.77184960261877,23.88661660391812,1
73.77210518163797,23.859525544646697,0
73.77241137589357,23.827016144372237,0
73.7725982260236,23.807149219350823,0
73.7726321768977,23.8035370455204,0
73.77266612104252,23.799924869953664,0
73.77384993305422,23.673497632819927,0
73.77437156845755,23.61750775060839,0
73.77480783019864,23.57054817482542,0
73.7751760933658,23.530812921692597,0
73.77527638870792,23.51997599832495,0
73.76058292380812,25.239253878194056,0
73.76105853203948,25.19230459680313,1
73.76149649730856,25.148966526692114,1
73.7617333051024,25.125491629849545,0
73.76207887426003,25.091182027761274,0
73.76209704453927,25.089376254710878,0
73.76246008144577,25.053260698862736,0
73.76264133673189,25.035202853233443,1
73.76275000575488,25.02436812420423,1
73.76331045798071,24.968388432413658,0
73.76349089035662,24.950330375006054,0
73.76350892398011,24.948524566790464,0
73.76368916411708,24.930466459895626,0
73.76408507782318,24.890738466492657,0
73.76433658334481,24.865456902958528,0
73.76435453495296,24.86365107362542,0
73.76437248481875,24.861845243843586,0
73.7646056745718,24.838369415857322,0
73.76487437412183,24.811281827871206,0
73.76491017115522,24.807670141855095,0
73.76523203155881,24.775164887100907,0
73.76526775907575,24.771553183175254,0
73.76528562022912,24.76974733054121,0
73.76542844694822,24.755300493362974,0
73.76546413626872,24.75168877959546,0
73.76548197832571,24.749882922040896,0
73.76557116258215,24.740853627560966,0
73.76610535781849,24.68667762608828,0
73.76614091539248,24.68306587836749,0
73.76628307644474,24.668618869635896,0
73.76653159183265,24.64333653566956,0
73.76658480103275,24.63791888130869,0
73.76688602606154,24.6072187641908,0
73.76690372963515,24.605412870940388,0
73.76709835501202,24.585548015808275,0
73.76713371900951,24.58193621818108,0
73.76746933293101,24.547624051998202,0
73.7675751870041,24.536788597759983,0
73.767645721935,24.52956495271573,0
73.76775147267195,24.518729471825182,0
73.7677867091452,24.515117641309345,0
73.76815627661338,24.4771933137154,0
73.76820901006163,24.471775536661514,0
73.76863032106792,24.42843317663804,0
73.76882309152441,24.40856784304129,0
73.76910311455183,24.379672716786516,0
73.76912060142506,24.37786676763677,0
73.76913808658526,24.376060818044955,0
73.7691555700326,24.374254868011104,0
73.76981867283254,24.30562843942014,0
73.76988832949253,24.298404567758354,0
73.770010162882,24.285762775374057,0
73.77002756082084,24.283956803270083,0
73.77004495705224,24.282150830725342,0
73.7701319126012,24.273120961391065,0
73.77016668287236,24.26950901057289,0
73.77027095273085,24.2586731475456,0
73.77028832506912,24.256867168832787,0
73.77034043184922,24.251449230052135,0
73.770409883679,24.24422530551366,0
73.77046195464727,24.238807357487477,0
73.77047930822697,24.237001373931772,0
73.77049666010198,24.235195389935953,0
73.77051401027242,24.23338940550005,0
73.77053135873837,24.231583420624084,0
73.77054870549995,24.229777435308087,0
73.77056605055728,24.22797144955207,0
73.77068741824804,24.215329536941724,0
73.77070474967508,24.213523547666508,0
73.77086065588207,24.197269624402242,0
73.77087797028076,24.195463630730302,0
73.77089528297721,24.193657636618823,0
73.7710164241981,24.181015665533597,0
73.77103372328033,24.179209667906736,0
73.77189651042902,24.08890922696895,0
73.7719309336336,24.08529718653187,0
73.77210294792356,24.067236958070556,0
73.77232631314665,24.043758595631413,0
73.7723606516201,24.04014653330887,0
73.77237781831697,24.03834050149153,0
73.77241214663147,24.034728436544857,0
73.7725322424115,24.022086195458105,0
73.77258368664697,24.016668085577965,0
73.7728920323984,23.984159343720528,1
73.77321691445536,23.949844407192327,0
73.77354118714464,23.9155293132309,1
73.77401795348474,23.86495941448849,1
73.77406895728694,23.859541190818632,0
73.77415392996889,23.85051080933919,0
73.77425584167226,23.83967433721882,0
73.77427282106964,23.837868257011003,0
73.7743237491727,23.832450013780484,0
73.77435769283487,23.828837849454498,0
73.77445948347895,23.81800134605172,0
73.77469675975694,23.79271611065991,0
73.77483219843025,23.77826736653474,0
73.7749167930565,23.76923688736081,0
73.77508585649586,23.75117589649909,0
73.77576043462103,23.678931500001887,0
73.77666687130683,23.58140046789873,0
73.77701806075133,23.54347139363625,0
73.77721841071008,23.521797551688223,0
73.77723509572311,23.51999139539661,0
73.77733517086814,23.50915444861725,0
73.7773685159443,23.505542129584878,0
73.7626048595503,25.235659048277554,0
73.76346220246255,25.150788863578324,1
73.76413440047375,25.083975461580298,0
73.76420692666686,25.076752354035797,0
73.76473190333542,25.024384608361405,1
73.76485840130478,25.011744061195486,1
73.76500286549377,24.9972976945365,1
73.76556160820532,24.941317751523066,0
73.76633386389837,24.86366743777586,0
73.76679924826003,24.816715682684485,0
73.76681712420103,24.814909839898835,0
73.76685287087344,24.811298152983497,0
73.76688861060047,24.807686464276273,0
73.76692434338302,24.80407477377737,0
73.76696006922197,24.800463081486964,0
73.767067205086,24.789627993868773,0
73.76708505499012,24.7878221443654,0
73.76729911854825,24.76615191541511,0
73.76785096110125,24.710170192567755,0
73.76795757718548,24.699334970809158,0
73.76797534047886,24.697529098953353,0
73.76799310204284,24.695723226651136,0
73.76802861998296,24.69211148070753,0
73.76808188392528,24.686693858444595,0
73.76852514532565,24.641546850121607,0
73.7688789776505,24.60542904290018,0
73.76893199300507,24.600011356454115,0
73.76910859884094,24.5819523727071,0
73.76916154699919,24.576534668907534,0
73.76921447965843,24.571116961105094,0
73.76923212043445,24.569311057614872,0
73.76935555766568,24.556669720734085,0
73.7694084335202,24.551251998260177,0
73.76944367548674,24.54764018105545,0
73.76954936010073,24.536804718777255,0
73.76965498280445,24.52596924050721,0
73.76976054362127,24.51513374625069,0
73.7698133008294,24.509715993129166,0
73.76993634085295,24.497074553645533,0
73.77000661165371,24.489850864179274,0
73.77005929672626,24.484433092421988,0
73.77007685498376,24.48262716761586,0
73.77014707084997,24.475403463956887,0
73.7701821684863,24.471791609467058,0
73.77019971473064,24.469985681557148,0
73.7703224904065,24.457344173776804,0
73.77037508282642,24.45192637808072,0
73.77041013586623,24.448314512068038,0
73.77044518204825,24.44470264428336,0
73.77046270256787,24.442896709726583,0
73.77049773846485,24.439284839284277,0
73.77051525384245,24.437478903398794,0
73.7705677896928,24.43206109308536,0
73.77060280502549,24.428449217329145,0
73.77063781350512,24.424837339802032,0
73.77074279783433,24.41400169659724,0
73.77076028922849,24.412195754514123,0
73.77077777891037,24.4103898119885,0
73.77079526688004,24.4085838690204,0
73.77084772051703,24.403166037461496,0
73.77093510901153,24.394136309349445,0
73.77095258157635,24.39233036240018,0
73.77097005243003,24.390524415008677,0
73.77107484162467,24.379688721374333,0
73.77109230050354,24.377882770887947,0
73.77110975767214,24.376076819959525,0
73.77112721313058,24.374270868589107,0
73.77126679524544,24.359823241716644,0
73.77144111906813,24.341763668367538,0
73.77145854205395,24.339957708603812,0
73.77147596333175,24.338151748398577,0
73.77156304410425,24.329121940750742,0
73.77163267798882,24.321898086687963,0
73.77166748468898,24.318286157008956,0
73.77168488547889,24.316480191507633,0
73.77173707760925,24.3110622923567,0
73.77178925438281,24.305644389235827,0
73.77180664322854,24.30383842064678,0
73.77185879953082,24.298420512233726,0
73.77222346400443,24.26049504226634,0
73.7724661562752,24.235211287708584,0
73.77250079936316,24.23159931572934,0
73.77251811835464,24.229793329079705,0
73.77293326393225,24.186449517553445,0
73.77296781520293,24.1828375218311,0
73.77338190067002,24.139493436151753,0
73.77367461997639,24.108791222548128,0
73.77410420009127,24.063640678357668,0
73.77446423015293,24.02571400983141,0
73.77478932953811,23.991399238858474,0
73.77536956619537,23.929993465915395,1
73.77542067001731,23.924575285278443,1
73.77635489054109,23.825241279341604,0
73.77669334756379,23.78911949667856,0
73.77672715637786,23.785507308865174,0
73.77677785702987,23.78008902389199,0
73.77689609990968,23.76744634377701,0
73.77704800588212,23.751191438132704,0
73.7770648759523,23.74938533533887,0
73.77753655869921,23.698814281307392,0
73.77793981539958,23.655467393646457,0
73.7781243201023,23.63559998697009,0
73.7784592663808,23.59947729559401,0
73.77916048613677,23.523619082629473,0
73.77917714609993,23.521812925448273,0
73.76530071498792,25.16525148613248,1
73.76640672950612,25.055099468723515,1
73.76676793963084,25.018983687410493,1
73.7669843303531,24.997314132066727,0
73.76714645848287,24.981061922988626,0
73.76718246776946,24.977450316018057,0
73.76720046979707,24.975644511857485,0
73.76725446541845,24.970227096674883,0
73.76727246047213,24.968421290713806,0
73.76811626358791,24.883547903293536,0
73.76815208486096,24.879936247771486,0
73.76827740458297,24.86729543930633,0
73.76874213297098,24.82034367258407,0
73.76883136936138,24.81131445193828,0
73.76897405744666,24.79686767561376,0
73.76900971213898,24.79325597705477,0
73.76902753688643,24.79145012710373,0
73.76950815059962,24.74269200928964,0
73.76959701472417,24.73366269243863,0
73.76982785920866,24.710186416349227,0
73.77053631991764,24.637951247576424,0
73.77064235107332,24.627115910733536,0
73.77099534056867,24.59099800547823,0
73.7710129719739,24.589192105542114,0
73.77103060165904,24.587386205161096,0
73.77104822962416,24.585580304335206,0
73.77108348039484,24.581968501348896,0
73.77118919143803,24.571133081715544,0
73.771206803928,24.569327176886905,0
73.77127723669976,24.56210355312627,0
73.77131244277429,24.5584917385787,0
73.77138283430497,24.551268104149994,0
73.77141801976286,24.54765628426927,0
73.7714707850678,24.542238551115773,0
73.77148837006804,24.540432639176064,0
73.77152353491707,24.53682081396398,0
73.77155869289821,24.533208986975172,0
73.77157626931358,24.531403072814555,0
73.7716114169945,24.527791243161037,0
73.77164655780969,24.52417941173129,0
73.77166412564291,24.522373495350397,0
73.77171681884633,24.516955743543917,0
73.77176949660769,24.51153798774227,0
73.77178705243041,24.509732068254014,0
73.7718221589299,24.506120227946116,0
73.77189235134809,24.498896542005408,0
73.7719975885363,24.488060999785066,0
73.7724703926047,24.43930086228727,0
73.77250536547874,24.435688987402063,0
73.77255781195797,24.4302711717534,0
73.77257529069632,24.428465232318388,0
73.77259276772416,24.426659292440682,0
73.77261024304158,24.424853352120316,0
73.77288961559235,24.39595824681242,0
73.77417603090844,24.262316913710194,0
73.77419335102559,24.26051093321186,0
73.77443565415028,24.235227160008314,0
73.77445294876945,24.233421172907136,0
73.7748157434612,24.195495342183474,0
73.77488476234198,24.188271352446353,0
73.77490201282095,24.186465353913608,0
73.77528109438688,24.146733275085484,0
73.77598537768287,24.072686561695534,0
73.77601966025142,24.069074508058655,0
73.77627656416722,24.041984049989235,0
73.7763450077236,24.034759911215648,0
73.77685747424336,23.980578647543037,1
73.77694273787294,23.971548398722067,1
73.77709610633308,23.95529392335732,0
73.7773003855801,23.933621234591314,0
73.77803039890925,23.855960251485598,0
73.77818279965189,23.839705525324703,0
73.77825048972689,23.83248119128887,0
73.77880791031775,23.77288017045369,0
73.77882477339952,23.77107407153841,0
73.77884163480888,23.76926797218962,0
73.77897646588924,23.754819161795815,0
73.7789933122515,23.753013058546532,0
73.77948113011642,23.700635875952756,0
73.77985026271575,23.66090121889422,0
73.7813353528143,23.500154339059197,0
73.76652080094247,25.241109472983556,0
73.76677583982793,25.21582907834179,0
73.76681224585457,25.212217586137736,0
73.76688503684203,25.20499459629011,0
73.76693961165357,25.199577349145603,1
73.76724857069804,25.168879538312474,1
73.7672848855061,25.165268022551533,1
73.7674844916622,25.14540465350512,1
73.76770200214715,25.123735461204703,0
73.76772011664302,25.121929692240307,0
73.7678830683732,25.105677751219392,0
73.7679735358953,25.096648879279837,0
73.76822661247246,25.071367977775292,1
73.76903775559619,24.9901073383053,0
73.76952274784713,24.94135051677123,0
73.76954068616732,24.939544702268066,0
73.7697737261551,24.916069072819027,0
73.76997068451924,24.896205019357815,0
73.77000647255905,24.892593367435374,0
73.77004225365589,24.888981713716944,0
73.77009591228504,24.883564229772233,0
73.77013167602834,24.87995257156466,0
73.7702210550266,24.870923418191694,0
73.77027466161168,24.865505920783253,0
73.77029252700507,24.86370008741648,0
73.77032825259002,24.86008841933713,0
73.77034611278181,24.858282584624607,0
73.77047108558858,24.84564172907937,0
73.77054246049548,24.838418373189025,0
73.77059597348476,24.833000851564407,0
73.77061380768352,24.83119501012645,0
73.77066729988829,24.825777483123705,0
73.77070295269968,24.8221657962147,0
73.77073859858531,24.818554107513535,0
73.77084549469657,24.807719030658944,0
73.77088111288802,24.80410733479105,0
73.77093452719798,24.79868978763079,0
73.77100572205833,24.791466385149093,0
73.77102351644923,24.78966053340954,0
73.77105910004278,24.786048828587667,0
73.77113024647988,24.77882541357349,0
73.77116580932523,24.77521370338159,0
73.77121914062916,24.769796134738268,0
73.77123691427381,24.767990277629128,0
73.77129022483942,24.76257270361799,0
73.77134351985474,24.75715512558176,0
73.77136128140474,24.755349265342005,0
73.77141455569092,24.74993168194003,0
73.77148556389442,24.742708231145343,0
73.77150331162852,24.74090236732921,0
73.77153880191732,24.73729063835615,0
73.771574285301,24.733678907595547,0
73.77160976178047,24.730067175047587,0
73.77162749743138,24.728261308103413,0
73.7717515986735,24.71562022698618,0
73.77176932052164,24.71381435646858,0
73.77180475904348,24.71020261409371,0
73.77182247571737,24.708396742236484,0
73.77184019066677,24.70659086993277,0
73.77192873954955,24.69756150171765,0
73.77196414703481,24.693949751307017,0
73.77199954762544,24.690337999111197,0
73.77201724533555,24.688532122343904,0
73.77203494132233,24.686726245130398,0
73.7720526355859,24.684920367470692,0
73.77210570803837,24.679502731814623,0
73.77214108105927,24.675890972480044,0
73.77228250424902,24.661443917301764,0
73.77244147363076,24.645190946119182,0
73.7724591282904,24.64338505820375,0
73.77251208194605,24.637967391783942,0
73.77256502011922,24.63254972135436,0
73.77260030363472,24.628937938840643,0
73.77263558027127,24.625326154545302,0
73.77267085002975,24.621714368468535,0
73.77277661804544,24.610878999551634,0
73.77281186030031,24.607267206351132,0
73.77282947885003,24.605461309083196,0
73.77284709568144,24.603655411370184,0
73.77288232418971,24.600043614609,0
73.77295276059111,24.592820015746693,0
73.77300556985733,24.587402311928297,0
73.77323423145536,24.56392554912742,0
73.77348015812092,24.538642797483828,0
73.77358545238661,24.52780730583964,0
73.7736029954324,24.526001389011395,0
73.77367315048092,24.518777717258722,0
73.77384841819766,24.50071850680783,0
73.77397100372532,24.488077033093717,0
73.77435572679043,24.44834654570679,0
73.77520963894152,24.359855144628725,0
73.77536603490876,24.343601506610003,0
73.7754007708351,24.33998958219337,0
73.77541813624441,24.33818361932289,0
73.77592099298644,24.28581050416943,0
73.77593830736889,24.284004528067683,0
73.77638788518469,24.237048994825695,0
73.77645694916588,24.229825040223396,0
73.77693963756768,24.179257161020764,0
73.77760974198044,24.108822755580114,0
73.77762689033747,24.10701673641345,0
73.77793527205685,24.074508316506783,0
73.77831144080226,24.03477561069684,0
73.77836267333676,24.029357498049613,0
73.7787890218316,23.984206406399522,1
73.77946899367672,23.911964092504302,1
73.77950292174957,23.908351958506596,1
73.77970634930386,23.886679117952788,1
73.77977410483875,23.879454823842565,1
73.7801293816333,23.841527165612437,0
73.78039957324428,23.812629773582504,0
73.780483920319,23.803599315779795,0
73.78070302717208,23.780120074729894,0
73.78098912564278,23.749416341257252,0
73.78102275257518,23.745804129086565,0
73.78197831803797,23.64285535471293,0
73.78229563859676,23.608538784691508,0
73.76865174648522,25.22668009971696,0
73.76872447647571,25.219457118985385,0
73.76979398937881,25.112917311439933,0
73.76981206425468,25.11111153841787,0
73.7700107726498,25.091248005354366,1
73.77002882657595,25.08944222691097,0
73.77008297788436,25.08402488887115,0
73.7701731951716,25.07499598310751,0
73.77020926987642,25.071384417641905,1
73.77022730461283,25.069578634232023,1
73.77035349894616,25.056938137726352,1
73.77038953878069,25.05332656323516,1
73.77053362841401,25.038880247226988,1
73.77055163177825,25.03707445569648,1
73.77056963340064,25.035268663715065,1
73.77073156963783,25.019016515595176,1
73.77074955384798,25.017210719105957,1
73.7708394487918,25.008181729900635,1
73.77103706456319,24.988317914007048,0
73.77107297209433,24.984706305263025,0
73.77116271049854,24.975677275524752,0
73.77119859369311,24.972065660478666,0
73.77123446993636,24.968454043632445,0
73.77130620157251,24.96123080454033,0
73.77141374691413,24.950395932405932,0
73.77143166505938,24.94859011880929,0
73.77150332027756,24.941366859925765,0
73.77152122974198,24.939561044080765,0
73.77153913747057,24.937755227786177,0
73.77161075102886,24.93053195811232,0
73.77162865007998,24.928726139570106,0
73.77166444297681,24.92511450113735,0
73.77182542514575,24.908862105947403,0
73.77193266855916,24.89802715560651,0
73.77195053639426,24.89622132897793,0
73.77218266057217,24.87274554195538,0
73.77223618611966,24.867328041871925,0
73.77232536073882,24.858298866094117,0
73.77234319046964,24.856493029592976,0
73.77243231316487,24.847463840360664,0
73.77246795013083,24.843852161529128,0
73.7724857660188,24.842046321440897,0
73.7725035801769,24.840240480904395,0
73.77252139260527,24.83843463991964,0
73.77282393934183,24.80773527462025,0
73.77287727809384,24.80231772612972,0
73.7732856922389,24.7607830538785,0
73.77330342866694,24.75897719319503,0
73.77333889634869,24.755365470486677,0
73.77339208493713,24.749947883070995,0
73.77340981101791,24.748142019705025,0
73.77372858574752,24.715636402704828,0
73.77401147260709,24.686742399459696,0
73.77402913840737,24.68493652046348,0
73.77424099385573,24.6632659377173,0
73.77425863730014,24.661460052923243,0
73.77455831294813,24.6307599432349,0
73.77459353627194,24.627148157159663,0
73.77524392995792,24.56032979365993,0
73.7754894130793,24.535047010904115,0
73.77554197295578,24.529629260415756,0
73.77555948949241,24.527823342698248,0
73.77559451743299,24.524211505931323,0
73.77561202883717,24.52240558688195,0
73.77562953853077,24.520599667388666,0
73.77575205849817,24.50795821850834,0
73.77620639947703,24.461004075240393,0
73.77652026716677,24.42849718519094,0
73.77665958655834,24.41404963246166,0
73.77716370546693,24.36167701655536,0
73.7771810633465,24.35987105765384,0
73.77821942715988,24.251512716209497,0
73.77834017177898,24.2388708063847,0
73.77844360110409,24.228034866517714,0
73.77871911468787,24.199138949475046,0
73.7791315732469,24.15579486301202,0
73.77921737960936,24.146764813171675,0
73.77923453581586,24.144958801887373,0
73.77938886570819,24.128704680590776,0
73.77942314267489,24.12509264881228,0
73.77944027862728,24.123286632265405,0
73.78117930152806,23.939070646111745,0
73.78119626424926,23.93726458454384,0
73.781213225294,23.93545852254015,0
73.7812810527103,23.928234270168055,1
73.78139968616853,23.91559181174513,1
73.78305195152214,23.738595157251126,0
73.78306872878163,23.7367890474664,0
73.7832196491996,23.720534039923706,0
73.7834876193735,23.69163616220253,0
73.78447208415687,23.585074282405127,0
73.77040072998996,25.250171283465935,0
73.77043708543255,25.246559803108042,0
73.77049160545626,25.241142579168596,0
73.77052794337992,25.23753109427417,0
73.77054610971443,25.235725351146595,0
73.77063691511857,25.22669662870603,0
73.7706732250237,25.223085136555667,0
73.77072767675224,25.217667894929875,0
73.77074582382777,25.215862146814636,0
73.77078211272851,25.21225064922436,0
73.77081839462957,25.208639149821156,0
73.77090906876467,25.199610393382894,0
73.77101782000692,25.188775870706245,0
73.77110839795876,25.17974708935364,0
73.77114461690351,25.17613557364286,0
73.77128942278515,25.161689492691853,1
73.77136178380013,25.154466441354327,1
73.77143411687418,25.14724338277751,1
73.77145219577777,25.14543761700235,1
73.771632888816,25.12737993437637,0
73.77166900648457,25.123768392425305,0
73.77175927013093,25.114739529637305,0
73.77179536338183,25.11112798135848,0
73.77183144965825,25.107516431272167,1
73.77188556599774,25.102099102754075,1
73.77193966664973,25.096681770170214,1
73.77312591816528,24.977499426015477,0
73.77326919192436,24.963052947908665,0
73.77344812802725,24.944994809787712,0
73.77359115210199,24.930548266916237,0
73.77435800825315,24.852897606487268,0
73.774375804073,24.851091767302968,0
73.77441139052996,24.847480087589304,0
73.77448254271592,24.840256722782442,0
73.7745003264447,24.838450880460126,0
73.7745536672704,24.833033350804172,0
73.77482013837707,24.805945642042143,0
73.77483788931438,24.804139791208453,0
73.77522797376221,24.76441095963709,0
73.77536961590758,24.74996405811743,0
73.77565256972845,24.72107016926969,0
73.77586449615282,24.69939967760115,0
73.77588214551574,24.697593800393932,0
73.77589979316035,24.695787922740447,0
73.77598800561226,24.686758527779823,0
73.77602327856854,24.683146766672547,0
73.77605854465499,24.679535003780973,0
73.7760761751223,24.677729121666143,0
73.7763404261369,24.6506408364376,0
73.77635802914313,24.648834947189744,0
73.77658671216244,24.625358346426673,0
73.77660429116298,24.62355245094261,0
73.77695551140292,24.587434447790073,0
73.77711333707992,24.57118128831798,0
73.77728853642567,24.553122180007325,0
73.77730604695526,24.551316266732236,0
73.77732355577533,24.549510353012888,0
73.77739357396202,24.542286693693296,0
73.77741107423586,24.540480777752972,0
73.77742857280079,24.538674861368538,0
73.7774460696569,24.536868944540004,0
73.77746356480432,24.535063027267395,0
73.77748105824314,24.533257109550746,0
73.77749854997347,24.53145119139008,0
73.77751603999543,24.529645272785423,0
73.77765589868227,24.515197907967263,0
73.77770831751458,24.509780138837534,0
73.77776072098305,24.504362365714535,0
73.7778305683801,24.49713866200659,0
73.77795273563494,24.48449716344299,0
73.77816197079775,24.46282597251111,0
73.77819681945962,24.45921410115192,0
73.77864923208548,24.412259612302222,0
73.77911782792974,24.363498865075027,0
73.77942953715987,24.330991521345663,0
73.77953331805547,24.320155708326652,0
73.77955060893514,24.318349737946217,0
73.78017195202528,24.25333451070096,0
73.78056777289368,24.211796705685913,0
73.781219780197,24.14316851850799,0
73.78151067931722,24.112466229631163,0
73.78166448769441,24.096212025419472,0
73.78190347425405,24.070927637250392,0
73.78200579616319,24.060091444631134,0
73.78236344648518,24.02216464647786,0
73.78251649852452,24.005910245412178,0
73.78273733380229,23.982431603650575,1
73.783245872807,23.928249841289734,1
73.7833812287587,23.913801305084323,1
73.78349957741194,23.901158813044724,1
73.78356716843385,23.893934522303404,1
73.78452743808225,23.79098762353126,0
73.78454423656417,23.78918152499712,0
73.78456103338073,23.78737542602931,0
73.78494690075242,23.745835030137048,0
73.78504741708068,23.734998367433537,0
73.78508090922375,23.731386143068907,0
73.78516461049611,23.72235557458291,0
73.7870948450264,23.512843355513212,0
73.77276704879175,25.2122671408108,0
73.77343605045559,25.145454058914424,1
73.77388672748665,25.1003097340559,1
73.77428242356821,25.06058249464461,1
73.77453379219658,25.035301410402884,1
73.77471313286523,25.017243438985815,1
73.77482065397918,25.006408634506645,1
73.77485648047463,25.00279702940993,0
73.77526798683773,24.96126344136389,0
73.77557155490759,24.93056454941987,0
73.77578553725387,24.908894665139204,0
73.77711729568045,24.773456424855286,0
73.77734714859953,24.749980207079258,0
73.77750610737672,24.73372739667562,0
73.77784123019767,24.699415789238532,0
73.77785885107771,24.69760991069884,0
73.7778764702422,24.69580403171292,0
73.77799975636721,24.68316286631901,0
73.77803496554054,24.6795511007632,0
73.77805256755545,24.677745217316303,0
73.7781581436471,24.66690990727059,0
73.77821090855636,24.66149224622892,0
73.77831639211638,24.65065691211127,0
73.7786149274407,24.61995671168251,0
73.77896551247667,24.58383866412085,0
73.77950756883399,24.527855338955145,0
73.77966463291912,24.51160203558367,0
73.77975183108366,24.502572407069366,0
73.77989125954923,24.4881249783826,0
73.78093350258959,24.379768359651365,0
73.78107200633565,24.365320690181306,0
73.78110661531193,24.36170876839659,0
73.7818318383851,24.285858003168507,0
73.7818490692102,24.284052023088226,0
73.78186629834424,24.282246042567397,0
73.78248542181623,24.21723045062568,0
73.7825712381419,24.208200462212993,0
73.78291408191578,24.17208039872037,0
73.78318787174565,24.14318422148725,0
73.78370006682893,24.089003586629953,0
73.78371711394665,24.08719755867785,0
73.78395559727917,24.06191312138997,0
73.78397261921312,24.060107086873394,0
73.78438064243899,24.01676212730434,0
73.78441460078903,24.013150035978,0
73.78444855243748,24.009537942904572,0
73.78455036718157,23.998701653203717,0
73.78471992446701,23.980641135445918,1
73.78475381583833,23.977029026657714,1
73.78477075901392,23.975222971609206,1
73.78482157850178,23.96980480384631,0
73.78519379487189,23.93007145368318,0
73.7853964810987,23.908398628348884,1
73.78642308949625,23.798227464613923,0
73.78687551268558,23.749462663381685,0
73.78710962581138,23.724177086568577,0
73.78752687636607,23.679024059929827,0
73.78782665560547,23.646513713514707,0
73.7745710579437,25.23034110242493,0
73.77531175746061,25.156305078224236,1
73.77543792568788,25.14366470535971,0
73.77556400865505,25.131024310335764,0
73.77586985542213,25.100326115930308,1
73.77590580437506,25.096714555063638,1
73.77635458030547,25.05156989187733,1
73.77653378707595,25.03351194765746,1
73.77694530508185,24.99197850493161,0
73.77712394031799,24.973920412056188,0
73.77732023932013,24.954056457925244,0
73.77735590757527,24.950444824054657,0
73.77756977197637,24.92877498306907,0
73.77822762271983,24.86195923289095,0
73.77824536971312,24.860153393279273,0
73.77872388774881,24.81139555434633,0
73.77893615990696,24.789725298908408,0
73.77953625457835,24.728325892068977,0
73.7796595572916,24.71568477359873,0
73.77981796595819,24.69943187485149,0
73.77983555835524,24.69762599498148,0
73.77994107677289,24.686790706392163,0
73.77997623588057,24.68317893996041,0
73.78004653355379,24.67595540174512,0
73.78029235980863,24.650672961818593,0
73.78036253430959,24.643449391510956,0
73.78059041256974,24.61997273879648,0
73.78094043090726,24.58385466466812,0
73.78127231624887,24.549542329504117,0
73.78174288481793,24.500782419535675,0
73.78177769239272,24.49717056148534,0
73.7820211549707,24.471887505477742,0
73.78205590814274,24.46827563324258,0
73.78224692912421,24.448410304276234,0
73.78231634035322,24.44118653500336,0
73.78243774465325,24.428544921733632,0
73.78255906581091,24.415903286781127,0
73.78287065298076,24.383396125970766,0
73.7830953467563,24.35991864300445,0
73.78311261904065,24.358112679684663,0
73.78361277941457,24.30573955144517,0
73.78368165548176,24.298515642580846,0
73.78385372742305,24.2804558395739,0
73.78412869144593,24.25156006315772,0
73.78483131718308,24.177514122126972,0
73.78486551921898,24.173902106111196,0
73.78496808496378,24.16306604752914,0
73.7849851733694,24.16126003622941,0
73.78500226009385,24.159454024490884,0
73.78592244952227,24.06192873968332,0
73.78593944394112,24.06012270384931,0
73.78600740486377,24.052898556139564,0
73.78621112686166,24.03122607103659,0
73.78627898062634,24.02400189534974,0
73.78629593988398,24.022195850335745,0
73.78644849792083,24.005941425553875,0
73.7867362935889,23.975238526706196,1
73.78724299089,23.921056633055503,1
73.78727671732116,23.917444492870224,1
73.78778181397193,23.863262181213983,1
73.78781543379796,23.859650013187633,0
73.78815126611966,23.823528237348842,0
73.78818481277591,23.819916050211912,0
73.78853665151512,23.781987980495693,0
73.78872065584956,23.762120820049127,0
73.78893785680555,23.73864138103391,0
73.78898794032308,23.733223038562308,0
73.78903800892891,23.72780469219547,0
73.78910474387871,23.72058022431496,0
73.78912142347552,23.718774106263204,0
73.78977063702906,23.64833516506937,0
73.79000307480023,23.62304923110369,0
73.79003625377823,23.619436947921322,0
73.7901357511031,23.60860008802639,0
73.7901523282153,23.606793943201772,0
73.79016890367767,23.60498779794615,0
73.79030144799546,23.590538620387708,0
73.79031800861402,23.588732471254104,0
73.79048352413152,23.57067095623063,0
73.79050006661865,23.5688648023601,0
73.79059928694296,23.55802787009783,0
73.79063234720644,23.554415555900892,0
73.79066540088225,23.550803239982866,0
73.79068192525003,23.548997081378513,0
73.79076452239174,23.539966281904345,0
73.79081406092257,23.534547797058867,0
73.79084707838055,23.530935471678557,0
73.79091309354989,23.523710815758896,0
73.79096258765173,23.518292319305807,0
73.79097908239571,23.516486152961903,0
73.7910120669493,23.512873818984904,0
73.79109449955415,23.50384297652348,0
73.7911274610865,23.50023063653187,0
73.77639356928943,25.24660927441628,0
73.77729579072044,25.156321475046305,0
73.77731379078418,25.15451570751353,1
73.77760155553129,25.125623365487318,0
73.7786409804841,25.02088765648167,1
73.77885530676848,24.999218010061288,0
73.77894453592373,24.99018897158139,0
73.77931882686511,24.952266887116117,0
73.77997644111517,24.885451303616545,0
73.78004739329813,24.878227960475794,0
73.78006512704134,24.87642212356901,0
73.78010058936543,24.872810448409698,0
73.78015376994755,24.867392932306732,0
73.78045483422396,24.836693598169845,0
73.78052560068502,24.829470206609148,0
73.7810025556849,24.78071212618487,0
73.78139026119867,24.740983078801747,0
73.78146066402049,24.733759592402542,0
73.78149585515789,24.73014784652293,0
73.7819878124523,24.67958321672529,0
73.78200535756207,24.677777330620717,0
73.782250809722,24.652494878349785,0
73.78237341029627,24.63985361946275,0
73.78239091783693,24.638047723554358,0
73.7828978946497,24.58567654858646,0
73.78302005364472,24.573035174444833,0
73.78319442178504,24.55497603075171,0
73.78322927499164,24.551364196681817,0
73.78375125695166,24.497186472548957,0
73.78376863001407,24.495380541534576,0
73.78387283273479,24.484544946137984,0
73.78406371237192,24.464679646471883,0
73.78423706121391,24.446620236626746,0
73.78425438677331,24.444814293206882,0
73.78427171063771,24.44300834934432,0
73.7856521374016,24.298531408220363,0
73.78632117874287,24.228097876049567,0
73.78633829997577,24.226291879244904,0
73.78657782064938,24.20100787782559,0
73.78674870513574,24.18294782408931,0
73.78676578434415,24.181141816300382,0
73.78691942164947,24.16488772644608,0
73.78693648406636,24.163081714267843,0
73.78760061006066,24.092646897306132,0
73.78763459909584,24.089034837447624,0
73.78765159110189,24.08722880686172,0
73.78800803664406,24.04930206347927,0
73.78814363141278,24.034853729557216,0
73.78863426622694,23.982478284731137,1
73.7888874921794,23.955387393398286,0
73.78890436057219,23.953581330488,0
73.78892122729839,23.951775267141848,0
73.7889380923581,23.949969203359856,0
73.78932552901641,23.908429616139543,1
73.78969529689039,23.868695882483294,1
73.79001399456747,23.83438021591814,0
73.79009776275774,23.825349751289586,0
73.79011451141736,23.823543657061578,0
73.79014800375899,23.819931467303437,1
73.79018148946446,23.816319275809345,1
73.79029863718569,23.80367659191223,0
73.79033209303854,23.800064392608814,0
73.79041570365885,23.79103388676077,0
73.79043242081026,23.789227784290308,0
73.79046585014127,23.785615578048727,0
73.79048256232105,23.783809474277668,0
73.79054939447113,23.776585054858856,0
73.79056609836688,23.774778948920634,0
73.79058280060613,23.77297284254906,0
73.79061620011555,23.769360628505954,0
73.79066628695843,23.76394230419176,0
73.79073304623356,23.75671786570813,0
73.79079977902084,23.749493420294893,0
73.79083313548358,23.74588119499019,0
73.7908831577663,23.74046285378608,0
73.7909498309796,23.73323839278721,0
73.79096649514722,23.731432276455507,0
73.79099981852036,23.727820042493896,0
73.79106644542097,23.72059556937857,0
73.79108309801218,23.718789450018193,0
73.79114969184438,23.711564968251317,0
73.79118297884229,23.707952724773,0
73.79121625922913,23.70434047956504,0
73.79123289694365,23.702534356312505,0
73.79126616741542,23.698922108510455,0
73.79131606073136,23.69350373356532,0
73.7913326885326,23.69169760771916,0
73.79138256202565,23.686279227587683,0
73.79144903689505,23.679054714696374,0
73.79148226442243,23.675442455658594,0
73.79149887570962,23.673636325491767,0
73.79159850876846,23.662799535421232,0
73.79163170658501,23.659187268609934,0
73.7916980824183,23.65196272980688,0
73.79176443185725,23.64473818409791,0
73.79179759668084,23.641125908654224,0
73.79188047988326,23.632095212494793,0
73.79227774578213,23.58874772088032,0
73.79274002436814,23.538175333788438,0
73.79308588768338,23.50024582220114,0
73.77834294664065,25.250237202577694,0
73.77848738790071,25.23579122735716,0
73.77868581280651,25.215927964052163,0
73.77901005433633,25.18342432402952,0
73.77904604642445,25.17981279941508,0
73.77929779659165,25.15453207642905,0
73.78030139964224,25.053408298638132,1
73.78062283401444,25.02090392667234,1
73.78094370889919,24.988399408742875,0
73.7812995811438,24.952283106690974,0
73.7813173566612,24.950477286866175,0
73.7813351304561,24.948671466591826,0
73.78192070007995,24.889079145497984,0
73.78211547381642,24.869214929832175,0
73.78215086489037,24.865603248425703,0
73.78239841011369,24.840321428370004,0
73.78259267399162,24.820457079571398,0
73.78261032405426,24.818651226993374,0
73.78276909747802,24.80239853364447,0
73.78326217198882,24.75183436703213,0
73.78361354689494,24.71571689064207,0
73.78363109769569,24.71391101213407,0
73.78408681924905,24.66695801433172,0
73.78420931646042,24.65431677111905,0
73.78441911737045,24.632646017683083,0
73.78471591549304,24.601945673908922,0
73.78482055033886,24.591110227760858,0
73.78483798352612,24.589304318513037,0
73.78513408757753,24.5586037932904,0
73.78520368774333,24.551380121635116,0
73.78522108353819,24.549574202610934,0
73.78607139901025,24.461083626894705,0
73.78619254048982,24.448442029205527,0
73.7862098396448,24.44663608490747,0
73.78763978005759,24.296741167355748,0
73.78787983002448,24.271457387721572,0
73.78789696383136,24.269651400159216,0
73.78820508483206,24.237143548780566,0
73.788239286885,24.23353155649566,0
73.78858093796903,24.19741153693782,0
73.78888785010078,24.16490336911191,0
73.78890488484754,24.163097355618465,0
73.78900705813861,24.152261265444757,0
73.78905812216708,24.146843214436377,0
73.78909215647795,24.14323117823809,0
73.78912618408994,24.13961914028588,0
73.7891602050039,24.136007100579945,0
73.78921122381787,24.13058903773326,0
73.78926222756593,24.12517097094182,0
73.78929622169606,24.121558924223006,0
73.78943213128612,24.107110719822593,0
73.78944911245691,24.10530469230138,0
73.78955096436192,24.094468517977948,0
73.78960186774215,24.08905042490557,0
73.7896188321922,24.087244393005964,0
73.78970362937201,24.078214226942894,0
73.78977143703749,24.070990086215936,0
73.78982227524521,24.06557197607715,0
73.78987309842056,24.060153862001776,0
73.78994083927549,24.052929703778872,0
73.7899746996853,24.04931762204398,0
73.79002547778025,24.043899496162933,0
73.79005932149826,24.040287410056703,0
73.79007624085398,24.03848136634801,0
73.79011007455937,24.03486927761959,0
73.79017772194887,24.0276450949193,0
73.79019462962574,24.025839048151994,0
73.79022843997559,24.022226953306873,0
73.79027914299222,24.016808807763308,0
73.79038050400625,24.005972504885488,0
73.79041427767491,24.002360400433414,0
73.79044804467695,23.998748294235277,1
73.79049868268187,23.993330131664653,1
73.7905830460352,23.98429985198616,1
73.79061677971639,23.980687737060755,1
73.79071794079303,23.969851381816234,1
73.79085272900298,23.955402883738422,1
73.79086957004019,23.953596819517067,1
73.7908864094135,23.951790754859882,1
73.79090324712304,23.949984689766886,1
73.79097058132535,23.942760425037346,1
73.79105471165535,23.933730084322775,1
73.79110516989938,23.92831187466718,1
73.7911556131813,23.92289366109228,1
73.79120604150387,23.917475443598757,1
73.7912396520762,23.913863296426403,1
73.79125645486985,23.9120572221873,1
73.79129005547267,23.908445072403364,1
73.79130685328201,23.906638996858582,1
73.79132364943014,23.904832920878633,1
73.79134044391712,23.903026844463533,1
73.79142439143874,23.893996455861664,1
73.79147474002468,23.888578217480383,1
73.79155862113176,23.879547811480155,1
73.79162569614216,23.872323478853538,1
73.7916592236912,23.868711309931964,1
73.79169274460388,23.865099139271834,1
73.79174301353149,23.85968088002226,1
73.79179326753189,23.854262616862055,1
73.79191046883118,23.841619987617403,1
73.79192720524284,23.839813895988076,0
73.792511936174,23.77660041557432,0
73.79254528813394,23.772988200649397,0
73.79257863347901,23.769375983991306,0
73.79261197221004,23.76576376560023,0
73.79269529010644,23.75673321204213,0
73.79282851280001,23.742284303831106,0
73.79284515820167,23.740478188356583,0
73.79291172329029,23.733253722130392,0
73.79292836043344,23.73144760449195,0
73.7930447742022,23.71880476890842,0
73.79306139813703,23.716998647809024,0
73.7931444930544,23.707968035824987,0
73.79319433020298,23.702549663445833,0
73.7933271566828,23.688100651415436,0
73.79344329327947,23.675457743203363,0
73.7935593491106,23.66281481382736,0
73.79375811415952,23.641141171398065,0
73.79438597358403,23.57250756072304,0
73.79441895306591,23.568895248193737,0
73.79461669202539,23.54722133687091,0
73.79468255248551,23.53999668599794,0
73.79469901349832,23.53819052220465,0
73.79486353340502,23.52012886062756,0
73.78032850516283,25.250253615646148,0
73.7804366705699,25.23941912893993,0
73.78063481137926,25.219555860922693,0
73.78083274210276,25.199692538076153,0
73.78129974408493,25.15274264812168,0
73.78135355354499,25.147325333446428,0
73.78146112571018,25.13649069188807,0
73.78155072157469,25.127461811491955,0
73.78176557515981,25.105792452453198,1
73.78192655192721,25.089540390494744,0
73.78210525082507,25.071482500992854,1
73.78264031169734,25.017308561895486,1
73.78265812032447,25.015502756940435,1
73.78292504295207,24.988415628581038,0
73.78296060335325,24.984804003814173,0
73.78328033714511,24.952299299939266,0
73.78342226215304,24.937852718123008,0
73.7838296839433,24.89631863525294,0
73.78384737732748,24.89451280017538,0
73.78398886262295,24.88006610340159,0
73.7840595640967,24.872842744248384,0
73.78407723517736,24.87103690333885,0
73.78418322565251,24.86020184846527,0
73.78420088473123,24.85839600441716,0
73.78434209566174,24.843949235896652,0
73.78480027421713,24.7969970402212,0
73.78515193236531,24.760879760781297,0
73.78516949732887,24.75907389211475,0
73.78543276686575,24.731985808499672,0
73.78546784045187,24.728374056424467,0
73.78571316449734,24.70309174190073,0
73.786499444442,24.621826567566163,0
73.78651687819463,24.62002066455874,0
73.78663886687363,24.60737933104748,0
73.78665628703055,24.60557342448055,0
73.78717810219358,24.551396020739986,0
73.78719546973187,24.54959010039496,0
73.78733434900322,24.53514272165073,0
73.78740374796001,24.527919021625163,0
73.78742109346297,24.526113095509306,0
73.78813080153276,24.452069742986577,0
73.7883034698525,24.434010275753923,0
73.78918145350585,24.341906305133826,0
73.78923296310468,24.336488388739607,0
73.7892501296045,24.334682415725926,0
73.7896273669722,24.29495089787066,0
73.78993541060683,24.26244313374254,0
73.79000379085623,24.255219166788958,0
73.79003797090984,24.251607180672067,0
73.79015754823837,24.238965215405834,0
73.79019169809024,24.235353221371415,0
73.79020877050016,24.233547223694604,0
73.7902258412329,24.231741225578094,0
73.79027704336897,24.226323228590623,0
73.79029410739398,24.224517228715566,0
73.79037940237095,24.21548722274717,0
73.79041350862792,24.211875217283488,0
73.79051578717956,24.20103919034768,0
73.79054986662642,24.197427177854813,0
73.79060097323367,24.1920091558216,0
73.79063503593098,24.188397138937127,0
73.79072016337075,24.17936708904262,0
73.79083927147833,24.166725000755218,0
73.79087328730455,24.163112971580922,0
73.79089029270791,24.16130695633568,0
73.79117912867554,24.130604630066507,0
73.79190755898702,24.052945239711452,0
73.79200895521487,24.042108981396318,0
73.79241394051192,23.99876379085756,1
73.79286840355167,23.95000015103721,1
73.79497325323536,23.722432306443785,0
73.79498985346319,23.720626184905058,0
73.79500645204291,23.718820062933816,0
73.79518892767344,23.698952692711075,0
73.79538776472957,23.677279138278244,0
73.795553281242,23.659217795405826,0
73.79580124766092,23.632125700170395,0
73.79583428190837,23.628513413472223,0
73.79599935458161,23.610451954112392,0
73.79660869653189,23.543624179960478,0
73.7966251340825,23.54181801572622,0
73.7966415699949,23.540011851061976,0
73.78235006883853,25.246658505609457,0
73.78238606531343,25.243047007374443,0
73.78252998182697,25.22860099629991,0
73.78321207074292,25.159982047795207,0
73.7833016332057,25.150953190130735,0
73.78365945090036,25.114837646458767,0
73.78407008732292,25.073304547885932,0
73.78430178257238,25.049829212673377,1
73.78467544451837,25.01190735641088,1
73.78499512219825,24.97940275011928,0
73.78538508321125,24.939674700056877,0
73.78570352431679,24.907169770052473,0
73.78630350926933,24.84577117222677,0
73.78644439466403,24.83132436801665,0
73.78726988839009,24.746448814828405,0
73.78746254486511,24.726584181061632,0
73.78767248049824,24.70491360989014,0
73.78789963417805,24.681437085290337,0
73.78833566053771,24.636289710878142,0
73.78884012166176,24.583918407987237,0
73.78897903239006,24.569471086206846,0
73.78920453110582,24.545994127673147,0
73.78937779698437,24.52793487774137,0
73.79000015424094,24.462921210760673,0
73.79001741069519,24.461115267369024,0
73.79003466546175,24.45930932353457,0
73.79013815862525,24.44847365123026,0
73.79015540158086,24.446667704296843,0
73.79018988243162,24.44305580910222,0
73.79029328450784,24.432220112897742,0
73.79032773837739,24.428608210623377,0
73.79039662588777,24.42138440076654,0
73.79046548643213,24.41416058383353,0
73.79048269735557,24.41235462849482,0
73.79049990659418,24.410548672713976,0
73.79051711414803,24.408742716491012,0
73.7906031266499,24.399712928745426,0
73.79065471394087,24.394295050794344,0
73.79070628607771,24.388877168866276,0
73.7907406590847,24.385265245371798,0
73.79079220597099,24.379847356816928,0
73.79086091159188,24.37262349922693,0
73.79087808379052,24.370817533725397,0
73.79089525430672,24.3690115677823,0
73.79094675576188,24.363593667303892,0
73.79098108165513,24.359981731444265,0
73.79103255788182,24.354563824344282,0
73.79115261023063,24.341922025665326,0
73.79116975384235,24.340116052660623,0
73.79118689577345,24.338310079214775,0
73.79120403602403,24.336504105327815,0
73.79122117459417,24.33469813099977,0
73.79127258022307,24.329280205369344,0
73.79130684224212,24.325668252744073,0
73.7913753461235,24.31844434220246,0
73.79139246789514,24.316638363464897,0
73.79156359326876,24.2985785518486,0
73.79159779820142,24.29496658423777,0
73.79161489815068,24.293160599771568,0
73.79170037273035,24.284130670833726,0
73.79175163734864,24.278712708186447,0
73.79178580537527,24.275100730886773,0
73.79180288687324,24.27329474157656,0
73.79183704483899,24.269682761635526,0
73.79185412130698,24.267876771004744,0
73.79190534065269,24.26245879647168,0
73.79207596287205,24.244398852761066,0
73.79217825579252,24.23356286542201,0
73.79292656341123,24.154098474988043,0
73.79299443093367,24.14687439736014,0
73.79302835467757,24.143262355915322,0
73.79392490348097,24.047542619269226,0
73.79394177452507,24.04573657468949,0
73.79399237767552,24.04031843832809,0
73.79412724622807,24.025870055472662,0
73.79426200837561,24.011421644663777,0
73.7943125167591,24.006003483406328,0
73.79464885731576,23.969882307995743,1
73.79521911336646,23.908475909667548,1
73.79540319793345,23.8886090259953,1
73.79543664633812,23.884996859673574,1
73.79580414214966,23.84526291539211,1
73.79585419322639,23.83984463397274,0
73.79587087361435,23.83803853929791,0
73.79638714676068,23.78204938917105,0
73.79668619093017,23.749539368908408,0
73.79696813153163,23.718835332094272,0
73.79794294558472,23.612273294376937,0
73.79797589000805,23.608660995594203,0
73.79841999828847,23.559894793412873,0
73.79846926997257,23.554476307135182,0
73.79858417997131,23.54183315743379,0
73.79860058914241,23.54002699147071,0
73.79861699667804,23.538220825077712,0
73.78435354193539,25.244869112426105,0
73.78490974630581,25.188890630787323,0
73.78548215025738,25.131105935415874,0
73.78560712801338,25.118465471595158,0
73.78571418455249,25.107630770703516,1
73.786017174509,25.076932363248346,0
73.78649737130898,25.02817580112262,1
73.78655064912144,25.02275838505011,1
73.78674586879782,25.002894491440504,0
73.78686999130181,24.990253803509354,0
73.78697631507342,24.97941891059034,0
73.78711798401747,24.964972361508647,0
73.78734796197983,24.941496657881014,0
73.78747167630203,24.928855862933414,0
73.78766591496947,24.908991712124674,0
73.78771885320175,24.903574207021705,0
73.7884232257595,24.831340419934293,0
73.78880946610234,24.79161153151732,0
73.78882700287072,24.789805667807112,0
73.78919488145094,24.751882426612678,0
73.78954454410542,24.71576487087641,0
73.78956200938102,24.71395898840227,0
73.78959693483262,24.71034722211531,0
73.78968421871923,24.70131779859015,0
73.78980634479976,24.688676586921115,0
73.79022443121787,24.64533512395207,0
73.79025922764126,24.641723323788923,0
73.79031140955965,24.636305620204936,0
73.79032880014178,24.63449971811989,0
73.79036357622061,24.63088791261439,0
73.79050261274645,24.61644067279044,0
73.79055472348813,24.61102295051491,0
73.79057209034768,24.609217042200058,0
73.79060681898584,24.60560522423596,0
73.7906936109477,24.596575671542976,0
73.79071096426087,24.59476975967039,0
73.79078036058654,24.587546107734276,0
73.79079770543672,24.58574019363892,0
73.79083239006036,24.58212836411479,0
73.79088440430559,24.576710616495436,0
73.7909537329486,24.569486946782078,0
73.79100571167162,24.564069189832264,0
73.7911269361786,24.551427741404094,0
73.79116155653814,24.54781589499958,0
73.7911961701375,24.54420404681923,0
73.7912134744024,24.54239812206317,0
73.79123077697756,24.540592196863226,0
73.79129997038308,24.533368491625083,0
73.79136913676156,24.526144779286735,0
73.79145555673819,24.517115128881557,0
73.79147283566839,24.5153091974698,0
73.7915073884645,24.511697333315777,0
73.79159374091806,24.50266766517049,0
73.7916455321407,24.497249858963034,0
73.79168005118694,24.49363798594168,0
73.79171456348577,24.49002611114746,0
73.791749069038,24.48641423458057,0
73.79176631928442,24.484608295632437,0
73.79181805990613,24.47919047612958,0
73.79197319073816,24.462936993700655,0
73.79211097022478,24.4484894236532,0
73.79230024102978,24.428623968589196,0
73.79242058004644,24.41598228749821,0
73.79243776460444,24.414176331287837,0
73.79247212867392,24.410564417540765,0
73.79248930818562,24.408758460004105,0
73.79255800941453,24.401534625437208,0
73.79260951768042,24.39611674487147,0
73.79267817183258,24.388892897931026,0
73.79272964479864,24.383475008086958,0
73.79300391192993,24.354579528463145,0
73.79324354312014,24.329295891115375,0
73.79331194878019,24.322071978853,0
73.79332904600281,24.320265999685205,0
73.79334614154868,24.318460020076593,0
73.79358530319107,24.29317625928298,0
73.7939604653685,24.25344446078558,0
73.79413072590278,24.235384481977132,0
73.79416475794419,24.23177248093881,0
73.79419878329905,24.22816047814207,0
73.79465747156482,24.179398268382965,0
73.79516569860643,24.12521766009993,0
73.79528406912823,24.11257546140543,0
73.7956218212431,24.07645477549074,0
73.79567242667558,24.071036657506824,0
73.79587469881416,24.049364146214902,0
73.79592522946481,24.043946008556254,0
73.79595890826062,24.040333914598833,0
73.79597574516744,24.038527866964703,0
73.79614402292023,24.020467366597284,0
73.79636253590962,23.996988650842503,1
73.79644650473439,23.987958355914163,1
73.79648008065953,23.9843462348892,1
73.79694944782591,23.93377635744595,1
73.79698292438573,23.930164210272824,1
73.7969996601839,23.928358136033154,1
73.7974509017206,23.87959396707413,1
73.79786764436386,23.834441676220234,0
73.79813381865591,23.80554406767903,1
73.79828335632824,23.78928911408258,0
73.798299963391,23.787483005959988,0
73.79917778412148,23.691758655908416,0
73.79929337774543,23.679115726411286,0
73.8004285047614,23.554491433263227,0
73.8004448986234,23.552685269013402,0
73.80046129085193,23.550879104333514,0
73.80055960992539,23.540042107224078,0
73.80057599072228,23.538235939534392,0
73.80070697832875,23.523786582543874,0
73.78641076213253,25.23766243072047,0
73.78741228346507,25.13653951964829,0
73.78744795205387,25.13292796087409,0
73.78755491648523,25.122093273707616,0
73.78769743931183,25.107646998857255,1
73.78771524692,25.105841212468864,1
73.78773305280738,25.10403542562898,1
73.78856799051117,25.019162935314228,1
73.78872743954524,25.002910642757058,0
73.7889221331113,24.98304668012121,0
73.78893982224446,24.98124086263659,0
73.78899287936528,24.97582340748391,0
73.78906359821362,24.96860012765068,0
73.78922261545681,24.952347721723868,0
73.78962836323772,24.91081363011863,0
73.78983969877535,24.88914357500019,0
73.78985729896809,24.88733773415734,0
73.78992768266514,24.880114366300685,0
73.79001562387826,24.871085146389895,0
73.79006836812702,24.865667609063262,0
73.79012109702,24.86025006770233,0
73.79013866990579,24.858444219685627,0
73.79026163235099,24.84580327102161,0
73.79029674913156,24.842191567371067,0
73.79033185909299,24.83857986192878,0
73.7904020585619,24.831356445669726,0
73.79041960416853,24.82955059048543,0
73.79045469026983,24.82593887877355,0
73.79052484202755,24.818715449977383,0
73.7905949665313,24.811492014019304,0
73.79063001856508,24.807880293355044,0
73.79066506378798,24.804268570900888,0
73.7907526470532,24.79523925693603,0
73.79078766844476,24.791627528218815,0
73.79080517658787,24.789821663189308,0
73.79085769080773,24.78440406541755,0
73.79087519214491,24.78259819859929,0
73.79096267331477,24.773568857801557,0
73.79099765387726,24.76995711835324,0
73.79101514160776,24.768151247958635,0
73.79110255475726,24.75912188928213,0
73.7911549822484,24.75370426871431,0
73.79118992541157,24.750092519435377,0
73.79120739444419,24.748286644125873,0
73.79127725358416,24.741063138421467,0
73.79134708554444,24.733839625572042,0
73.79141689033194,24.72661610557916,0
73.79152154657929,24.71578081219932,0
73.79153898334627,24.71397492840743,0
73.791573851789,24.7103631594851,0
73.7916261417266,24.70494550275557,0
73.7916435683125,24.70313961628689,0
73.79169583789181,24.697721954204642,0
73.79173067579708,24.694110177253243,0
73.79178291993576,24.68869250848177,0
73.79180033125729,24.686886617999537,0
73.79185255504929,24.68146894387801,0
73.79186995958943,24.679663051612632,0
73.7920439117795,24.661604104447903,0
73.79206129767971,24.659798207280875,0
73.79220032391015,24.64535101391035,0
73.79223506353522,24.641739211114636,0
73.79228716027689,24.636321503582053,0
73.79230452247228,24.63451560018089,0
73.79232188297529,24.632709696334615,0
73.79237395433096,24.627291982125378,0
73.79239130806543,24.625486076498902,0
73.7924433591181,24.620068356949673,0
73.79291113386218,24.571308700896736,0
73.79292843519845,24.56950278148714,0
73.79294573484616,24.56769686163333,0
73.79320502700689,24.54060801053644,0
73.79399782450538,24.457534911511832,0
73.79444435243566,24.41058013668616,0
73.79446150390508,24.408774177837937,0
73.79458151718083,24.3961324535254,0
73.79459865522003,24.39432649114177,0
73.79476994332246,24.376266843009777,0
73.79482129704192,24.370848939958535,0
73.79487263566891,24.365431032933873,0
73.7951120164553,24.340147414301207,0
73.7951291025158,24.338341438232916,0
73.79514618690123,24.336535461723592,0
73.7951632696117,24.33472948477325,0
73.7953169386505,24.31847567237852,0
73.79713352562126,24.12523317246552,0
73.79715041308081,24.12342714408888,0
73.79716729887768,24.121621115274163,0
73.79767310013693,24.06744004725885,0
73.79772359807104,24.062021918800664,0
73.79794224993005,24.038543316687804,0
73.79804307166006,24.02770701388414,0
73.7981438337286,24.016870695358296,0
73.79846252026329,23.982555583032347,1
73.79847927668557,23.9807495201264,1
73.79859652531829,23.96810706757619,1
73.79913148756665,23.910312726908963,1
73.799148177884,23.908506646579898,1
73.79918155356721,23.904894484616626,1
73.80104007971138,23.70261064352069,0
73.80107308040554,23.698998382699735,0
73.80113906212824,23.691773855872704,0
73.80125446706583,23.679130917294074,0
73.80146857763728,23.65565111808829,0
73.80150149317262,23.652038834813546,0
73.8015673046088,23.644814263086886,0
73.80160020051122,23.641201974635386,0
73.80163308987095,23.637589684458725,0
73.8026494191703,23.525607834414114,0
73.80286172538531,23.502127559421982,0
73.80287804523346,23.500321381416633,0
73.78827075660487,25.250319001079312,0
73.78830658400354,25.246707496685097,0
73.78839612228629,25.23767872776646,0
73.78918220003693,25.158225073045934,0
73.78923567479751,25.1528077465053,0
73.78987616474848,25.087799510838973,0
73.7900004459128,25.07515895262732,0
73.7900181934996,25.073353156792706,0
73.79003593937043,25.071547360507072,0
73.79014237856593,25.06071257332318,0
73.79021330372395,25.053489372849903,1
73.79033735673607,25.040848754668556,1
73.79035507173808,25.0390429502687,1
73.79039049660051,25.035431340117313,1
73.79044362104192,25.030013921511458,1
73.79047902876928,25.026402306855328,1
73.79051442964419,25.022790690397635,1
73.79054982366746,25.019179072138577,1
73.79056751811004,25.0173732623336,1
73.79063827875567,25.010150018611252,1
73.79070901200716,25.00292676768617,0
73.79077971787154,24.995703509559917,0
73.79081506053575,24.992091877796835,0
73.79085039635581,24.988480244234044,0
73.79090338725503,24.983062790515834,0
73.79092104746697,24.981256971710117,0
73.79093870596853,24.979451152454622,0
73.79099167121204,24.974033691989693,0
73.79104462106605,24.96861622747761,0
73.79111519693728,24.96139293516706,0
73.79116811089396,24.95597546121417,0
73.79120337832065,24.95236380966501,0
73.7912386389128,24.948752156318278,0
73.7912738926713,24.94514050117418,0
73.79129151698821,24.94333467292818,0
73.79134437969083,24.93791718549466,0
73.79137961295359,24.934305524959615,0
73.79139722702362,24.932499694018375,0
73.79143245004148,24.92888803078852,0
73.79145005898953,24.927082198499978,0
73.79159086912735,24.91263552402786,0
73.79162605459729,24.9090238509208,0
73.79166123324316,24.905412176018523,0
73.79176672824515,24.894577140542292,0
73.79178430477683,24.892771299725975,0
73.79180187960348,24.890965458461075,0
73.7918721618619,24.883742088916108,0
73.79190729276372,24.88013040145274,0
73.79192485565815,24.878324557048426,0
73.79206529747279,24.86387778567391,0
73.79229328294599,24.840401721017358,0
73.79234585412426,24.83498415688409,0
73.79283578036707,24.784420030715825,0
73.79292312699845,24.775390685568887,0
73.79295805376425,24.771778944380976,0
73.79337664549188,24.728437910735646,0
73.79341148404012,24.72482614632196,0
73.79346372915036,24.719408496354184,0
73.79374211222013,24.690514295381732,0
73.79375949676738,24.688708404030283,0
73.79377687962179,24.686902512233022,0
73.79379426078347,24.68509661998997,0
73.79402006189525,24.661619980274725,0
73.79438421386811,24.623696018657782,0
73.7944015358515,24.621890110827646,0
73.79452274245241,24.60924874356085,0
73.79469575125654,24.59118960966561,0
73.79471304285629,24.589383693831028,0
73.79473033276906,24.587577777551992,0
73.79478219238662,24.582160026048395,0
73.79497221447564,24.562294902991383,0
73.79524824623857,24.53340008263121,0
73.79543776802306,24.513534827739544,0
73.79555826678774,24.500893273962028,0
73.79559267986865,24.4972813974646,0
73.7957302649383,24.48283387374912,0
73.79579901713251,24.475610101258678,0
73.79581620098006,24.473804157028766,0
73.79586774244198,24.468386321681905,0
73.7958849195694,24.466580375680657,0
73.79643370130371,24.40878986999243,0
73.79680999275485,24.369058634748217,0
73.79684416087353,24.36544669367318,0
73.79744101985355,24.302237439244383,0
73.79747506423996,24.298625465539548,0
73.79823929846042,24.217355591777004,0
73.79849329332605,24.190265436044612,0
73.79866241524,24.172205277348418,0
73.79869621966631,24.168593240343927,0
73.79888202515998,24.14872700546084,0
73.79903389830208,24.132472773828262,0
73.79905076479177,24.130666745900214,0
73.7991013542989,24.12524865948741,0
73.7997072637959,24.060231315215947,0
73.79974086244749,24.056619223911817,0
73.79994231526585,24.03494663937816,0
73.80017704236313,24.009661877929005,0
73.8002775404622,23.998825525403245,1
73.80039471303807,23.986183094272466,1
73.80041144536784,23.984377030937704,1
73.8011793482576,23.90129764653949,1
73.80124595753624,23.894073308716305,1
73.80242389300538,23.76584015615124,0
73.8024569544059,23.76222792301752,0
73.80255609925815,23.75139121322594,0
73.80257261766282,23.74958509341235,0
73.80311680614442,23.68998289692143,0
73.80321555802398,23.67914608335831,0
73.80323201094718,23.67733994625303,0
73.80334713563533,23.66469697442794,0
73.80347860865176,23.650247837875774,0
73.80352788407743,23.644829404550144,0
73.80356072619503,23.64121711350979,0
73.8036428029132,23.63218637836235,0
73.80382322804999,23.612318723102998,0
73.80383962054466,23.61051257003926,0
73.80385601140803,23.60870641654471,0
73.80395432233608,23.59786948653153,0
73.80442866466451,23.54549077301539,0
73.80467347683205,23.518398193082888,0
73.8046897846293,23.5165920176503,0
73.79025632378956,25.250335280726976,0
73.79029209251557,25.24672377368377,0
73.79038148416612,25.23769499814331,0
73.79039935732607,25.23588924167557,0
73.79041722876288,25.234083484754667,0
73.79043509847668,25.232277727380623,0
73.79052442120437,25.223248933714192,0
73.7905779941719,25.217831652078235,1
73.79066724801231,25.20880284029356,1
73.7907564588162,25.1997740171889,0
73.79079213109067,25.196162484778124,0
73.79084562659752,25.19074518276728,0
73.79093475137006,25.181716337031716,0
73.79095257116474,25.179910566527198,0
73.79097038923973,25.178104795570267,0
73.79114847543138,25.160047061123546,0
73.79118407204457,25.15643550880767,0
73.79120186777375,25.15462973197157,0
73.79164620289679,25.10948516420794,1
73.79166395399037,25.107679375625782,1
73.7916817033687,25.105873586592175,1
73.79169945103187,25.104067797107152,1
73.79177042453524,25.096844634653337,1
73.79180590099888,25.09323305071854,1
73.791841370605,25.08962146497874,0
73.79217799001223,25.055311310463267,0
73.79219568969583,25.053505508348316,1
73.7924963224763,25.022806803454465,1
73.79253165853645,25.019195182555936,1
73.79267293439067,25.004748680953576,1
73.79270823626202,25.0011370510519,0
73.79288464310923,24.9830788745467,0
73.79293753185847,24.977661412823558,0
73.79360612697161,24.909039880906146,0
73.79376411799177,24.89278731785606,0
73.79388690456658,24.88014641036415,0
73.79390443869902,24.878340564643032,0
73.79397455821614,24.87111717727527,0
73.79404465051815,24.86389378273542,0
73.79448211124559,24.81874740446649,0
73.79524946589154,24.739289099575444,0
73.79530166606155,24.733871456378857,0
73.79540602070026,24.723036157933752,0
73.7955971793429,24.703171402397732,0
73.79564927800274,24.697753732430172,0
73.79573607529184,24.688724273566578,0
73.79582283032921,24.67969480355857,0
73.79584017626766,24.6778889082199,0
73.79639435486271,24.62010002222505,0
73.79648078922314,24.611070467620117,0
73.79703297189032,24.55328105500799,0
73.7973772111517,24.517162441232685,0
73.79751471865217,24.502714946047256,0
73.79756625625635,24.497297128038706,0
73.79760060626492,24.493685247150516,0
73.79765211868855,24.48826742249497,0
73.7978923103292,24.46298418805892,0
73.79801228288609,24.45034253829919,0
73.79838880499416,24.410611497932422,0
73.79840590037873,24.408805536467504,0
73.79867919898565,24.379910092941795,0
73.79879863250633,24.367268300849098,0
73.79881568775203,24.36546232878447,0
73.79888389202438,24.358238436112764,0
73.79968329164807,24.273357168817864,0
73.8001239311479,24.226401156351,0
73.80022545745851,24.21556511127365,0
73.80096815640151,24.136100297858448,0
73.80190876838287,24.03496203601863,0
73.80224344458885,23.998840896053377,1
73.80234371869679,23.988004520026895,1
73.80259414420182,23.96091351128662,1
73.80262750624429,23.957301369378776,1
73.80272755282586,23.946464933199916,1
73.80294411701055,23.92298593436624,1
73.80299405384986,23.917567693419546,1
73.80347601345443,23.865191162476382,1
73.80395659152822,23.812814266219075,1
73.80412198821902,23.79475318291759,0
73.80481486591297,23.71889616008518,0
73.80517665061726,23.679161224603934,0
73.80530801274605,23.66471210533068,0
73.80563596132565,23.628589186340474,0
73.80628990371189,23.556342831310776,0
73.8065181687148,23.53105644441853,0
73.80653446117238,23.529250270702928,0
73.80661589909901,23.520219395680893,0
73.80666474236962,23.51480086551337,0
73.79275901507177,25.19798446584044,0
73.79377121979135,25.095054982291465,1
73.79408970703591,25.06255063005733,0
73.79444293209257,25.0264345118325,1
73.79446057540925,25.024628701191343,1
73.79453113160304,25.017405454124038,1
73.7945663994577,25.013793827889124,1
73.79498908145891,24.970454172680846,0
73.7955160537939,24.916279239566233,0
73.79553359315874,24.914473401501915,0
73.7957088932835,24.896414996178493,0
73.79572641394601,24.89460915317867,0
73.79574393290895,24.89280330973031,0
73.79586651807091,24.880162393034844,0
73.79623377428891,24.842239511169957,0
73.79639094073524,24.82598678704379,0
73.79640839519503,24.82418092656919,0
73.79644329902865,24.82056920427727,0
73.79656540905542,24.807928162159563,0
73.7965828465666,24.806122297210255,0
73.7966874360578,24.795287098121165,0
73.79755664628651,24.704993146817248,0
73.7976606676226,24.694157797678674,0
73.79814529759089,24.643592622910525,0
73.7982144225725,24.636368998014518,0
73.79833532645249,24.62372763731397,0
73.79843889269318,24.61289216793534,0
73.79845614784281,24.61108625481562,0
73.79868031169903,24.587609343802434,0
73.79878367608991,24.57677382107999,0
73.7988181174401,24.573161976618557,0
73.79895581562972,24.558714581008353,0
73.79899022337857,24.555102727665677,0
73.79962555590991,24.488283120750545,0
73.79971123560873,24.47925339759789,0
73.79972836652306,24.47744745163864,0
73.79974549576248,24.47564150523655,0
73.79983111683984,24.466611766584183,0
73.799985129309,24.45035820912193,0
73.80000223343755,24.448552256080074,0
73.80025859463852,24.42146290737201,0
73.80085530869438,24.358254040379222,0
73.80128028176746,24.313104518701966,0
73.80163645470023,24.275178707674705,0
73.80200880156818,24.235446697501683,0
73.80268373708732,24.163206134199324,0
73.80313781957608,24.114443357241864,0
73.80320498845687,24.107219214979672,0
73.80370791216475,24.053037924882585,0
73.80384177415428,24.038589514408557,0
73.80389194517672,24.033171353273353,0
73.80414257766931,24.006080488656856,0
73.80417596731293,24.002468365955387,0
73.80419265966312,24.00066230395023,0
73.80427609670197,23.99163198738132,1
73.80464273065404,23.95189846499392,1
73.80467602152018,23.948286316137562,1
73.8054564647818,23.86340031695956,1
73.80570477935204,23.836308838541424,0
73.80596924190677,23.807411153947047,1
73.80600227025498,23.803798935567013,0
73.80613431819123,23.78935004470958,0
73.80652983405143,23.74600320581,0
73.80674367888386,23.722523563993395,0
73.80684228345457,23.71168678158524,0
73.80831431581983,23.54913318151157,0
73.80834687810251,23.545520839669262,0
73.80839570935856,23.54010232368214,0
73.8086396467037,23.513009685743256,0
73.79454807841039,25.217864083766408,1
73.79518764091063,25.152856291337613,0
73.79557739182755,25.11312901864391,1
73.79642488631687,25.026450574697392,1
73.79649533340124,25.01922732416931,1
73.79660095290187,25.008392434872274,1
73.79718076451016,24.948800254282585,0
73.79735609931339,24.930741921115526,0
73.79737362344777,24.928936085328985,0
73.79767127389995,24.89823680828655,0
73.79770625934718,24.894625120109783,0
73.79781117496984,24.88379004481629,0
73.79793349935775,24.871149103240892,0
73.79795096748799,24.86934325265149,0
73.79816045285173,24.847673010629432,0
73.79819534335853,24.844061297354536,0
73.79828253998686,24.835032006330973,0
73.79857869197403,24.804332333150835,0
73.79890910694488,24.77002078075168,0
73.79955079713702,24.703203084390484,0
73.7996892374082,24.68875593460216,0
73.79994852237886,24.661667451875125,0
73.79996579457617,24.65986154946306,0
73.80031088527123,24.62374340773964,0
73.80048317846115,24.60568427014315,0
73.8005003985404,24.60387835393796,0
73.80063809872011,24.58943100829491,0
73.80065530368739,24.587625088089705,0
73.80079288300574,24.573177710454544,0
73.80094753139511,24.556924376640062,0
73.80134212707173,24.51538791580059,0
73.80142779149143,24.50635821935699,0
73.80147917005647,24.500940396172123,0
73.80151341406541,24.49732851183315,0
73.80154765138114,24.493716625721852,0
73.80156476752933,24.491910682001638,0
73.80158188200451,24.490104737838404,0
73.80159899480681,24.48829879323219,0
73.80192382034251,24.45398576157971,0
73.8022309934146,24.421478531609655,0
73.80263971649046,24.378135335551708,0
73.80280973440235,24.36007559546201,0
73.80282672703238,24.358269619026046,0
73.80320014376949,24.318538025862455,0
73.80352199227829,24.284224205588586,0
73.80355583617553,24.280612215261016,0
73.80466896292687,24.16141554806546,0
73.8047025814205,24.157803497996646,0
73.80478659871525,24.148773365153122,0
73.80500485028149,24.12529496849003,0
73.80622523775742,23.99345336794356,1
73.80682384370925,23.928434736079947,1
73.80745339859347,23.859803346138037,1
73.80770125607309,23.83271183531741,0
73.80781679694057,23.82006909685577,0
73.80811353427454,23.787559100398077,0
73.80826170449212,23.77130404952379,0
73.80865617894598,23.727957075778416,0
73.80908246698245,23.68099757318513,0
73.80934425124505,23.652099272657644,0
73.80986657173256,23.59430234046236,0
73.80996432177093,23.583465366574565,0
73.81001317489411,23.57804687382077,0
73.81009456433674,23.569016043959586,0
73.81017591325336,23.559985203345104,0
73.81019217817465,23.558179033932092,0
73.81020844147548,23.556372864089095,0
73.81022470315595,23.55456669381616,0
73.81025722165624,23.550954351980515,0
73.81032223921692,23.543729663150934,0
73.81037098538057,23.538311142016035,0
73.81041971696989,23.532892617013864,0
73.81043595759472,23.531086441153867,0
73.8105333673485,23.520249376973325,0
73.81054959664253,23.518443198106713,0
73.81059827481522,23.513024658930483,0
73.81061449763666,23.51121847834637,0
73.81071180059276,23.500381385827023,0
73.79647981377288,25.223297553154303,0
73.79649758526418,25.22149178910312,0
73.7966929585843,25.20162835465704,1
73.79715392659767,25.154678201056228,0
73.79717163304353,25.152872419813544,0
73.79720704080668,25.149260855972383,0
73.79736629114066,25.13300879632149,0
73.79773733725767,25.09508718155696,1
73.79847717339145,25.01924335536515,1
73.79910892948212,24.954233729418224,0
73.79912644683428,24.95242789815857,0
73.79930152701445,24.934369560857704,0
73.79972102753878,24.89102936819074,0
73.79973848554489,24.88922352122212,0
73.79975594185738,24.887417673805107,0
73.79996528554133,24.865747469835597,0
73.80001758337939,24.860329908759983,0
73.80003501260806,24.858524054172086,0
73.80024403142109,24.83685376418242,0
73.80034844952743,24.826018595010257,0
73.8006439705336,24.79531886154748,0
73.80066133892451,24.793512990847976,0
73.80090431921145,24.768230754121532,0
73.80099101776369,24.75920136263806,0
73.8016830899794,24.68696582906538,0
73.80185568735502,24.668906834200165,0
73.80192467924293,24.661683223781615,0
73.80197640551684,24.656265511291988,0
73.80204535036478,24.64904188840613,0
73.80206258237796,24.6472359815718,0
73.8020970413665,24.643624166567847,0
73.80211426834205,24.641818258398285,0
73.80238967168039,24.61292366717842,0
73.80240687012751,24.611117751446763,0
73.80251002559297,24.60028224772091,0
73.80263029735436,24.587640806484902,0
73.80271615547875,24.57861119227296,0
73.80280197172095,24.56958156695695,0
73.80297347861156,24.551522283025076,0
73.8031276917083,24.535268889541484,0
73.80314481813164,24.53346295471402,0
73.80321330709951,24.526239210968964,0
73.80323042516063,24.52443327392403,0
73.80355535073791,24.490120385848474,0
73.80372612198505,24.472060906833327,0
73.80403308969161,24.43955373306181,0
73.80456049040373,24.383568820199724,0
73.80491685313937,24.34564331555209,0
73.80520480045857,24.314941574110236,0
73.80540776851649,24.293269679961032,0
73.80547537144612,24.28604570115487,0
73.80549226803238,24.284239705352917,0
73.8056273810337,24.269791723095317,0
73.8063517973597,24.192133336415093,0
73.80640222388163,24.186715279134546,0
73.80643583329926,24.18310323875367,0
73.80653662189563,24.172267107082718,0
73.80680510081572,24.14337067878794,0
73.80714010542904,24.107249985693628,0
73.80725720124747,24.094607701741598,0
73.80779146891894,24.03681413081689,0
73.80797473440342,24.016947487495678,0
73.8080246813882,24.011529302878632,0
73.80814116685924,23.99888685683534,1
73.80974705520886,23.8236964798442,0
73.81001046592712,23.79479870539539,0
73.81005980894837,23.78938036033443,0
73.81010913729563,23.783962011374577,0
73.81019131860623,23.774931421112477,0
73.81020774997901,23.773125301760935,0
73.81024060783605,23.76951306175893,0
73.81032272396686,23.760482454178074,0
73.81033914230609,23.758676331363386,0
73.81042120957295,23.749645710798802,0
73.81043761814118,23.747839585387833,0
73.810519636562,23.738808951844106,0
73.81056882808186,23.73339056652769,0
73.81063439399246,23.726166046718678,0
73.8106999338717,23.718941519992544,0
73.8107490717019,23.713523120409565,0
73.81086366972436,23.70088017292552,0
73.81088003436734,23.6990740358426,0
73.81096183320217,23.690043343949444,0
73.81104359141258,23.681012641261027,0
73.81105993818082,23.679206499428197,0
73.81107628332467,23.67740035716371,0
73.8111743200813,23.666563494513394,0
73.8112396454439,23.65933891078328,0
73.81125597272607,23.65753276377225,0
73.81130494483378,23.652114320151142,0
73.8113539023354,23.64669587264856,0
73.81137021825724,23.644889722618604,0
73.8113865325566,23.64308357215748,0
73.81140284523354,23.641277421265205,0
73.81141915628818,23.63947126994181,0
73.81151698855304,23.628634352949337,0
73.81153328825428,23.626828198608802,0
73.81164734076587,23.614185106160885,0
73.81169619609928,23.60876663150734,0
73.81184267460121,23.592511184293784,0
73.81185894189075,23.590705021339783,0
73.81187520756073,23.588898857955375,0
73.81192399485437,23.583480365219977,0
73.812021525727,23.572643368131704,0
73.81213523810165,23.560000185290654,0
73.81215147625429,23.558194014593273,0
73.79832294888952,25.23775981295744,0
73.79842945853632,25.226925235704517,0
73.79844720415402,25.225119471243765,0
73.79866001812748,25.203450262398288,1
73.79915562688602,25.152888521721906,0
73.7991909762804,25.14927695525319,0
73.79950881375908,25.116772775724787,1
73.79977325641897,25.089685847719835,0
73.80026585784634,25.03912331064062,1
73.8004414638298,25.021065176085287,1
73.80047656463775,25.017453543771886,1
73.80061689993617,25.003006996516984,0
73.80073960419203,24.990366244049483,0
73.80075712658288,24.988560420469348,0
73.80096726295264,24.96689050243875,0
73.8012295900956,24.939803013901955,0
73.80124706501665,24.937997177739657,0
73.80156132406431,24.905492050061067,0
73.80168338784605,24.892851127817156,0
73.80185762094459,24.874792629356786,0
73.80267425452793,24.789917086692274,0
73.80346990872893,24.706846450475826,0
73.80355617848971,24.697816976603733,0
73.80372859206102,24.67975799543114,0
73.80388362076457,24.66350487428422,0
73.80390083778718,24.661698969707807,0
73.80424482612842,24.62558078470745,0
73.80436506369131,24.612939377916636,0
73.80451953428236,24.596686108604462,0
73.80453668931204,24.594880187569803,0
73.80457099435111,24.591268344167467,0
73.8045881443607,24.589462421799833,0
73.80493079332908,24.553343881182386,0
73.80517024984637,24.52806079711867,0
73.80518734135806,24.52625485921613,0
73.80557998556392,24.484718165126843,0
73.80564818145551,24.477494368319935,0
73.8059717478928,24.443181236775427,0
73.80602278237814,24.437763359300728,0
73.80612480641425,24.426927592412756,0
73.80636262961659,24.4016440744637,0
73.80648141902364,24.389002283020144,0
73.80649838229198,24.38719631104762,0
73.80665097695503,24.37094254343052,0
73.80688807911908,24.345658833876474,0
73.80737818522573,24.29328516067483,0
73.80756372307627,24.273419187755263,0
73.80759743571309,24.269807186958936,0
73.80796783805839,24.230075062115464,0
73.80825351021278,24.199372819994384,0
73.808270299596,24.197566801800637,0
73.80843810266285,24.179506595729073,0
73.80850517769605,24.172282501017474,0
73.8085219423312,24.1704764762432,0
73.8085387053173,24.168670451030422,0
73.80855546665445,24.166864425379167,0
73.80858898438234,24.163252372761324,0
73.80860574077326,24.161446345794786,0
73.80862249551564,24.159640318389872,0
73.80872298935628,24.148804144755896,0
73.8087732140296,24.143386052022862,0
73.80889034727561,24.130743820312553,0
73.80894052253409,24.125325714438382,0
73.80902411503628,24.116295529224278,0
73.80910766638878,24.107265333066458,0
73.80919117660432,24.098235125968046,0
73.80924126299318,24.092816996458826,0
73.80927464569562,24.089204907932192,0
73.8093080218202,24.08559281765607,0
73.80944146055641,24.071144439060735,0
73.80947480380398,24.067532340040195,0
73.80954147058107,24.06030813675447,0
73.8096081110728,24.053083926477242,0
73.80962476708943,24.051277872815696,0
73.80974131322624,24.03863548495468,0
73.80975795610708,24.03682942779909,0
73.80977459734639,24.035023370206865,0
73.8098577789238,24.025993075696967,0
73.80990766817855,24.020574893752933,0
73.80994091947854,24.016962770274795,0
73.80995754266786,24.015156707881168,0
73.81000740239448,24.00973851808234,0
73.81007385907047,24.002514258909663,0
73.81012368436139,23.997096059950348,1
73.8102066937285,23.98806571963008,1
73.81022329068517,23.98625965025804,1
73.81023988600316,23.98445358045006,1
73.81025647968255,23.98264751020618,1
73.81030625089028,23.977229296859306,1
73.81038917014092,23.968198932565326,1
73.81048861919957,23.957362481035272,1
73.8105548858293,23.950138171304246,1
73.81057144839481,23.948332092782852,1
73.81058800932375,23.946526013826045,1
73.81068734053521,23.935689530943133,1
73.81075352862429,23.928465200316268,1
73.81077007155767,23.92665911657167,1
73.81083622693858,23.919434777242504,1
73.81088582630689,23.914016518178027,1
73.81093541096331,23.908598255199223,1
73.81098498091055,23.903179988306775,1
73.81100150095806,23.90137389847304,1
73.81106756480958,23.89414953479089,1
73.81113360252431,23.88692516415438,1
73.81119961410865,23.87970078656514,1
73.81121611292262,23.877894691081654,1
73.8113150715243,23.86705810905884,1
73.81133155891183,23.865252010534952,1
73.81138101128316,23.85983371235794,0
73.81147987197404,23.84899710428214,0
73.81151281248825,23.845384898117825,0
73.81156221102843,23.8399665856167,0
73.81157867394727,23.83816048058184,0
73.81159513523566,23.836354375113135,0
73.81171031861025,23.82371162468616,0
73.81174321347753,23.820099406375142,0
73.81175965846694,23.81829329656922,0
73.81184185897578,23.809262741036335,0
73.81189115973407,23.80384440251494,0
73.81215384963751,23.774946531210603,0
73.81249799812673,23.737017906930287,0
73.81266162644799,23.71895659023059,0
73.81316784270706,23.662966233922173,0
73.81333080586515,23.64490474018917,0
73.8139810396491,23.572658334374747,0
73.81409456456782,23.560015142556985,0
73.81411077595172,23.558208970577354,0
73.81414319387422,23.554596625328394,0
73.80032604592576,25.235970186930764,0
73.8004500840593,25.223329832853793,0
73.8005032176338,25.217912531456843,1
73.80066252614283,25.20166060282112,1
73.80068021855229,25.199854830709814,0
73.8011219743667,25.154710380930798,1
73.80113962243526,25.15290459706261,0
73.80154505794727,25.111371443429324,1
73.80189687890967,25.075255463589606,0
73.80193202360839,25.071643855684382,0
73.80221293661323,25.042750927547687,1
73.80249341511652,25.01385788411272,1
73.80258097561246,25.004828784409867,1
73.80291331915491,24.970518102993683,0
73.80300067637579,24.961488949333717,0
73.80319271335054,24.941624771748565,0
73.80352393167003,24.90731379160335,0
73.80369801212782,24.88925531594902,0
73.80418453969877,24.838691345691633,0
73.80425393573843,24.8314678927083,0
73.80446196215999,24.8097974908015,0
73.80491185474511,24.76284473245748,0
73.8053433723816,24.71769756472103,0
73.80536061126317,24.715891672211175,0
73.80570503669702,24.679773728394746,0
73.80582542720362,24.667132405951918,0
73.80584261914682,24.665326500964408,0
73.80591137017234,24.658102876561887,0
73.8059629158598,24.652685153585562,0
73.8059972712808,24.649073336042463,0
73.80601444648043,24.647267426603328,0
73.8060316200063,24.64546151671916,0
73.80613462601809,24.634626048069947,0
73.80649467290374,24.59670178171624,0
73.80652892463912,24.59308993660207,0
73.80654604800087,24.591284013378534,0
73.80658028971294,24.5876721655987,0
73.80659740806348,24.585866241042456,0
73.80762145643662,24.47750995569119,0
73.80828387431447,24.40707751523753,0
73.80831777635642,24.403465577090515,0
73.8083347248879,24.401659607354453,0
73.80884240962313,24.34748031001196,0
73.8089268787345,24.3384503885233,0
73.80899442421696,24.331226443397984,0
73.80933175444717,24.295106612037486,0
73.80938229691883,24.28968862214189,0
73.8096011424091,24.266210620164127,0
73.80970205385577,24.255374594179795,0
73.80973567779438,24.251762582000946,0
73.80980290586115,24.24453855236833,0
73.80988690380845,24.23550850543915,0
73.80990369844746,24.233702494735113,0
73.80992049143654,24.23189648359173,0
73.80998764689579,24.224672434625273,0
73.81000443163684,24.222866421285552,0
73.8100715541091,24.21564236353499,0
73.81013865019914,24.208418298758943,0
73.81018895495728,24.203000245567395,0
73.8102392448819,24.197582188425592,0
73.81028951997574,24.19216412733421,0
73.81033978024156,24.18674606229392,0
73.81035653036888,24.184940039736414,0
73.81040677086831,24.179521969431967,0
73.81057413217061,24.161461706579164,0
73.81104186856685,24.11089273747389,0
73.81144176018232,24.067547633705004,0
73.81150831687746,24.060323425260172,0
73.8118573091455,24.02239621626696,0
73.81187390979954,24.020590153893544,0
73.8122055790568,23.984468814818907,1
73.81235461669233,23.968214155341432,1
73.81316372243093,23.879715946274633,1
73.8135092832568,23.841787822924097,0
73.81424735441084,23.760512628880587,0
73.81454166185304,23.728002305772907,0
73.8150147189045,23.675624268455405,0
73.81529139509288,23.644919732980945,0
73.81568120124156,23.60157194141385,0
73.81590815853738,23.576285615133244,0
73.8159243576689,23.574479445743513,0
73.81594055518707,23.572673275923677,0
73.81608626026684,23.556417728194614,0
73.80257664285269,25.208899776125886,1
73.80307075794546,25.158338000013067,0
73.80308838022773,25.156532215739098,1
73.80324690422128,25.140280136941993,0
73.80426520297073,25.0355436412298,1
73.80428270981083,25.033737826283637,1
73.80451014462486,25.010262191021774,1
73.80478967175839,24.981368997095352,0
73.80485948589329,24.974145680629032,0
73.80529521176004,24.92899978986045,0
73.80550398541449,24.907329662631334,0
73.80552137225514,24.905523815779603,0
73.80557352266005,24.900106272533524,0
73.80559090275636,24.89830042388795,0
73.80560828116687,24.896494574793977,0
73.80621546430336,24.833289574202926,0
73.80682058704191,24.77008402540018,0
73.80701034366871,24.750219311292632,0
73.80714822102449,24.735772212559432,0
73.80716544814995,24.73396632320964,0
73.80768148300871,24.679789435356373,0
73.80780167439542,24.667148103815755,0
73.80793893565219,24.652700841054106,0
73.8080418113962,24.64186537528943,0
73.80836718790519,24.607552961392102,0
73.80845271315157,24.598523352113695,0
73.80848691157225,24.594911505291872,0
73.80850400828061,24.593105581214548,0
73.80882852896868,24.55879293936553,0
73.8088797140858,24.553375139161258,0
73.8088967724603,24.55156920487238,0
73.80898203935344,24.542539526773254,0
73.80908430468448,24.531703898417096,0
73.80915244828486,24.524480137311098,0
73.80967965905505,24.468495748363463,0
73.80981545426569,24.454048095052308,0
73.81000199924334,24.434182525526882,0
73.810052840309,24.428764633644114,0
73.81006978401409,24.426958668799163,0
73.81022220275212,24.410704965308728,0
73.8102391298796,24.40889899604515,0
73.81027297916312,24.40528705619285,0
73.81028990131935,24.40348108560417,0
73.81032374066129,24.399869143101885,0
73.8103406578472,24.39806317118833,0
73.81035757337655,24.396257198833197,0
73.81037448724943,24.394451226036516,0
73.8104421261784,24.38722733043476,0
73.81050973861227,24.38000342777017,0
73.81052663758165,24.37819745100064,0
73.81057732455764,24.372779518044336,0
73.81059421690594,24.370973539509748,0
73.81064488402116,24.36555560125885,0
73.81066176975003,24.363749620959602,0
73.8106786538243,24.361943640219245,0
73.81071241700946,24.358331677415315,0
73.81079679602409,24.349301762687915,0
73.81088113369445,24.34027183693791,0
73.81089799626835,24.33846585046546,0
73.81091485718908,24.336659863552264,0
73.81093171645678,24.334853876198338,0
73.81096543003343,24.331241900168386,0
73.81108337549587,24.318599970184245,0
73.81110021823875,24.316793978424386,0
73.81120124000945,24.30595801861652,0
73.81121807119112,24.30415202377399,0
73.81126855482933,24.298734036604817,0
73.81131902360957,24.29331604547378,0
73.81133584323504,24.291510047549806,0
73.81136947753467,24.287898050381564,0
73.81138629220904,24.28609205113734,0
73.81140310523323,24.284286051453087,0
73.81147034083044,24.277062048316253,0
73.81148714560537,24.27525604643222,0
73.81153755003326,24.269838038140907,0
73.81158793961804,24.264420025891333,0
73.8116047328483,24.26261402092864,0
73.81165510264651,24.257196003402424,0
73.81168867426922,24.253583989520077,0
73.81183966499175,24.23732990529307,0
73.81185643350038,24.235523893737394,0
73.81187320036172,24.233717881742383,0
73.81209101970249,24.210239685839372,0
73.81212450567685,24.206627649114342,0
73.81250912146321,24.165089100633814,0
73.8125258241601,24.163283071524354,0
73.81367434748681,24.038666005776182,0
73.81403890390851,23.99893259086288,1
73.81418781262569,23.98267795119148,1
73.814204349872,23.980871877937464,1
73.8146667301502,23.930301649986184,1
73.81506203880001,23.88695546880051,1
73.81604621149164,23.77858892172204,0
73.81726821955411,23.643128546687528,0
73.81731691071714,23.637710081182362,0
73.81744668280572,23.623260820874552,0
73.81754394411054,23.612423857550926,0
73.81786772927184,23.5763005345446,0
73.81814244004337,23.545595574715232,0
73.81820701027189,23.53837086023428,0
73.81843280341468,23.513084305437065,0
73.80415534219655,25.250448491091568,0
73.80454390558258,25.21072161134342,1
73.80466736659794,25.198081194567443,0
73.8048259797195,25.18182919757023,0
73.80505484447501,25.1583540261403,1
73.8051427929295,25.149325093715287,0
73.80516037752571,25.147519305874976,0
73.80545905596043,25.116820843497063,1
73.80580981483078,25.080704838432183,0
73.80582733498069,25.078899033443733,0
73.80584485343677,25.07709322800449,0
73.80589739864313,25.07167580898222,0
73.80594992860891,25.06625838590367,0
73.80607243927672,25.053617716282986,1
73.80622983115137,25.037365394339073,1
73.80732774274774,24.923598120586764,0
73.80744931972241,24.91095720234816,0
73.80833260684345,24.818858420901048,0
73.80872952291907,24.777323295491016,0
73.80897068987676,24.752040929520827,0
73.80902232580401,24.746623268285074,0
73.8090395344315,24.744817380313837,0
73.8096407825613,24.68161102033786,0
73.80965793099331,24.67980511631593,0
73.80967507775517,24.67799921184859,0
73.809726508021,24.67258149577443,0
73.80984645353946,24.65994014268372,0
73.80996631727803,24.64729876778177,0
73.80998343399544,24.645492855301477,0
73.81000054904473,24.643686942376245,0
73.81001766242599,24.641881029006115,0
73.81010320431554,24.632851455482722,0
73.81013740939885,24.629239622959886,0
73.81018870452019,24.62382187084038,0
73.8102912497602,24.61298635459689,0
73.81034249988456,24.607568590474244,0
73.81035957992736,24.605762668211167,0
73.81039373501561,24.602150822351877,0
73.81041081006127,24.60034489875571,0
73.81044495515619,24.596733050230462,0
73.81046202520565,24.594927125301425,0
73.81047909358993,24.593121199928156,0
73.81049616030911,24.591315274110666,0
73.81051322536334,24.58950934784898,0
73.81053028875269,24.587703421143136,0
73.81058146893253,24.582285638360844,0
73.81059852566342,24.580479709878578,0
73.81068378435481,24.57145006080711,0
73.81070083110119,24.569644129660958,0
73.81080307664506,24.55880853346313,0
73.81085417696384,24.553390729373305,0
73.81087120707775,24.55158479378932,0
73.81088823552898,24.54977885776169,0
73.81090526231765,24.547972921290434,0
73.81092228744386,24.546166984375585,0
73.81095633270931,24.54255510921518,0
73.81104141678713,24.53352541355294,0
73.81105842861741,24.531719473090195,0
73.81112645932433,24.524495706805695,0
73.81114346284805,24.522689764126326,0
73.81119446345362,24.51727193342878,0
73.81121146033396,24.515465988976548,0
73.81122845555373,24.513660044081153,0
73.81129641982906,24.506436260068565,0
73.81136435754347,24.499212468967514,0
73.81138133782271,24.49740652008486,0
73.8113983164424,24.495600570759304,0
73.8114322687036,24.49198867077958,0
73.81148318465148,24.486570817488815,0
73.81150015331615,24.484764865506346,0
73.81153408566915,24.48115296021324,0
73.81156801138776,24.4775410531494,0
73.81165279666426,24.46851127774418,0
73.81170364793489,24.46309340719074,0
73.81172059504318,24.46128744945469,0
73.8117883669028,24.45406361408665,0
73.81180530572486,24.452257654138805,0
73.81183917839827,24.448645732916273,0
73.81187304444477,24.445033809924798,0
73.81202535966831,24.428780134577813,0
73.81204227530273,24.42697416844022,0
73.81221134061259,24.408914482761826,0
73.81234647373552,24.394466702416256,0
73.81259956313393,24.367377038121113,0
73.81261642254013,24.365571056971568,0
73.81263328029435,24.363765075380925,0
73.81320546175752,24.30236143902652,0
73.81337338760393,24.284301449088588,0
73.81344051181159,24.277077440792816,0
73.81359144494418,24.26082339639725,0
73.81362496753175,24.257211381694813,0
73.81380922411147,24.23734526940557,0
73.8139431038946,24.222897154350278,0
73.81399328168703,24.21747910395834,0
73.81444421651707,24.168716472697902,0
73.81522632500202,24.08383261180078,0
73.8154585944334,24.058547870692294,0
73.81550832476272,24.053129700741582,0
73.81554147014397,24.04951758525724,0
73.81562430500226,24.040487288904345,0
73.81564086707274,24.038681228323906,0
73.81565742750975,24.036875167306906,0
73.81567398631336,24.03506910585336,0
73.81569054348368,24.033263043963306,0
73.81583948453547,24.01700846731393,0
73.81600481952982,23.998947785148463,1
73.81612045695927,23.98630528168866,1
73.81628551469734,23.96824452541681,1
73.81649984615214,23.944765477148064,1
73.8165986755379,23.933928968519044,1
73.81664806825604,23.928510708330357,1
73.81689481220732,23.90141934867234,1
73.81696054879775,23.894194969576862,1
73.81782910582216,23.798471290809125,0
73.81789447240936,23.791246812790874,0
73.8180414524824,23.774991711916044,0
73.8180577755058,23.773185587431936,0
73.8182535255484,23.751512059868023,0
73.81872562681134,23.699134111196514,0
73.81919637006358,23.646755799380614,0
73.81927739561439,23.63772501930653,0
73.8193097945541,23.63411270426018,0
73.81935838087975,23.628694228459093,0
73.81945551003864,23.61785726522586,0
73.81981115446344,23.57812160077166,0
73.81989187415151,23.569090738900293,0
73.82014990711907,23.54019190869402,0
73.8061762224309,25.246853029182382,0
73.80645837222826,25.217960739334927,1
73.80654645479909,25.20893187499049,1
73.80682803368217,25.18003943308352,0
73.80714429062806,25.14753529759689,0
73.80747752156927,25.1132252180438,1
73.80808976862093,25.050022013641193,1
73.8082817615141,25.03015803540782,1
73.80847355014785,25.010294002712026,1
73.8084909753546,25.008488178858364,1
73.80850839887455,25.00668235455489,1
73.80852582070781,25.004876529801635,1
73.80909979567915,24.945284060772764,0
73.80932540359248,24.921808105352696,0
73.80949875474163,24.903749626509732,0
73.8095160806117,24.901943776158838,0
73.8096373146558,24.889302811149452,0
73.81000052310372,24.851379784382814,0
73.81001780028429,24.849573921038957,0
73.81005234961351,24.845962193008273,0
73.8101214281472,24.83873873157569,0
73.81015595735339,24.835126998174186,0
73.8101732194417,24.833321130802208,0
73.81024225103214,24.82609765684009,0
73.81029400712704,24.820680046671256,0
73.81031125580725,24.818874175720396,0
73.81039747407748,24.80984481425781,0
73.8104147127061,24.80803894062381,0
73.81044918493878,24.804427192014515,0
73.81051810930882,24.797203689431473,0
73.81056978500631,24.79178605780105,0
73.81058700689081,24.789980179697107,0
73.81065587769153,24.782756662813004,0
73.81075913369263,24.771921374084496,0
73.81079353897641,24.768309607601818,0
73.81082793756997,24.76469783933288,0
73.81084513435817,24.762891954528623,0
73.81093109321785,24.75386252381046,0
73.81096546505904,24.75025074839844,0
73.81099983021427,24.746638971201143,0
73.8110170102849,24.74483308193307,0
73.81105136541275,24.74122130205822,0
73.81112005561776,24.73399773695435,0
73.81122304081121,24.723162375916058,0
73.81129166420736,24.715938792971166,0
73.81134311422457,24.71052110108095,0
73.81137740589004,24.70690930425853,0
73.8114631058489,24.697879804402625,0
73.81149737415274,24.69426800134084,0
73.81153163578374,24.690656196496825,0
73.81160013903053,24.683432581462863,0
73.81163438064804,24.679820771273317,0
73.81166861559608,24.676208959302322,0
73.8117199555147,24.67079123800605,0
73.81182259035013,24.65995578339271,0
73.8118396903237,24.658149872732526,0
73.81189098024815,24.652732138081664,0
73.81194225518054,24.647314399425873,0
73.81199351512369,24.641896656765805,0
73.81202768009317,24.638284826101494,0
73.81207891506054,24.632867076769127,0
73.81211306338213,24.629255241657226,0
73.81236896363859,24.602166421635847,0
73.81245418056433,24.593136792742804,0
73.81248825569766,24.589524938076153,0
73.81277762598451,24.558824101702584,0
73.81281163799144,24.555212230166966,0
73.81284564335787,24.55160035685671,0
73.81286264355117,24.549794419536145,0
73.81289663895843,24.54618254356429,0
73.81315139297168,24.51909341723802,0
73.81316836330438,24.517287471936687,0
73.81340577392714,24.492004191199314,0
73.81345660538226,24.48658633403343,0
73.81391341807031,24.43782544031882,0
73.81416668195905,24.410735915644384,0
73.8145206270999,24.37281041416429,0
73.81484023629277,24.338496697560164,0
73.81487384475226,24.334884718133978,0
73.81489064651073,24.33307872775992,0
73.8150250012821,24.318630788907623,0
73.8151592506746,24.304182821869073,0
73.81520956703953,24.29876482696546,0
73.81529339474085,24.28973482665705,0
73.81539393370177,24.27889881176687,0
73.81554463116072,24.262644759742624,0
73.8155781014053,24.25903274334504,0
73.81564502217732,24.251808705275025,0
73.81566174826318,24.250002694658736,0
73.81576207028637,24.23916662173322,0
73.816629053989,24.145253327808003,0
73.81730951613231,24.07120547235678,0
73.81755777964054,24.044114609909887,0
73.81760738829217,24.038696425629503,0
73.81793773768885,24.00257509672507,0
73.81800372936172,23.99535081000859,1
73.81803671542757,23.991738664034706,1
73.81806969498076,23.988126516317337,1
73.81810266802212,23.984514366856676,1
73.81823449508505,23.970065751585178,1
73.81841558728976,23.950198860072458,1
73.81843204046031,23.94839277641359,1
73.81869507015392,23.91949537869253,1
73.81882642905585,23.90504663807871,1
73.8198572538416,23.79126183466484,0
73.81987356432691,23.78945571279932,0
73.8200528729646,23.76958834370369,0
73.82013431224617,23.760557704075094,0
73.82016687665013,23.756945445195058,0
73.82114080798658,23.648576875108144,0
73.82162559973212,23.59439200779937,0
73.82191578064555,23.561880901486195,0
73.82218936300471,23.531175839870205,0
73.82235007736915,23.51311398094381,0
73.82236613999285,23.511307792690513,0
73.80847860671525,25.214365208346905,1
73.80860168172015,25.20172477963308,1
73.80890023232952,25.17102650334791,0
73.80898794815161,25.161997573695388,1
73.80912820542558,25.147551262757286,1
73.80949586559586,25.109629559052355,1
73.80953084196305,25.10601795784375,1
73.80965320602405,25.09337733940579,1
73.80967067984702,25.091571534967937,1
73.81000236170263,25.057261165007404,0
73.81003724014415,25.053649537654927,0
73.81005467683481,25.051843723303097,0
73.81012440673268,25.04462046139247,0
73.8102115311674,25.035591373873515,1
73.8102637856,25.03017391596029,1
73.81028120037348,25.02836809575572,1
73.81031602486499,25.024756453996474,1
73.8103682489653,25.01933898798272,1
73.81038565362931,25.017533165078262,0
73.81040305660879,25.015727341723913,0
73.81049004624195,25.006698218204573,0
73.81050743911649,25.004892392151355,0
73.81052483030726,25.00308656564841,0
73.81062914209853,24.992251597187888,0
73.8106638992303,24.98863993743767,0
73.81071602230713,24.983222444441115,0
73.81080286045359,24.974193280458493,0
73.81085494315724,24.968775776676985,0
73.81088965655137,24.965164105243066,0
73.81095906316357,24.95794075698514,0
73.81101110047204,24.952523241076136,0
73.81104578360758,24.94891156155832,0
73.81109779570781,24.943494038914377,0
73.81113246204052,24.9398823549072,0
73.81116712165361,24.936270669104644,0
73.81118444894057,24.934464825530146,0
73.8112537412936,24.92724144674463,0
73.81140955086782,24.910988818231857,0
73.81142685465035,24.9091829683767,0
73.81147875592988,24.903765416120713,0
73.81153064210953,24.898347859829475,0
73.8115652245086,24.89473615339382,0
73.81161708552824,24.889318590378597,0
73.81163436918084,24.88751273514383,0
73.81165165115662,24.885706879460905,0
73.81172076229393,24.878483452248297,0
73.81173803588733,24.87667759432503,0
73.81182437871408,24.867648297989252,0
73.81184164225213,24.86584243737837,0
73.8118934228136,24.860424852858735,0
73.81203143060996,24.845977941105982,0
73.81213486613179,24.835142738492326,0
73.8138840699432,24.650941833907414,0
73.81391819474855,24.647330005106447,0
73.81405462747017,24.632882672109197,0
73.81408871902985,24.62927083441253,0
73.81439524406981,24.59676421513166,0
73.81446328769407,24.589540502408582,0
73.81448029445151,24.587734573117515,0
73.8144972995497,24.585928643382385,0
73.81492188805575,24.54078025575363,0
73.8150575376378,24.52633271316155,0
73.81514226481309,24.517302984635727,0
73.8151592052822,24.51549703760115,0
73.8161389240416,24.410751352288738,0
73.8164418457916,24.378243768329703,0
73.81645865912374,24.376437787250385,0
73.81662670187187,24.35837795219692,0
73.81686168520277,24.333094109052674,0
73.81699581664638,24.318646159909637,0
73.81701257567862,24.316840164284805,0
73.81718007561413,24.2987801838214,0
73.81736413581751,24.27891415448102,0
73.81744773387598,24.26988412354943,0
73.8176815902217,24.24459997847069,0
73.81779839786547,24.231957873634684,0
73.81851417003108,24.154298757849727,0
73.81856399474823,24.148880649752297,0
73.81886263427853,24.116371918404596,0
73.8194748441058,24.049547970009442,0
73.81949135934966,24.047741909048145,0
73.81988723686237,24.004396315049316,0
73.81990371142213,24.0025902431801,0
73.81993665566357,23.99897809813373,1
73.81995312534545,23.997172024956633,1
73.81996959340158,23.995365951343615,1
73.8200354493705,23.988141652532914,1
73.82102017199361,23.879776334564806,1
73.8211346761681,23.8671336121937,1
73.8212164163049,23.858103083190997,0
73.82139610223234,23.83823588120033,0
73.8215103459439,23.82559308897262,0
73.82160820608846,23.814756393013017,0
73.82219414623201,23.749735889827445,0
73.82229159966757,23.738899084776392,0
73.82335976305868,23.61969320329741,0
73.82337589351086,23.61788703913406,0
73.82345652169879,23.60885621185906,0
73.8238590611905,23.563701914126526,0
73.82389122107362,23.56008955869754,0
73.82419642049699,23.525772096412705,0
73.82437285085048,23.50590402108952,0
73.81011208999092,25.25049660954515,0
73.81014727197807,25.246885076250756,0
73.81016486042832,25.245079308924154,0
73.81027035552977,25.234244695454393,0
73.81042848379307,25.217992744690047,0
73.81044604512978,25.216186970119853,0
73.81049871897831,25.210769643694263,0
73.810516273541,25.208963867314143,0
73.81056892707014,25.203546535459335,0
73.81058647486057,25.201740757269665,0
73.81060402095821,25.19993497862767,0
73.81063910807553,25.196323419986793,0
73.81070926200152,25.189100297278173,0
73.81079691633916,25.180071383719035,0
73.81086700936193,25.17284824473491,0
73.81098960705066,25.1602077341139,1
73.81114711095518,25.143955616503344,0
73.8111820932377,25.1403440298444,0
73.81125203753454,25.133120851108615,0
73.81140931342682,25.116868672548026,0
73.81144424505787,25.113257072348606,0
73.81146170834216,25.11145127157217,0
73.81147916993909,25.10964547034462,0
73.81149662984878,25.10783966866597,0
73.81153154460688,25.104228063955482,0
73.81158390409242,25.098810653507154,0
73.81165369312801,25.091587433262852,0
73.81167113617124,25.089781627074586,0
73.81181061982839,25.07533516134066,0
73.81184547388867,25.071723540400345,0
73.81259320740652,24.994073254561826,0
73.81276665332089,24.976014929353195,0
73.81292261106444,24.95976239824959,0
73.81306112604373,24.945315673397218,0
73.81323411880548,24.927257226933452,0
73.81349329366401,24.900169473124915,0
73.81361411295316,24.887528486825257,0
73.81370036222302,24.878499197453248,0
73.81376933151572,24.87127575789178,0
73.81380380612335,24.86766403542363,0
73.81413098128557,24.83335258266013,0
73.81440602935415,24.804458602429943,0
73.81449189422668,24.795429210136735,0
73.81452622849486,24.791817450091255,0
73.81454339312634,24.79001156939829,0
73.81456055608956,24.788205688258532,0
73.81474923860972,24.768340966240352,0
73.81476638156201,24.76653507974107,0
73.8147835228474,24.764729192795333,0
73.81541657955012,24.697911062159836,0
73.81572372962566,24.665404723936383,0
73.81597927690188,24.638315998583607,0
73.8161154160941,24.6238686374756,0
73.81637039101766,24.596779758727155,0
73.81645529979117,24.58775011026572,0
73.81660803123388,24.5714967150631,0
73.81662499311508,24.569690780043427,0
73.81696388323549,24.53357198648751,0
73.81701465969242,24.528154152155697,0
73.81762281754142,24.46313982922558,0
73.81782506158476,24.44146826080154,0
73.8179260945996,24.430632452717234,0
73.81794292766874,24.428826483156456,0
73.8181111677732,24.410766763250674,0
73.81826244310453,24.394512977577286,0
73.81838000955013,24.38187111955731,0
73.81851427252442,24.36742325534807,0
73.81879923209378,24.33672145020435,0
73.81894990088495,24.32046750180695,0
73.81900009427049,24.315049511080357,0
73.81918401035846,24.29518351118569,0
73.81935103462563,24.277123465078954,0
73.81945117052082,24.266287416304554,0
73.82008399597484,24.1976587401036,0
73.8201836999206,24.186822575395844,0
73.82058192781555,24.143477758753022,0
73.82068133792664,24.132641515166423,0
73.82073102096783,24.127223387462962,0
73.82106186640712,24.09110243547072,0
73.82109491511576,24.087490330650066,0
73.82195189808087,23.993574992160767,1
73.82203406880899,23.984544608990383,1
73.82205049808715,23.982738531049097,1
73.8222639311148,23.959259478174943,1
73.82270634003164,23.910495056411264,1
73.82313124842584,23.86353642485093,1
73.82335959275109,23.83825088630588,0
73.82353878417004,23.81838361781801,0
73.82417252721888,23.74794469814121,0
73.82430222304073,23.733495607638854,0
73.8247715077591,23.681117422797584,0
73.82541658159674,23.608871055339204,0
73.82546485873844,23.60345254999721,0
73.82589870470187,23.554685827711637,0
73.8259468378223,23.549267283669494,0
73.82617126885555,23.523980693697396,0
73.82620330486904,23.520368316832208,0
73.81241354211755,25.218008707398255,0
73.81264132689483,25.19453358579951,0
73.81318335416229,25.138554141382553,0
73.81323572236795,25.13313675275864,0
73.81339273596139,25.116884562515416,0
73.81342760933478,25.113272959720273,0
73.81347990676028,25.107855552144315,0
73.81349733586666,25.10604974871689,0
73.81365412204752,25.0897974975776,0
73.81374116656292,25.080768453388046,0
73.8143493010373,25.017564828761408,0
73.814488014261,25.003118208582677,0
73.81450534586155,25.001312379036758,0
73.81476511857485,24.974224881909144,0
73.81481702784455,24.96880737035155,0
73.81483432758225,24.967001532267318,0
73.81497266515973,24.952554811426428,0
73.81500723280135,24.94894312672625,0
73.81512816679489,24.936302216136603,0
73.81514543638242,24.934496369971548,0
73.81519723510151,24.929078828784263,0
73.81540427937621,24.907408623664946,0
73.8155938583995,24.887544212256447,0
73.81562830558282,24.883932495265405,0
73.81564552666794,24.882126636097844,0
73.81567996382556,24.87851491641875,0
73.8158692487614,24.858650426160704,0
73.81604115067304,24.840591751646212,0
73.81635015373546,24.80808602478294,0
73.81727392563013,24.710567975806473,0
73.81729098679271,24.708762073742733,0
73.81734216031647,24.703344364877736,0
73.81759780383514,24.676255760413653,0
73.81814192966944,24.618466402868094,0
73.81824376443359,24.607630847640458,0
73.8184133566622,24.589571553388847,0
73.81849809075158,24.58054188961066,0
73.81895494093683,24.531781513522315,0
73.81897183819453,24.529975567458948,0
73.81900562775886,24.5263636740026,0
73.81912383925865,24.513722032947218,0
73.8192588391502,24.499274416591046,0
73.81927570671672,24.49746846255372,0
73.81932629952559,24.492050597785276,0
73.81944429173029,24.47940889783264,0
73.81946114116873,24.477602938926292,0
73.81949483510361,24.473991019786162,0
73.81951167960021,24.472185059552416,0
73.81954536365231,24.46857313775771,0
73.81983141220931,24.437871731080584,0
73.81993225698461,24.427035909988213,0
73.82006662459716,24.412588123792062,0
73.8201673312695,24.40175226559717,0
73.82030151482549,24.38730442995048,0
73.82080376751797,24.33312479486705,0
73.82102095204552,24.30964682983747,0
73.82117114840645,24.293392810466692,0
73.82125453353274,24.284362784305554,0
73.8213712039838,24.271720729207775,0
73.82145449094779,24.262690676662043,0
73.821554381345,24.25185459910291,0
73.82168747700965,24.237406471086313,0
73.82182046811442,24.2229583149621,0
73.82206954479543,24.195867946514937,0
73.82256659729495,24.14168691364574,0
73.82269889700191,24.127238571632034,0
73.82386849830075,23.999008310337256,1
73.82468725721128,23.90870399038788,1
73.82530681225602,23.840071980393553,0
73.82564819914053,23.80214349561144,0
73.82629649688013,23.729898234490744,0
73.82636118524856,23.72267367032726,0
73.82639351980052,23.719061385653433,0
73.82640968466877,23.717255242668596,0
73.82642584793201,23.715449099251842,0
73.82713544402999,23.635978361700786,0
73.82745696281076,23.599855023352557,0
73.82755329371237,23.58901798827836,0
73.82761748235015,23.58179328962639,0
73.82792202938506,23.547475877101064,0
73.82816205427396,23.520383073465755,0
73.81408326367063,25.250528555087715,0
73.81411832830734,25.246917016595187,0
73.8141533861846,25.24330547629124,0
73.81424100131068,25.23427661760769,0
73.81467844379797,25.189132154492967,0
73.81541097529632,25.113288820571327,0
73.81542838033127,25.11148301720143,0
73.81544578368448,25.109677213380497,0
73.81648691140347,25.001328159627647,0
73.81650421237542,24.999522328338763,0
73.81660798303487,24.988687331165924,0
73.81683261270547,24.96521144846464,0
73.81731547045459,24.914647751097906,0
73.81815732241985,24.826160435123633,0
73.81868785747842,24.77017810907956,0
73.8188586570524,24.75211920267038,0
73.81892693038245,24.744895627611747,0
73.81909749751769,24.726836658741522,0
73.81919975815941,24.716001256016725,0
73.81999873612224,24.631123379960286,0
73.82006656544088,24.623899685553795,0
73.82037147016854,24.591392972745307,0
73.82038839362839,24.589587040036513,0
73.82040531543717,24.58778110688374,0
73.82043915410196,24.584169239246314,0
73.8204898997188,24.578751434460898,0
73.82111454187338,24.51193151387398,0
73.82151850952339,24.468588538383326,0
73.82165295488909,24.454140823251237,0
73.82166975316389,24.452334856869864,0
73.82168654979552,24.45052889004639,0
73.82170334478405,24.44872292278083,0
73.82180408021621,24.437887109905137,0
73.82185442575896,24.432469197501177,0
73.8221394380998,24.401767618786522,0
73.8221561887639,24.39996163959411,0
73.82220643091537,24.394543699368633,0
73.82223991748336,24.390931737011698,0
73.82244069918576,24.36925992581092,0
73.8228415549515,24.32591611295518,0
73.82314157828748,24.293408086835257,0
73.82317488151939,24.289796075131985,0
73.82319153068434,24.28799006862053,0
73.82335793248807,24.26992997931861,0
73.82354078588214,24.25006383031414,0
73.82359062071758,24.244645780449414,0
73.82369024634276,24.233809668860975,0
73.82377322284869,24.22477956379523,0
73.82413783544347,24.18504697117345,0
73.8246832771869,24.125447684456706,0
73.8249141419607,24.100162994556012,0
73.8250294550145,24.08752061746397,0
73.82506238699602,24.083908505789406,0
73.82552275367689,24.033338758889595,0
73.82560482832947,24.02430841093143,0
73.82581803301834,24.0008294552141,0
73.82606369869636,23.973738260936198,1
73.82642335059988,23.934004332111282,1
73.8273028224632,23.836474705805667,0
73.82757872157993,23.805770672718683,0
73.82806446963953,23.75158677963882,0
73.82854877392138,23.697402497427312,0
73.82924043087037,23.619737682359446,0
73.82940085781433,23.60167598330063,0
73.82949703736125,23.590838943211534,0
73.82972123296616,23.56555245613243,0
73.8300090253731,23.53304113470325,0
73.8300729091543,23.525816377714207,0
73.83012080527331,23.52039780546597,0
73.83013676746266,23.51859161385831,0
73.83015272806036,23.516785421821574,0
73.83018464448112,23.513173036460977,0
73.81664558902163,25.19095382842997,0
73.817429093081,25.10969304512393,0
73.81794953985846,25.055518682093876,0
73.81815729616268,25.033848823380303,1
73.81860660797334,24.986897240606584,0
73.81920966681372,24.923692707284864,0
73.81926126244426,24.91827515027889,0
73.81929565119387,24.91466344336614,0
73.81989637553808,24.851458282251908,0
73.82013609443578,24.826176064252092,0
73.82049506207595,24.78825257293953,0
73.82185586054757,24.643780327312836,0
73.82207599060072,24.62030331825177,0
73.82234653710498,24.59140843478086,0
73.82236343224564,24.589602500789088,0
73.82246476847891,24.578766887516366,0
73.82293688696875,24.52820048107964,0
73.82335733160237,24.483051610326335,0
73.82340771595454,24.4776337272436,0
73.82344129731308,24.474021802976317,0
73.82349165703856,24.468603913257674,0
73.82379350527025,24.436096491375466,0
73.82386051049527,24.42887260039964,0
73.82396096916173,24.4180367506839,0
73.82399444227488,24.414424797245587,0
73.8241617095601,24.396365003564892,0
73.824178427282,24.394559021769243,0
73.8242619913363,24.38552910617234,0
73.82431211012835,24.380111151520143,0
73.82467919812251,24.340379362817163,0
73.82479583293627,24.32773738532136,0
73.82512863436989,24.291617330751475,0
73.82514525730578,24.289811323402787,0
73.82516187861043,24.288005315614267,0
73.82532800196145,24.269945213543647,0
73.82554371863054,24.246467015141228,0
73.82565975973003,24.23382487755911,0
73.82570946720648,24.228406812008927,0
73.82577572105322,24.22118271846298,0
73.82615617556961,24.17964404434863,0
73.82681578874698,24.107402319882276,0
73.8269638440457,24.09114783539355,0
73.82712819602416,24.073087255550632,0
73.82714462231517,24.07128119516335,0
73.82727597436667,24.056832696342155,0
73.8275711378957,24.024323471848295,0
73.82760390150416,24.020711327067676,0
73.82763665864772,24.017099180542644,0
73.8278003474197,23.99903842175836,1
73.82791483345972,23.98639586467773,1
73.8280292403973,23.9737532862515,1
73.82807824773539,23.96833503182232,1
73.82817621885403,23.9574985112096,1
73.82843719138533,23.92860104632493,1
73.82925007398235,23.838295751584774,0
73.82942836883623,23.818428441174678,0
73.8300105220105,23.753407786189083,1
73.83002666328107,23.751601648879785,1
73.83004280295015,23.74979551113815,0
73.83010734561323,23.74257095584878,0
73.83018798791977,23.733540252012588,0
73.83020411157909,23.73173410994901,0
73.83026859021294,23.724509537374374,0
73.83031693238749,23.71909110340781,0
73.83036526016426,23.71367266555435,0
73.83042967480793,23.706448075704635,0
73.8304779690001,23.70102962878443,0
73.83049406386647,23.699223478947747,0
73.83055842734608,23.691998875285304,0
73.83060668317339,23.686580418007676,0
73.83062276525301,23.68477426471893,0
73.8306710019049,23.679355802264425,0
73.83083168691455,23.661294232717687,0
73.8308477466324,23.659488073391746,0
73.83091196953934,23.652263431777882,0
73.83092802127545,23.650457270297018,0
73.83099221226033,23.643232620064712,0
73.83104033874412,23.637814127866925,0
73.83108845086952,23.63239563179255,0
73.83110448505437,23.630589465573088,0
73.8311205176442,23.628783298922993,0
73.83120065667198,23.619752459213988,0
73.83123270112156,23.616140120316878,0
73.83129677089094,23.60891543735776,0
73.83134480648246,23.60349692061995,0
73.83139282773215,23.598078400009936,0
73.83145683376009,23.590853699840988,0
73.83147283128467,23.589047523723522,0
73.83155279501814,23.58001663668608,0
73.83163271894462,23.57098573890079,0
73.83164869895413,23.569179558054266,0
73.83168065419817,23.565567195071985,0
73.83169662943288,23.563761012936265,0
73.8317764817372,23.554730095812918,0
73.83179244742489,23.552923911099477,0
73.83182437402787,23.549311540384043,0
73.8318562942683,23.54569916795068,0
73.83190416270082,23.540280606080003,0
73.83192011566456,23.53847441793104,0
73.81845593132098,25.209027532335764,0
73.81852566432195,25.20180440154776,0
73.81889132134388,25.163882846249855,0
73.82041555636054,25.00497130803951,0
73.82043280277011,25.003165475069405,0
73.82050177171287,24.995942138694062,0
73.82062240310144,24.983301282735457,0
73.82112129117168,24.930931787919807,0
73.82117282029928,24.925514232433063,0
73.82120716472546,24.921902526532836,0
73.82122433444123,24.920096672910073,0
73.82132731777959,24.90926154175797,0
73.82172153246081,24.867726722895267,0
73.82190975910387,24.84786216057206,0
73.82213194974362,24.824385789849075,0
73.82221733300793,24.815356396371364,0
73.82226854306231,24.809938754920744,0
73.82252436952083,24.782850487347886,0
73.82294991876775,24.737703151495488,0
73.82364558230104,24.66366091752985,0
73.82367944610759,24.660049082093355,0
73.82401772139981,24.6239306298883,0
73.82435533768702,24.587811999929976,0
73.82443963888672,24.578782314689533,0
73.8244564941915,24.576976376310057,0
73.82491096602074,24.528215872410083,0
73.82494458295717,24.524603970377136,0
73.82501179712911,24.517380160995124,0
73.82512935874011,24.50473847752484,0
73.82529716444992,24.486678892078114,0
73.82533070591283,24.483066969677882,0
73.82553181700614,24.46139539811702,0
73.82611704425142,24.3981862842104,0
73.8261504252858,24.394574318506383,0
73.82675016675937,24.329558634216415,0
73.82703264307261,24.298856584853954,0
73.8270824429493,24.293438562941702,0
73.82724833668789,24.275378461314403,0
73.8272814959001,24.271766435712934,0
73.8274140676576,24.257318315727034,0
73.82757963595978,24.239258126204543,0
73.82764581775642,24.232034038099304,0
73.82766235914218,24.230228014975424,0
73.82800935298737,24.192301428008875,0
73.82807536587266,24.185077294276045,0
73.82812485849861,24.179659189373638,0
73.82819082595437,24.17243504336801,0
73.82822379995028,24.16882296773604,0
73.82827324878141,24.163404851002188,0
73.82828972848215,24.161598811214773,0
73.82833915785677,24.156180689224456,0
73.82840504099575,24.148956520439494,0
73.8284544363331,24.143538389253262,0
73.82847089820478,24.141732344648933,0
73.8285367294903,24.13450816185435,0
73.8286025348587,24.12728397205735,0
73.82861898215202,24.12547792351416,0
73.82866831431645,24.12005977525955,0
73.82878336603926,24.10741741402254,0
73.82879979552561,24.10561136066795,0
73.82893117316908,24.091162918092394,0
73.8289475880951,24.089356860803466,0
73.82902963846755,24.080326567803976,0
73.82906244729814,24.07671444754572,0
73.82909524966227,24.07310232554007,0
73.82911164841968,24.07129626388204,0
73.82917722728715,24.06407201288243,0
73.82922639447031,24.05865382004759,0
73.82927554711296,24.05323562328337,0
73.82929192809641,24.051429556822224,0
73.8294229178247,24.036981009421297,0
73.82943928427481,24.03517493903259,0
73.82945564911061,24.033368868207624,0
73.82952109231263,24.02614458054552,0
73.82957015776871,24.020726360219353,0
73.82958650969356,24.018920285905118,0
73.829602860005,24.01711421115485,0
73.82963555578799,24.013502060346283,0
73.82973360442524,24.002665597458154,0
73.8298968898293,23.984604791115288,1
73.83001109372012,23.971962200757673,0
73.8300437089042,23.9683500281652,0
73.83012521867995,23.959319589066045,0
73.83014151580427,23.957513499940475,0
73.83019039751738,23.952095229952747,0
73.83020668820215,23.950289139086586,0
73.83022297727724,23.948483047785338,1
73.83028811748316,23.94125867822999,1
73.83032067793083,23.93764649084245,1
73.83040205089502,23.928616014763143,1
73.83043458882078,23.92500382128777,1
73.83048338364773,23.919585527814277,1
73.83049964537399,23.917779429120433,1
73.83058092988924,23.908748929132244,0
73.83062968130913,23.903330623925065,0
73.83064592856813,23.901524521320447,0
73.83066217422018,23.899718418281424,0
73.83071090153543,23.894300106558195,0
73.83072714076053,23.892494001781806,0
73.83077584879739,23.887075684847087,0
73.83084077036034,23.87985125618875,0
73.83087322150666,23.87623903925488,0
73.83095432127625,23.867208489324778,0
73.83101917219948,23.859984041569913,0
73.83110019974826,23.850953472115528,0
73.83118118719158,23.841922891818744,0
73.83121357094214,23.838310656664877,1
73.83124594827856,23.834698419776924,1
73.8313106837122,23.827473940799617,1
73.83139156693882,23.818443332327433,0
73.8314077387764,23.816637209333173,0
73.83148857393098,23.80760658786418,0
73.8315208967791,23.803994336244784,1
73.83160167587195,23.7949636996186,1
73.8316178268866,23.793157570994538,1
73.83165012411277,23.789545312447775,0
73.83168241493541,23.78593305216968,0
73.83177924898997,23.775096260949386,0
73.83181151420634,23.77148399374797,0
73.83182764441462,23.76967785949839,1
73.83192439207174,23.758841044918086,1
73.8320694056167,23.742585793862176,0
73.83285665440923,23.65408436892071,0
73.83303285744425,23.634216559784864,0
73.83338468556208,23.594480785222586,0
73.83359222211729,23.571000456937764,0
73.83386321087889,23.540295302679475,0
73.83399057622385,23.525845775383203,0
73.83402240169094,23.522233389267498,0
73.82040603194352,25.212654947264742,0
73.82051046589811,25.201820246049774,0
73.8205278656812,25.200014460931314,0
73.8205452637857,25.198208675360732,0
73.82070177120849,25.181956584884244,0
73.82071915253324,25.180150794793825,0
73.82130912023953,25.118753663025547,0
73.8216206725167,25.08624908800541,0
73.82186261644382,25.06096765093795,0
73.82225938518624,25.01943366991659,1
73.82263807752693,24.979705291551827,0
73.82305027714426,24.936364994496323,0
73.8231531773288,24.925529879846938,0
73.82317032154097,24.923724025835707,0
73.82322174420484,24.91830646111164,0
73.8233245446654,24.907471319559036,0
73.82344440295225,24.894830300688614,0
73.82349574588021,24.889412714451904,0
73.82359838691471,24.878577529884534,0
73.82417889163794,24.817177846318675,0
73.8241959363071,24.8153719654459,0
73.82472350028122,24.75938943682517,0
73.82491031849506,24.739524565497494,0
73.82552032719431,24.67451188225903,0
73.82616190875214,24.605886757587523,0
73.82644816330682,24.575185836220808,0
73.82649862954354,24.569768013253938,0
73.82651544833901,24.567962071377735,0
73.82661632664338,24.557126410806106,0
73.82666674364182,24.55170857453358,0
73.82670034677093,24.54809668146838,0
73.82671714587484,24.54629073427081,0
73.82680111679203,24.53726099163409,0
73.82683469367973,24.533649091477088,0
73.82688504671476,24.52823123791828,0
73.8269186072083,24.52461933333049,0
73.82698570852752,24.517395518839233,0
73.82722035671898,24.492112112325806,0
73.82728734010776,24.48488826595877,0
73.82748813316847,24.463216684389085,0
73.82775549091491,24.43432114326197,0
73.82813908497019,24.39278360479123,0
73.82823901098801,24.38194768679502,0
73.82855505613125,24.347633841753673,0
73.82880415002082,24.32054385173776,0
73.82882074325639,24.318737848880925,0
73.82898658612241,24.30067779610771,0
73.82943354977303,24.251915433953204,0
73.82946661108154,24.24830339438292,0
73.8294831393006,24.246497373938976,0
73.82954923594443,24.239273287771773,0
73.82958227452833,24.235661242053673,0
73.82959879138613,24.233855218536092,0
73.8296153066213,24.23204919457951,0
73.82964833222415,24.22843714534948,0
73.8296813513377,24.224825094363776,0
73.82969785846122,24.22301906821262,0
73.82971436396272,24.221213041622608,0
73.8297308678423,24.21940701459378,0
73.82976387073609,24.215794959219785,0
73.82978036975048,24.213988930874667,0
73.82979686714337,24.212182902090827,0
73.82986284050172,24.204958782568795,0
73.82991230349943,24.199540688321964,0
73.83002766044042,24.186898453065762,0
73.83025813621524,24.16161391812566,0
73.8304225675201,24.143553483462576,0
73.83088211493,24.092984033607586,0
73.8310295576282,24.076729494789287,0
73.83119322953117,24.05866885460583,0
73.83138942292047,24.0369960287617,0
73.83148743257222,24.02615959227886,0
73.83156906297557,24.017129216549918,0
73.83174850814656,23.99726235158411,1
73.8317648116848,23.9954562703361,1
73.83179741393316,23.991844106533083,1
73.83181371264345,23.990038023978112,1
73.8318300097446,23.98823194098754,1
73.83186259911997,23.98461977369967,0
73.83187889139437,23.98281368940243,0
73.83200917168364,23.968364999348417,0
73.83205800025847,23.962946733394965,0
73.83207427323468,23.96114064387331,0
73.83215561400462,23.952110189737567,0
73.83218813906258,23.948498005037557,1
73.83226942358944,23.939467535675004,1
73.8326590305256,23.89612113144516,0
73.83282109399352,23.8780600558327,0
73.83290206560883,23.869029501748347,0
73.83306388866367,23.85096836103919,0
73.83329017190613,23.825682691196878,1
73.83335476664386,23.81845819849698,0
73.83337091132866,23.81665207423893,0
73.83388669715399,23.758855869400296,1
73.8339188794527,23.755243591888714,1
73.83393496820749,23.753437452484434,1
73.834513101039,23.688416146221094,0
73.83539237522804,23.589076960313143,0
73.83594941214005,23.525860437257855,0
73.83601294986734,23.518635658277006,0
73.8225300085169,25.198224490658035,0
73.82270360481549,25.18016659720567,0
73.82327528508596,25.12057522838141,0
73.8234308819039,25.10432295160487,0
73.82358634344854,25.088070638313464,0
73.82408635582514,25.035701825080846,1
73.82425844888937,25.01764352586458,0
73.82427564903706,25.015837693469546,0
73.82470511194674,24.970691737531986,0
73.8248080284037,24.959856666334968,0
73.82491088504668,24.949021578978936,0
73.82574864499936,24.860534428063527,0
73.82607242044465,24.82622279457421,0
73.82610646733073,24.82261103428946,0
73.82644657256756,24.786493333132196,0
73.82690466700043,24.737734153288905,0
73.82732775691626,24.692586474726,0
73.8277329554077,24.649244441496176,0
73.82795204258639,24.625767399868515,0
73.82822130740512,24.596872476323348,0
73.82840618333884,24.577007150454502,0
73.8285740802404,24.558947716714638,0
73.82864119312401,24.551723930801426,0
73.82870827980211,24.544500137794998,0
73.82887588189146,24.526440624256463,0
73.82894287690216,24.51921680643622,0
73.8289596215646,24.517410850873897,0
73.82897636459114,24.515604894868712,0
73.82900984573698,24.51199298152988,0
73.82902658385649,24.51018702419627,0
73.82906005518916,24.50657510820082,0
73.8291437049054,24.4975453104652,0
73.82917715334787,24.493933388272684,0
73.82922731375268,24.488515501664963,0
73.82926074585119,24.484903575047465,0
73.82942780831769,24.466843915419243,0
73.82944450558108,24.465037947024115,0
73.82969476863994,24.437948368054226,0
73.82989471478764,24.41627663330791,0
73.82991136636821,24.41447065254223,0
73.82994466463933,24.410858689686574,0
73.83001124162423,24.403634758678695,0
73.83002788179662,24.401828774823418,0
73.8300777925382,24.396410820610065,0
73.83009442619388,24.394604834989856,0
73.83014431738776,24.389186875482284,0
73.83016094452834,24.387380888097525,0
73.83017757004042,24.385574900271695,0
73.83019419392407,24.38376891200482,0
73.83021081617942,24.38196292329693,0
73.83024405580557,24.378350944558154,0
73.83026067317657,24.376544954527326,0
73.830293903035,24.372932973142937,0
73.8303603432202,24.36570900508386,0
73.83037694919803,24.363903011967086,0
73.83042675736871,24.35848502997237,0
73.830493145487,24.351261047810073,0
73.83059267887204,24.340425061349823,0
73.8306092620784,24.338619062064808,0
73.83064242361391,24.335007062173595,0
73.83067557864716,24.33139506052097,0
73.83072529900706,24.325977054739827,0
73.83075843778818,24.32236504868455,0
73.83079157006989,24.318753040868557,0
73.83082469585297,24.315141031292047,0
73.83084125630778,24.313335025843664,0
73.83095713401536,24.30069297538485,0
73.83097368147823,24.29888696641673,0
73.83100677153341,24.295274947160955,0
73.83105639444142,24.289856914978806,0
73.83107293216455,24.288050903371936,0
73.83108946826475,24.286244891325357,0
73.83110600274213,24.284438878839097,0
73.83118865079007,24.275408809813456,0
73.83122169865297,24.27179677912631,0
73.83123822015132,24.269990763123506,0
73.83130428992658,24.262766694717964,0
73.83132080331634,24.26096067651812,0
73.83135382523173,24.25734863880048,0
73.83138684066228,24.253736599325713,0
73.831452852072,24.246512515105586,0
73.831518837552,24.23928842385936,0
73.8315847971087,24.23206432558862,0
73.83188129448611,24.199555796484805,0
73.83221012120543,24.163435041974722,0
73.83235788229538,24.147180645276546,0
73.83255469359439,24.12550806119144,0
73.83278401306247,24.100223300144844,0
73.83284947484917,24.09299906696417,0
73.83288219606963,24.0893869477517,0
73.83289855426199,24.087580887490024,0
73.8330457054749,24.071326325476107,0
73.83337224111901,24.035204949939004,0
73.83342116593924,24.029786728554594,0
73.83343747099534,24.027980653887507,0
73.83373068704745,23.99547123533114,1
73.83390961832691,23.97560429894046,0
73.83405587213417,23.959349493617808,0
73.83412083209888,23.9521251243818,0
73.83415330245477,23.94851293715345,1
73.83460721405581,23.89794213335161,0
73.83533408548058,23.816666914163513,0
73.83535020141551,23.814860788210648,0
73.83592931231298,23.749839965645563,0
73.83607376720363,23.733584672435928,0
73.83760660738619,23.560192704744473,0
73.83774956176372,23.543937004469644,0
73.83814598497317,23.498782099088647,0
73.82451475492374,25.198240279332406,0
73.82496499725265,25.151289628950664,1
73.82503416505477,25.144066424874712,0
73.82505145283106,25.14226062272743,0
73.8252242387902,25.1242025764386,0
73.82568992781366,25.07544562623763,0
73.82589651085706,25.053775765176155,0
73.82605129085947,25.037523326844557,0
73.82624028346572,25.017659186066574,0
73.82641192040161,24.999600829059336,0
73.8264633790873,24.99418331319355,0
73.82666906439421,24.972513209301137,0
73.82668619404754,24.97070736439106,0
73.82670332204152,24.968901519032006,0
73.82672044837629,24.967095673224,0
73.82675469606855,24.963483980261255,0
73.82697714436209,24.940007932246893,0
73.82762577253777,24.871385203595015,0
73.82822108071565,24.8081794869027,0
73.82825503723892,24.804567715122406,0
73.82839079735507,24.790120610134046,0
73.82859423969073,24.768449899071406,0
73.82932129445543,24.690795990384323,0
73.82942250223972,24.679960495778417,0
73.82948994124594,24.672736823806712,0
73.82969210065774,24.651065765183642,0
73.829776264003,24.642036138524173,0
73.83001170325765,24.616753124765996,0
73.83004531120945,24.613141258549266,0
73.8300621127274,24.61133532477469,0
73.8301125074507,24.60591752078646,0
73.83014609574184,24.602305649240773,0
73.8302300378069,24.593275962607333,0
73.83026360317001,24.589664084846778,0
73.83028038339563,24.587858145300775,0
73.83034748792765,24.580634382679182,0
73.83036425996856,24.578828440914506,0
73.83038103037283,24.577022498706175,0
73.8304480956257,24.569798725436723,0
73.830481618435,24.56618683614068,0
73.83054864442353,24.55896305222692,0
73.8305988967418,24.55354520963594,0
73.83061564424405,24.55173926121894,0
73.8306323901112,24.549933312358664,0
73.83064913434339,24.548127363055112,0
73.83069935723104,24.542709512485118,0
73.83078302935373,24.53367975267211,0
73.83081648676368,24.53006784564543,0
73.83083321301783,24.528261891467587,0
73.83090010169792,24.52103807032676,0
73.83093353623755,24.51742615709902,0
73.8309502510576,24.51562019982091,0
73.83096696424462,24.513814242099997,0
73.83098367579872,24.512008283936314,0
73.83100038572,24.510202325329885,0
73.83101709400854,24.50839636628073,0
73.83105050568788,24.504784446854362,0
73.83111730945842,24.497560602690033,0
73.83115070155125,24.493948677952474,0
73.83120077745225,24.488530787527438,0
73.83121746615613,24.48672482316755,0
73.83125083866983,24.48311289312058,0
73.83136759109084,24.470471124023405,0
73.83141760338364,24.46505321634859,0
73.83143427088746,24.46324724623941,0
73.83151758395768,24.45421738906281,0
73.83155089777821,24.450605443098304,0
73.83156755224442,24.448799469453185,0
73.83160085628921,24.445187520837315,0
73.83166744483118,24.437963618303797,0
73.83168408789486,24.43615764156603,0
73.83170072933,24.434351664386547,0
73.8317340073151,24.43073970870256,0
73.83175064386529,24.428933730198107,0
73.83176727878735,24.427127751252044,0
73.83181717378586,24.421709811764448,0
73.83185042897948,24.418097849898448,0
73.83186705413497,24.41629186830325,0
73.83191691983747,24.41087392086915,0
73.83193353848397,24.409067937508365,0
73.83195015550348,24.407261953706232,0
73.83206642909268,24.39462005473603,0
73.83213283536544,24.38739610276177,0
73.83216602874677,24.383784124128308,0
73.83271278137806,24.324186222153507,0
73.83281200104074,24.31335018845038,0
73.83307630146312,24.284454021146605,0
73.8331753071795,24.273617929387242,0
73.83329074016787,24.260975802339104,0
73.83332370645199,24.257363762085586,0
73.83337314373983,24.25194569841103,0
73.83338961959927,24.250139676307807,0
73.8334719746273,24.241109559204954,0
73.83353782953274,24.233885457620115,0
73.83447345356142,24.13094124773719,0
73.83484950247608,24.089401953272027,0
73.8348658331101,24.08759589174568,0
73.83488216213506,24.085789829782446,0
73.83502905096802,24.069535252457168,0
73.83533872195581,24.035219917534324,0
73.83555026797708,24.011740913432963,0
73.83556652951088,24.00993483314281,0
73.83611846745109,23.948527844132915,1
73.83613467287569,23.946721748604244,1
73.83671700243107,23.881702020102868,0
73.83691065188879,23.86002865221202,0
73.83692677896316,23.858222535401325,0
73.83728117085056,23.818487855886133,0
73.83737768921176,23.807651088714316,0
73.83760267562633,23.782365238038157,0
73.83766690011987,23.775140693695782,0
73.8376829522629,23.7733345565288,0
73.83771505177324,23.769722280897348,1
73.83814777231007,23.72095639065004,0
73.83869103196079,23.65954704413863,0
73.83894604899339,23.630648355711184,0
73.83959767982435,23.55659496383135,0
73.83961354004485,23.55478877451604,0
73.8397245173463,23.542145437286486,0
73.83974036492735,23.54033924453652,0
73.83975621092891,23.53853305135733,0
73.82613563535608,25.236177524467088,0
73.82615297910161,25.23437174408147,0
73.82668980635974,25.17839232782476,0
73.82675895750832,25.17116914570465,0
73.8270007763572,25.14588795139016,1
73.82708706103972,25.13685893198132,0
73.82732843656993,25.111577617641576,0
73.82789610261565,25.051985598630928,0
73.82885527671503,24.950858627186825,0
73.82897480808595,24.938217656737667,0
73.82912837214862,24.92196494815524,0
73.82923067376993,24.911129788926665,0
73.82936698336486,24.896682884860734,0
73.82991116487186,24.83889498204177,0
73.82994512011975,24.835283222903946,0
73.83001301083279,24.828059699263182,0
73.83006391156097,24.82264205183891,0
73.83009783714012,24.819030284654673,0
73.83019957433638,24.808194972377404,0
73.83023347355754,24.804583198044117,0
73.83035206896135,24.79194197380806,0
73.83038593854582,24.788330191435836,0
73.8304536579647,24.78110662133391,0
73.8305721036004,24.768465356471026,0
73.83058901782563,24.766659459705604,0
73.83074117185578,24.75040636874165,0
73.83075806963916,24.748600467515537,0
73.83077496577893,24.746794565843484,0
73.83087630810756,24.735959146447914,0
73.83091007573961,24.73234733641636,0
73.83104508056918,24.717900078463533,0
73.8310788153561,24.71428825951965,0
73.83109568028705,24.712482349379496,0
73.8311631235966,24.705258704364674,0
73.83123054064836,24.698035052224313,0
73.8312473908093,24.696229138076042,0
73.83128108620949,24.692617308443847,0
73.83139896844347,24.67997589070947,0
73.83143263432325,24.67636405306568,0
73.83151677033412,24.667334451169953,0
73.8315840496414,24.660110761646266,0
73.8316681119096,24.651081139735357,0
73.83171852961367,24.645663361253305,0
73.83175213322774,24.642051506709212,0
73.8317857302919,24.638439650387177,0
73.83186969430174,24.62941000180485,0
73.83190326844763,24.625798139261548,0
73.83208780925864,24.605932863513683,0
73.83210457588143,24.604126926690327,0
73.8322721521841,24.586067534042474,0
73.8323223932017,24.580649707594382,0
73.83275719964318,24.53369504452626,0
73.83287407442548,24.521053353283932,0
73.83292413915709,24.51563547896562,0
73.83295750749329,24.512023560539568,0
73.83297418921623,24.51021760066246,0
73.83302422460564,24.50479971837511,0
73.83309091564344,24.497575869128845,0
73.83310758432951,24.495769905710933,0
73.83314091681429,24.492157977547663,0
73.83319090332465,24.486740081984514,0
73.83322421952153,24.48312814939721,0
73.83325752920469,24.479516215040633,0
73.83372318128495,24.428948948386605,0
73.83382279800954,24.418113060473114,0
73.83387258443621,24.4126951105568,0
73.83390576726487,24.409083141739124,0
73.8341047278283,24.387411291770757,0
73.83412129732314,24.38560530140628,0
73.83422068021416,24.374769349959735,0
73.83455153483727,24.33864939721906,0
73.83460110711081,24.333231389111628,0
73.83468369516825,24.32420136679441,0
73.83478274739531,24.313365325489613,0
73.83507955448601,24.28085710656013,0
73.83512897138112,24.275439056222574,0
73.83519483794043,24.268214982953488,0
73.83527713477233,24.259184881481684,0
73.8354909175117,24.235706566272054,0
73.83560591826213,24.223064365816416,0
73.83581928131069,24.19958593651222,0
73.8358356825623,24.197779900419228,0
73.83657207152764,24.116507822882507,0
73.83665369136438,24.107477537345616,0
73.83680050580963,24.091222995841704,0
73.83702862520727,24.065938083166373,0
73.83767866226682,23.99369500427353,1
73.83784077098363,23.975634125598972,0
73.83787317352125,23.972021944639632,0
73.83798653200736,23.95937929757283,0
73.83906757478965,23.838370026918778,1
73.83921224411999,23.822114901879633,1
73.83937283659431,23.804053610687216,1
73.83938888709014,23.802247479186597,1
73.83990166353696,23.74445104274647,0
73.84017341454278,23.71374650587997,0
73.84047659384468,23.679429522946098,0
73.84063593214378,23.661367890453214,0
73.84092234216527,23.628856843397728,0
73.84135099659404,23.580090011371272,0
73.84136685056724,23.57828382638778,0
73.84160447075783,23.551191000083126,0
73.84171523870017,23.538547648076683,0
73.8419839249705,23.50784227710147,0
73.82808636630912,25.239804848809943,0
73.82829406935039,25.218135449787862,0
73.8285879041194,25.18743702304666,0
73.82860517351367,25.18563122917099,0
73.82862244124149,25.183825434843545,0
73.82876052308579,25.169379063962896,0
73.82877777582064,25.167573265570542,0
73.82895021159273,25.14951525681651,1
73.82898467877239,25.145903649649394,1
73.82932898461655,25.10978747873587,0
73.8296726256913,25.073671127516896,0
73.82968979031016,25.071865305226407,0
73.83001560285015,25.037554596185885,0
73.83003273429559,25.035748764894866,0
73.83008411868698,25.030331268323277,0
73.83018684272724,25.019496263038867,0
73.83020395760191,25.01769042725122,1
73.83025529228736,25.012272917191204,1
73.83034081697438,25.003243724769025,0
73.83037501525895,24.99963204465464,0
73.83047757038563,24.988796993529363,0
73.83049465711433,24.986991150103012,0
73.83051174218835,24.985185306227546,0
73.83052882560779,24.983379461902988,0
73.83058006593963,24.977961926234997,0
73.83066543341089,24.96893269114209,0
73.83068250194383,24.967126842776786,0
73.83080193538152,24.95448589165323,0
73.83081899068918,24.95268003969781,0
73.83083604434418,24.95087418729373,0
73.8308530963466,24.949068334441023,0
73.83093833157376,24.940039063448857,0
73.83095537366295,24.93823320790488,0
73.8309894528859,24.934621495471543,0
73.83102352550236,24.931009781244565,0
73.83119378951662,24.912951183211714,0
73.83122782251176,24.909339458226917,0
73.83127885962863,24.903921867389247,0
73.8312958687011,24.90211600288065,0
73.83132988189698,24.898504272519585,0
73.83136388849478,24.894892540366804,0
73.83146586870812,24.884057333160204,0
73.83151683655623,24.878639723512197,0
73.83156778956909,24.873222109835286,0
73.83166965110034,24.86238687039731,0
73.83170359176364,24.858775120338223,0
73.83178841459758,24.849745737361598,0
73.83189014765892,24.838910463030086,0
73.83190709740735,24.837104582409765,0
73.83271875162173,24.750421787298553,0
73.83288736999485,24.732362742242717,0
73.83367768142064,24.647484633899108,0
73.8338286052941,24.631231267011216,0
73.83386212595494,24.62761940281482,0
73.83421369846674,24.589694721502863,0
73.83434744152008,24.57524717237428,0
73.83476471605361,24.530098398444654,0
73.83493134081792,24.512038811339554,0
73.8349812965099,24.506620926574705,0
73.83499794515306,24.504814964101175,0
73.83506452345772,24.497591109781556,0
73.8352807232537,24.47411353435704,0
73.83531396037762,24.470501593042616,0
73.83549664839593,24.45063588420788,0
73.8355132466525,24.448829908025935,0
73.8356293889893,24.436188062383017,0
73.8356625579053,24.432576102509927,0
73.83609316340026,24.385620463493822,0
73.83610970326613,24.383814471422287,0
73.83614277813773,24.380202485956488,0
73.83615931314364,24.378396492562274,0
73.83634109132548,24.35853053613566,0
73.83658865505043,24.331440509649003,0
73.83670406024734,24.318798463388198,0
73.83672054023747,24.316992455019218,0
73.83676997051015,24.311574427272376,0
73.83678644403548,24.30976841714354,0
73.83698400032506,24.28809626129252,0
73.83701690376238,24.284484229161773,0
73.8370333530592,24.282678212437055,0
73.83706624680963,24.27906617766908,0
73.83708269126346,24.277260159625857,0
73.8372306187242,24.26100597746458,0
73.83744406105126,24.23752765153801,0
73.83747687414805,24.233915594810533,0
73.83760806207454,24.219467350348538,0
73.83764084294499,24.215855284846008,0
73.83793558094632,24.183346616398577,0
73.83875156426829,24.093044015192657,0
73.83878412011374,24.089431888404683,0
73.83914181120134,24.04969837845235,0
73.8392554593935,24.037055853715856,0
73.83941767788846,24.018995067023944,0
73.839433890937,24.01718898595704,0
73.83970926807626,23.986485541155684,1
73.83972545234386,23.984679452247384,0
73.84050041974515,23.897986673090315,0
73.84120758143476,23.818517413341493,0
73.84123965199116,23.81490515432445,0
73.84157600928535,23.776976330109974,0
73.84194359773629,23.73543501809252,0
73.84197552231902,23.731822719288964,0
73.84291444977904,23.625259128333727,0
73.84312059259648,23.60177881348511,0
73.84326315067774,23.58552316832228,0
73.83000262099318,25.247043710719293,0
73.83001991610544,25.245237930484734,0
73.83012365177262,25.234403239575013,0
73.83029641124257,25.21634538520351,0
73.83046900416984,25.198287485617076,0
73.83052074958827,25.192870106927835,0
73.83053799473288,25.19106431312771,0
73.83060695867313,25.183841133409352,0
73.8306241954992,25.182035337350406,0
73.83064143066187,25.18022954083978,0
73.83072758152818,25.171200551512072,0
73.83074480671279,25.169394752291794,0
73.8308136908259,25.162171550895682,1
73.83089975856839,25.153142538993624,1
73.83091696713144,25.151336735259193,1
73.83098578476906,25.144113515808893,0
73.83105457582845,25.136890289139632,0
73.83110615168515,25.131472864401164,0
73.83132947442058,25.107997310303727,1
73.83134664147653,25.10619149529448,1
73.83138097061183,25.102579863923978,1
73.83141529311241,25.09896823075095,1
73.83150107034248,25.089939139933616,0
73.83156966228304,25.0827158591713,0
73.83158680612414,25.08091003785475,0
73.83167250047065,25.071880924517377,1
73.83168963436891,25.070075100499146,1
73.83184376491148,25.053822664079174,0
73.83186088224686,25.052016835560075,0
73.83201486377126,25.035764358643206,0
73.83230535212479,25.005065136200763,1
73.83242482609901,24.992424242150978,0
73.83256126865352,24.977977479145345,0
73.83317395305066,24.912966690223612,0
73.83320792841982,24.909354962690273,0
73.83347949422442,24.880461077922764,0
73.83391989030794,24.833508270805083,0
73.8346794907343,24.752243083092814,0
73.83560338697505,24.652917738744577,0
73.83587122872841,24.624022840422807,0
73.83637230701292,24.569844599671544,0
73.83657232795679,24.548173191589118,0
73.83658898579338,24.546367238034627,0
73.83670554511326,24.533725550747388,0
73.83673883314248,24.530113636107085,0
73.83683865821936,24.519277881557628,0
73.83685529004418,24.517471920916314,0
73.8369716673274,24.504830184032482,0
73.83725396661463,24.47412873276694,0
73.83758548316568,24.43800921476069,0
73.8376351547252,24.43259127181876,0
73.83766826099766,24.428979307649666,0
73.83796592596927,24.396471550680943,0
73.83798244753518,24.394665559991303,0
73.8381310688329,24.378411623941005,0
73.83831253921872,24.35854565361455,0
73.838510283919,24.33687362519283,0
73.83865843984398,24.32061956227169,0
73.83867489354303,24.31881355308005,0
73.83892150544018,24.291723362420644,0
73.83903646683218,24.279081239590703,0
73.83956099957241,24.22128840400032,0
73.84083265512352,24.08041648711145,0
73.84091383889428,24.071386145288763,0
73.84101120661917,24.060549720695125,0
73.84107608644565,24.053325428904042,0
73.84141628593216,24.01539778250548,0
73.84212680226263,23.93592971000825,1
73.84219124163629,23.92870529801973,1
73.84225565553379,23.92148087907796,1
73.8430106126549,23.836593436224323,1
73.84307470227957,23.829368928770176,1
73.84310673757015,23.825756672443873,1
73.84313876651395,23.822144414385008,1
73.8432508178474,23.80950149753806,0
73.84334679999908,23.798664694785423,1
73.84369824645955,23.758929618111157,1
73.84517545300257,23.590956304194687,0
73.84569634637285,23.5313519755409,0
73.83195362856215,25.25067098908657,0
73.83226421789867,25.21816686891646,0
73.83228145706029,25.21636108016597,0
73.83231593039582,25.212749501308682,0
73.83243653471061,25.20010896106939,0
73.83248819734737,25.194691579902198,0
73.8325398450323,25.1892741946686,0
73.83260868535878,25.18205100803271,0
73.83262589128871,25.180245210244543,0
73.83269469840492,25.17302201457579,0
73.83271189603364,25.171216214529704,0
73.83274628631139,25.16760461308302,0
73.83279785928045,25.162187207527094,1
73.83334704226999,25.104401295615773,1
73.83365521228801,25.07189651733675,1
73.83462755139479,24.96896375785931,0
73.83476359110412,24.95451693798324,0
73.83478058865433,24.952711083479738,0
73.83479758455742,24.95090522852765,0
73.83493349249987,24.936458372764903,0
73.83506929508941,24.92201148830681,0
73.83508626300815,24.920205625732528,0
73.83530669627747,24.896729371494434,0
73.83578053236926,24.846164874612786,0
73.83586501051676,24.837135463264556,0
73.83642153838422,24.77754106822439,0
73.83650570518687,24.768511572017935,0
73.83699306629646,24.71614027419131,0
73.83700984733626,24.714334360685474,0
73.83789690774137,24.618620308171234,0
73.83801372448389,24.605978736205383,0
73.83841363395497,24.562636038676388,0
73.83849683059279,24.55360627787414,0
73.83884581322619,24.51568116155407,0
73.83886241359724,24.513875198763042,0
73.83897857078682,24.501233446833545,0
73.83901174396301,24.49762151372834,0
73.83912779902377,24.484979733925528,0
73.83919408055299,24.477755850022756,0
73.83927689601816,24.4687259851964,0
73.83964080328518,24.428994448724072,0
73.83983896819461,24.40732261148087,0
73.84010282613917,24.378426729674942,0
73.8402675274696,24.360366746239094,0
73.84064572845243,24.318828617197756,0
73.84126871571482,24.25019989423575,0
73.84131780000747,24.244781810142907,0
73.84141592521026,24.233945630106675,0
73.84149765203946,24.22491546800969,0
73.8418567733448,24.185182624543184,0
73.84190568427445,24.17976449308997,0
73.84231271446585,24.134613244398484,0
73.84234523363942,24.131001132687935,0
73.84239400039563,24.125582961841967,0
73.84297807883206,24.060564604910326,0
73.84304284861356,24.053340308097088,0
73.84378586690293,23.970260393426088,0
73.84407569577937,23.93775061083134,1
73.84444528304621,23.896210128143903,0
73.8444613329956,23.894404014989664,0
73.8449420936329,23.840220418635635,0
73.84508604357488,23.82396526365297,1
73.84514998014097,23.816740739066177,0
73.8452618081697,23.80409780437062,1
73.84530971072311,23.798679397294293,1
73.84538951666232,23.789648710179588,0
73.8456924186221,23.755332000538335,1
73.84574019308256,23.749913558435946,0
73.84575611474271,23.748107410204366,0
73.84586752213333,23.735464360488326,0
73.84593114875547,23.72823975114962,0
73.84597885214444,23.72282128961228,0
73.84599475011697,23.721015134903148,0
73.8460106465111,23.719208979762378,0
73.84645510510553,23.66863646068079,0
73.84653434266261,23.659605618136894,0
73.84656602665879,23.655993278103768,0
73.84666104085176,23.64515624766799,0
73.8471983846467,23.58374611590922,0
73.8473087886722,23.571102791793635,0
73.84732455439325,23.569296600915987,0
73.83409433110964,25.234434628401857,0
73.83412877907921,25.230823056035916,0
73.83423208313607,25.21998832808444,0
73.83546707716195,25.089970324589277,0
73.83563792575941,25.071912083684452,1
73.83601321158152,25.03218379527614,0
73.83662559468958,24.967173399510347,0
73.83679532251875,24.949114852983126,0
73.83706654512083,24.920221085261918,0
73.83720199872474,24.90577415837655,0
73.8372189230371,24.9039682905,0
73.83747259080647,24.87688021861852,0
73.83767525934336,24.855209688610213,0
73.83781024059948,24.840762632823417,0
73.83823138167614,24.79561539914343,0
73.8389365987886,24.71976741863203,0
73.83898686126663,24.71434967565236,0
73.83900361216476,24.712543760435114,0
73.83952208182423,24.65656016795228,0
73.83953878059968,24.654754238497528,0
73.83962225007201,24.64572458455652,0
73.83997237793803,24.60779991672042,0
73.8399890328169,24.605993975272334,0
73.8403550293702,24.5662631511632,0
73.84080313404421,24.517502301078615,0
73.84081970783025,24.515696337468043,0
73.84091911654575,24.504860546510432,0
73.84096879905043,24.499442645057915,0
73.84120045820096,24.474159052311496,0
73.84125005820664,24.468741128305467,0
73.84139877093756,24.452487332423214,0
73.841745258492,24.414561669576074,0
73.8419593941281,24.39108378076205,0
73.84197585481147,24.389277786227726,0
73.84241968419568,24.340515767226414,0
73.84250174600807,24.3314857284756,0
73.84297691170906,24.279111286852583,0
73.84302598965043,24.273693220067198,0
73.84327116263769,24.246602826848516,0
73.84348335391108,24.22312440617177,0
73.84424824842934,24.138240267236736,0
73.84458886803525,24.100312999065956,0
73.84463747049489,24.094894802164905,0
73.84468605859152,24.089476601332446,0
73.84470225143242,24.08767053351476,0
73.8449772856974,24.056967313815832,0
73.84500961237782,24.053355162029806,0
73.84531639802562,24.019039633059634,0
73.84555819129065,23.991948314848074,1
73.84576745601049,23.96846909315354,0
73.84597645218788,23.94498979793295,1
73.84629746089024,23.908867661841807,0
73.84644170781455,23.892612643921236,0
73.84709720922186,23.81856156214724,0
73.84770237398706,23.749928202285,0
73.84782948670197,23.735478994357056,0
73.84794062756002,23.72283591474997,0
73.84797236790709,23.719223602405787,0
73.84972409744935,23.518737566479462,0
73.84973979095936,23.516931361913446,0
73.836045277296,25.238061855920346,0
73.83607967327083,25.234450282815047,0
73.83659481752096,25.180276469248955,0
73.83661196333028,25.178470668460655,0
73.83676620116492,25.162218441049838,1
73.83693741943358,25.144160367718978,0
73.83775696845343,25.057480988257915,1
73.83779103386817,25.053869324932652,0
73.83796126211553,25.035810981318026,0
73.83802930731129,25.028587631281283,0
73.83804631449519,25.026781792648205,0
73.83825027235953,25.005111693996792,1
73.83826725815622,25.003305849522032,0
73.83838611269476,24.99066492562273,0
73.83884379749396,24.941906870270415,0
73.83889457748401,24.936489288379402,0
73.83892842260781,24.932877564877224,0
73.83913135559152,24.911207186218437,0
73.83923273356169,24.900371972696984,0
73.83924962415485,24.898566102209283,0
73.83928340042623,24.894954359890544,0
73.83936781243906,24.885924996258794,0
73.83951965090095,24.86967211352416,0
73.83960394831338,24.860642718567263,0
73.83997437116439,24.82091324795854,0
73.83999118976884,24.819107357791466,0
73.84086350830293,24.725200454109743,0
73.84099731997922,24.71075313116738,0
73.84129801548335,24.678246550379473,0
73.84146484090456,24.660187276549358,0
73.84213051894129,24.58794973691916,0
73.84224674582782,24.57530809447176,0
73.84226334318849,24.57350214377691,0
73.84285977020535,24.508487623665996,0
73.84294244153374,24.49945778382508,0
73.84295897095225,24.497651814529707,0
73.84310766303432,24.48139807096905,0
73.84312417630255,24.4795920972514,0
73.84314068795634,24.477786123091647,0
73.84320671842876,24.470562222032253,0
73.84361882407684,24.42541268026026,0
73.84368466747632,24.41818872796841,0
73.84384916321703,24.400128816354716,0
73.84389848053924,24.394710834269926,0
73.84407918679295,24.374844866012637,0
73.84411202155957,24.37123286605455,0
73.84470194798456,24.30621656562701,0
73.84499613097275,24.273708201640986,0
73.84520827342646,24.250229850242242,0
73.84652399500457,24.10393999186833,0
73.84691182804532,24.060594297534074,0
73.8469763777357,24.053369990702105,0
73.84787740352891,23.95222896294803,0
73.84802174706059,23.935974027620343,1
73.84840603585671,23.89262736137015,0
73.84861381167993,23.869147812758598,0
73.84878941329778,23.8492804451517,0
73.84893294515327,23.833025287196104,1
73.84906042164967,23.818576228448233,0
73.84910819929219,23.813157824273635,0
73.84945813490236,23.773422741334095,0
73.85001327917205,23.71020740554497,0
73.85002911211294,23.70840124532321,0
73.8500607732777,23.704788923585536,0
73.85010825323376,23.699370437744058,0
73.85017153783582,23.69214578391786,0
73.85028222539006,23.67950262312332,0
73.85034544086054,23.67227795032997,0
73.85045600747503,23.659634756353686,0
73.85048758380682,23.656022411340892,0
73.85059805153081,23.643379190231943,0
73.8506295996159,23.63976683746903,0
73.8507084423774,23.63073594802978,0
73.85072420622454,23.628929768850945,0
73.85085026055577,23.61448031993269,0
73.85088175846266,23.61086795340195,0
73.85089750506523,23.60906176949155,0
73.85103915397963,23.592806094951463,0
73.85107061428485,23.58919371810343,0
73.85108634208834,23.587387529034842,0
73.85113351610325,23.581968959251064,0
73.85121210814889,23.57293800101965,0
73.85124353400998,23.569325614720547,0
73.85127495361098,23.565713226703732,0
73.85130636695263,23.562100836969407,0
73.85136917486092,23.554876052349062,0
73.85140056942909,23.551263657463444,0
73.85147902847983,23.542232662739323,0
73.85151040115423,23.538620261846177,0
73.85152608514626,23.5368140607561,0
73.85155744844047,23.53320165728907,0
73.85168283909965,23.518752026266316,0
73.85174549692927,23.51152720046502,0
73.85183943681571,23.500689948905283,0
73.83815083146722,25.22543696352351,0
73.83823660447777,25.216408005182632,0
73.83839089169551,25.200155851694877,0
73.83859639969981,25.178486256789128,0
73.838613514627,25.176680454278344,0
73.83914325861183,25.120700352632387,0
73.83958633835407,25.073748965620865,0
73.83982445882786,25.048467323483052,0
73.84048609599472,24.9780394271948,0
73.84060458713738,24.965398450431902,0
73.84109462363452,24.913028455457052,0
73.84122956382217,24.89858149397113,0
73.84126328251143,24.894969749121707,0
73.8415496273455,24.864269845618026,0
73.84196986520702,24.819122693911027,0
73.84265684933044,24.74508076093773,0
73.8432578000017,24.680067714227643,0
73.84367388900583,24.634919425902453,0
73.84408896521549,24.58977085996709,0
73.84410554722037,24.587964911560825,0
73.84415528352847,24.58254706368088,0
73.84427127830604,24.569905403107622,0
73.84458572202605,24.535592214940337,0
73.84486657223869,24.504890805808305,0
73.84489958278095,24.501278866914184,0
73.8451304759737,24.475995245122814,0
73.8451634349248,24.472383292078906,0
73.84544332586373,24.441681619849476,0
73.84580484722262,24.401949854621193,0
73.84585408528913,24.396531870092407,0
73.84611644410121,24.36763588560224,0
73.84624746935657,24.353187851060717,0
73.84650921182276,24.324291697448373,0
73.84652555709661,24.32248568410718,0
73.84655824283551,24.318873656105108,0
73.84673789982342,24.299007470649705,0
73.84686843771698,24.28455930236327,0
73.84693366823981,24.27733520767417,0
73.84696627389805,24.273723157693844,0
73.8469988731552,24.270111105956612,0
73.84737330479388,24.228572384764455,0
73.84740582410495,24.22496031108258,0
73.84755208193617,24.20870595780848,0
73.84756832482157,24.206899916363813,0
73.8476170438986,24.201481789400074,0
73.84764951530168,24.19786970256637,0
73.84792526453943,24.16716689373373,0
73.8480062795423,24.158136631759636,0
73.8480710628536,24.15091241430283,0
73.84811963360481,24.145494246616046,0
73.84813582066865,24.14368818984551,0
73.84820055299373,24.136463958389278,0
73.8482490855136,24.131045780205024,0
73.84829760370158,24.12562759808546,0
73.84837843550687,24.11659728580955,0
73.84845922752113,24.107566962607226,0
73.8485399797567,24.098536628481618,0
73.84862069222585,24.089506283435853,0
73.84863682994882,24.08770021311656,0
73.84870136494094,24.080475927473064,0
73.84878199791422,24.071445560596388,0
73.84886259115797,24.062415182808955,0
73.84891092803917,24.05699695090064,0
73.8489431446845,24.053384794113914,0
73.84897535497701,24.04977263558246,0
73.84900755891755,24.046160475306497,0
73.8491041326349,24.03532398401351,0
73.84915239806482,24.029905732481648,0
73.84924888608033,24.019069217650568,0
73.8492649618635,24.017263130320288,0
73.84928103606043,24.015457042554324,0
73.8493935110325,24.00281441599577,0
73.84940957254305,24.00100832474529,0
73.84944169080816,23.99739614093803,1
73.84945774756292,23.99559004838127,1
73.84969840873124,23.96849860779911,0
73.84981059531914,23.955855902027427,0
73.85000273474989,23.934182642568242,0
73.85001873608543,23.93237653478834,0
73.85005073401163,23.928764317925058,0
73.85011471088733,23.92153987898539,0
73.85022660955234,23.908897094119737,0
73.85025856637452,23.90528486596454,0
73.85027454241526,23.903478751235752,0
73.85033843077825,23.896254287979946,0
73.85035439891948,23.89444817108096,0
73.85045017459836,23.883611460574656,0
73.85048208719137,23.87999922026845,0
73.85049804111956,23.878193099464692,0
73.85057778708139,23.86916248894034,0
73.8506574935868,23.860131867575724,0
73.85067343015419,23.85832574200224,0
73.8507371606479,23.85110123537399,0
73.85080086590499,23.843876721812002,0
73.85084862829,23.838458332091225,0
73.85088046199678,23.834846070111425,0
73.85089637648551,23.83303993847182,0
73.8509122893979,23.831233806399105,0
73.85100773377488,23.820397004869026,0
73.85102363565572,23.81859086976528,0
73.8510713318453,23.813172461856745,0
73.85110312142858,23.809560187753537,0
73.85111901385756,23.807754050052758,0
73.8511507939907,23.804141773352963,1
73.85118256782472,23.80052949492238,1
73.8512143353604,23.79691721476119,1
73.8512619748562,23.791498791274975,1
73.8512778515398,23.78969264924782,0
73.85132547214693,23.78427422057149,0
73.85142067087335,23.773437351544107,0
73.8514365318212,23.77163120519312,0
73.85145239119598,23.769825058409882,0
73.85146824899783,23.76801891119443,0
73.8515792095762,23.75537586858627,0
73.85162674052513,23.749957415273446,0
73.85164258103086,23.748151263305257,0
73.85167425732702,23.744538958073168,0
73.85172175998446,23.73912049698611,0
73.85173759106084,23.737314342426817,0
73.85176924850003,23.73370203201296,0
73.8518008996551,23.730089719872264,0
73.85186418311595,23.72286509041114,0
73.85189581542325,23.719252773091114,0
73.85194325210746,23.713834293874836,0
73.85266884677922,23.630750460078193,0
73.85282614606699,23.61268863651997,0
73.85362594066129,23.520572668038824,0
73.83989605636162,25.250733599246132,0
73.84216276726475,25.010560138896377,1
73.84251801195616,24.972637285737104,0
73.84278818996081,24.94374355050091,0
73.84371373643381,24.84442046090205,0
73.84404907564316,24.808302638327078,0
73.84423323465388,24.788437759771433,0
73.8447178017987,24.736066457581952,0
73.84508449357159,24.696336254231213,0
73.84540055042899,24.662023632555332,0
73.84604746812768,24.59159195919186,0
73.84606402343003,24.589786009971956,0
73.84609712918939,24.586174110201593,0
73.84616332132951,24.578950305339326,0
73.84617986532793,24.57714435301526,0
73.84637826741162,24.555472890551787,0
73.84641131183575,24.551860973937238,0
73.84649389466999,24.542831174648633,0
73.84687325667521,24.50129395535938,0
73.84690620440345,24.49768201218498,0
73.84707084646226,24.479622269780805,0
73.84808803991537,24.36765088123816,0
73.84861063097406,24.309858533963837,0
73.84864323849735,24.306246497301203,0
73.84870843435276,24.29902241870042,0
73.84898523140666,24.268320006207897,0
73.8490014992064,24.266513977990353,0
73.84913158411582,24.252065736444692,0
73.84916408937778,24.248453671668813,0
73.84929404658791,24.234005395013472,0
73.849326519935,24.23039332146267,0
73.84935898690148,24.226781246157483,0
73.84939144748816,24.22316916909811,0
73.84940767538933,24.221363129910664,0
73.84942390169583,24.219557090284738,0
73.8494563495253,24.215945009717593,0
73.84950500931207,24.210526885578943,0
73.84953744119946,24.206914800628194,0
73.84958607707685,24.201496669915088,0
73.84961849302712,24.19788458058198,0
73.84971570264037,24.187048302067925,0
73.84978047719247,24.179824107631607,0
73.84987759125131,24.168987802840682,0
73.84994230212024,24.161763590891432,0
73.85002315490091,24.152733316107977,0
73.8503945656146,24.111193911269986,0
73.85137554453945,24.001023066749312,0
73.85139157703834,23.999216973817443,0
73.85140760795468,23.997410880450186,1
73.85143966504009,23.99379869240958,1
73.85151978006574,23.984768214690487,0
73.85153579832517,23.982962117840998,0
73.85166388746835,23.96851332738122,0
73.85167989149619,23.966707226616148,0
73.85169589394323,23.964901125416137,0
73.85171189480957,23.963095023781204,0
73.85182385662243,23.950452300161235,0
73.85183984484665,23.948646195047903,0
73.85201561106588,23.928779010117424,0
73.85206351414811,23.92336067783055,0
73.85222308850325,23.905299541979716,0
73.85241436950827,23.88362612166207,0
73.85263724379944,23.858340385680023,0
73.8529392223452,23.82402389383862,0
73.85297097651294,23.820411622444656,0
73.8531137924175,23.80415637974647,1
73.85327232741035,23.78609495786814,0
73.85369958738377,23.73732890287769,0
73.85381017175575,23.724685800187963,0
73.85395223878054,23.708430351373543,0
73.85462925274665,23.630764947363144,0
73.84191591061146,25.247137610676393,0
73.84203570969127,25.23449708605267,0
73.84208702740872,25.22907971157375,0
73.84276984643388,25.156847663305104,1
73.84288906897231,25.14420698060261,0
73.84292311775498,25.140595352914264,0
73.84321226698286,25.109896444759244,0
73.84407686911089,25.01779893958534,1
73.84453287514614,24.969040963554114,0
73.84488672284645,24.931117867177516,0
73.84537418678343,24.8787475521086,0
73.84545809376864,24.869718149395375,0
73.84555872841779,24.858882851379352,0
73.84564254586303,24.84985342406944,0
73.84567606145022,24.84624165001618,0
73.84574307310187,24.83901809654623,0
73.84606102315928,24.8047061199492,0
73.8472439674785,24.676486256166832,0
73.84740992350885,24.65842694012947,0
73.84750941953985,24.647591329173068,0
73.8475425719572,24.643979455299775,0
73.84789028236497,24.60605467238653,0
73.84805560862918,24.587995183162185,0
73.8481877535508,24.573547559851907,0
73.84855062045418,24.533816449507473,0
73.84940521161678,24.439905700996025,0
73.84978181957266,24.398367873587873,0
73.84979817460251,24.396561875799193,0
73.85001064428252,24.37308386443814,0
73.85002697689926,24.37127786047982,0
73.8500433079158,24.369471856081006,0
73.85005963733227,24.36766585124172,0
73.85007596514872,24.365859845961978,0
73.85009229136531,24.364053840241805,0
73.85014126041675,24.35863582043897,0
73.85022284351409,24.34960577862801,0
73.85023915533621,24.3477997689451,0
73.85025546555943,24.345993758822015,0
73.85032069046545,24.338769713928375,0
73.85035329332774,24.335157688841125,0
73.85045106356131,24.324321603020024,0
73.85048364085738,24.320709570893865,0
73.85049992710928,24.318903554171072,0
73.85058133441146,24.30987346396083,0
73.85066270179384,24.30084336275914,0
73.85067897048104,24.299037341200098,0
73.85072776696587,24.29361927388603,0
73.85076028997611,24.290007226812772,0
73.850809062524,24.28458915290757,0
73.85085782071332,24.279171075048577,0
73.85092280930145,24.27194696508741,0
73.8509552940269,24.268334907471914,0
73.85097153399784,24.26652887800552,0
73.85105270993837,24.257498724088155,0
73.85197530225953,24.154554194593143,0
73.85263572939853,24.080505495898894,0
73.8527160869701,24.07147511655918,0
73.85295692217068,24.044383913098226,0
73.85332551146604,24.002843877294765,0
73.85361338955803,23.970334123376134,0
73.85398048969887,23.928793677196058,0
73.85401237203182,23.92518145362093,0
73.85506095740723,23.80597710222165,0
73.85551953584648,23.753598836250134,0
73.85592955486479,23.706638702742026,0
73.85677775599783,23.609105186744934,0
73.8567934205048,23.6072989986884,0
73.85693433092358,23.591043286838744,0
73.85694997984474,23.5892370944847,0
73.85707511513166,23.57478754018859,0
73.85710638337845,23.571175147319995,0
73.8439868970474,25.238124217053993,0
73.84463483849775,25.16950382610892,0
73.84507679961115,25.122552656768868,0
73.84509377596154,25.120746836477107,0
73.84512772374231,25.11713519454173,0
73.84517863311494,25.111717728259467,0
73.84519559962662,25.109911905264354,0
73.84566999673568,25.05934867859708,1
73.84592361013532,25.032261090646227,0
73.84631176968655,24.99072659274693,0
73.8463286265897,24.988920739623513,0
73.84634548186044,24.987114886051245,0
73.84649710585708,24.97086218370644,0
73.84683357509343,24.934744937313283,0
73.84732029811943,24.882374611701895,0
73.84737057067431,24.87695697032476,0
73.8473873249406,24.875151088970984,0
73.8477387891249,24.837227477247627,0
73.84818961965014,24.788468258386764,0
73.84850616231834,24.754156020487454,0
73.84907114890795,24.692754772265147,0
73.84928667945765,24.669277688459488,0
73.8493529416598,24.662053955248663,0
73.8496508021512,24.629547067823626,0
73.84984908563975,24.60787572961189,0
73.84994814039823,24.597040036543433,0
73.85001414470183,24.589816232293025,0
73.8500306417534,24.588010280121722,0
73.8501131028704,24.578980512614212,0
73.85012959026633,24.57717455778269,0
73.85014607605333,24.575368602507876,0
73.85016256023152,24.573562646789803,0
73.85019552376188,24.56995073402399,0
73.85021200311424,24.568144776976286,0
73.85022848085818,24.566338819485424,0
73.85031084545524,24.55730902538454,0
73.85036024491902,24.551891143607655,0
73.85042608836619,24.544667295037442,0
73.8505248053261,24.533831508897375,0
73.85054125252945,24.53202554299112,0
73.8506563379797,24.519383769254052,0
73.85068920508427,24.515771829917767,0
73.85082060929147,24.50132405487675,0
73.85085344429454,24.497712106693502,0
73.85086985938932,24.495906131938572,0
73.85088627287973,24.494100156741467,0
73.85091909504786,24.490488205020828,0
73.8509519107997,24.486876251531783,0
73.85111589334312,24.468816457567407,0
73.85113228278009,24.467010475740633,0
73.8511486706143,24.465204493472086,0
73.85116505684584,24.463398510761778,0
73.85123058574746,24.4561745755035,0
73.8512797156007,24.450756619422563,0
73.8512960890146,24.448950633179113,0
73.85132883103725,24.445338659367625,0
73.85139429586474,24.438114706447042,0
73.85142701867119,24.43450272733835,0
73.85144337767294,24.432696737121987,0
73.85147609087397,24.42908475536536,0
73.85149244507349,24.427278763825143,0
73.85162322105819,24.41283081562099,0
73.85165589905489,24.40921882415908,0
73.85173756605637,24.40018883778744,0
73.85177022166295,24.396576840152562,0
73.85178654706792,24.394770840673885,0
73.85180287087414,24.392964840754424,0
73.85181919308172,24.391158840394187,0
73.8518844659276,24.38393483454611,0
73.85193340378115,24.378516825533236,0
73.85203123634912,24.367680795612838,0
73.85204753618618,24.365874789084497,0
73.85211271956395,24.358650758567446,0
73.85264950820552,24.299052238148665,0
73.8527631492578,24.286410066200226,0
73.85292535824166,24.268349783221158,0
73.85365333028079,24.18707796684872,0
73.85416904317616,24.129284135543628,0
73.85474728131172,24.064265540319273,0
73.85476331421903,24.062459460154074,0
73.85490753927161,24.046204719041153,0
73.85492355637778,24.04439863451506,0
73.85500361821698,24.035368205345762,0
73.85501962584716,24.033562118204326,0
73.85503563189836,24.031756030627086,0
73.85508364057898,24.0263377652808,0
73.85511563847288,24.02272558620473,0
73.85513163505217,24.0209194960132,0
73.85533944699239,23.997440283890562,1
73.85557889883475,23.970348793878166,0
73.85594536990791,23.928808319160854,0
73.85604083412755,23.91797163578217,0
73.85672333870097,23.840308281141585,0
73.85700817666982,23.80779780177318,0
73.8576865689794,23.73013331169237,0
73.85770231113389,23.728327151258096,0
73.85795397314365,23.69942852563803,0
73.85798540278574,23.695816189673053,0
73.85887852571922,23.5928638905955,0
73.85905030044657,23.57299574222712,0
73.84592113960707,25.2435571159424,0
73.84629601712598,25.203829602722596,0
73.84631303812063,25.202023801470794,0
73.84646615319564,25.18577156988245,0
73.84651716201155,25.18035415122605,0
73.84665311333691,25.16590768161684,0
73.84667009987206,25.164101870885112,0
73.8468398750538,25.146043738757925,1
73.8469925326047,25.129791381289152,0
73.84702643848682,25.126179741337747,0
73.8470433889715,25.124373920686043,0
73.84867981917763,24.949207179298064,0
73.84883087522931,24.932954380875056,0
73.84884765110188,24.931148512142965,0
73.8488644253482,24.929342642962826,0
73.84888119796835,24.927536773334673,0
73.84896503668053,24.918507418474494,0
73.8490488347545,24.909478052417537,0
73.84909909409794,24.904060427410172,0
73.85000126457643,24.806542488939556,0
73.85001792686123,24.80473658890331,0
73.85006790400193,24.79931888611665,0
73.85013451752809,24.792095276153525,0
73.85016781458097,24.788483468494864,0
73.85023438927045,24.78125984782433,0
73.85025102889836,24.779453941541586,0
73.85035083270026,24.768618494480066,0
73.85036746100727,24.76681258507587,0
73.8504671968989,24.755977119289213,0
73.85051704302403,24.750559380378906,0
73.8506000875819,24.741529806616626,0
73.85068309175415,24.7325002217173,0
73.8507494660229,24.72527654578121,0
73.85084897899301,24.714441018519697,0
73.85089871368918,24.709023248879564,0
73.85101470484295,24.696381770810603,0
73.85104783065526,24.69276991592956,0
73.85111406292873,24.68554620082981,0
73.85118026940611,24.67832247861449,0
73.85124645009395,24.671098749285168,0
73.85134567278456,24.660263141955863,0
73.85141178902705,24.65303939484841,0
73.85146135929914,24.64762157985277,0
73.85151091508018,24.64220376085926,0
73.85160998318014,24.631368110881276,0
73.85167599639475,24.624144335349214,0
73.85174198386866,24.61692055271493,0
73.85180794560836,24.609696762980008,0
73.85184091682991,24.606084865450285,0
73.85192331674943,24.59705511386267,0
73.85212091263867,24.575383664819192,0
73.85220317599173,24.566353875544912,0
73.85285983888149,24.49411516281764,0
73.85289260470873,24.490503208599293,0
73.85308906519,24.46883144616253,0
73.85320356071911,24.456189555360634,0
73.85325260623848,24.450771595535375,0
73.85326895154661,24.448965608043874,0
73.85343231669914,24.430905708850563,0
73.85344864442374,24.42909971650395,0
73.85346497055043,24.4272937237161,0
73.85353025908017,24.420069748152958,0
73.85362814395478,24.409233771575664,0
73.85374227032223,24.39659177883913,0
73.85405164775273,24.362277689705984,0
73.85444161777221,24.318933349938433,0
73.85462004752344,24.299067109546034,0
73.85471729170689,24.288230956009347,0
73.85502485406728,24.253916365503795,0
73.85504102567151,24.252110330034874,0
73.8551864986547,24.235855991071915,0
73.85534798451606,24.217795572783135,0
73.8561690970534,24.12568675823424,0
73.8569701165728,24.03538289531093,0
73.85728942023316,23.99926104491084,1
73.8575284846469,23.972169542835925,0
73.85773538751144,23.94869016188031,0
73.85784668671216,23.936047387864235,0
73.85789436280201,23.930629049626397,0
73.85867107301216,23.8421289722251,0
73.85868688505157,23.840322837358944,0
73.85912898673335,23.789750885371173,0
73.85930233410153,23.769883240031533,0
73.85955413832538,23.740984753488714,0
73.85960130712614,23.73556627495591,0
73.85993109565547,23.69763681650025,0
73.8610410103931,23.56939771713097,0
73.86163183356996,23.50076181661474,0
73.84833184147843,25.198427666804616,0
73.8483658134596,25.194816058618567,0
73.84865431072821,25.164117316133954,0
73.8489761890402,25.12980680260743,0
73.84963503829623,25.059379449530848,1
73.84968561618521,25.053961932481688,0
73.8499719471139,25.023262592781236,0
73.85000560214908,25.01965089721975,0
73.85002242722378,25.017845048765217,1
73.85015696920593,25.003398244960817,0
73.85025780732973,24.992563123249866,0
73.8502914070206,24.98895141242198,0
73.85035858688181,24.981727985381024,0
73.85045930788469,24.970892831359517,0
73.85047608902778,24.9690869707859,0
73.85057674175164,24.958251797926245,0
73.85062704617445,24.952834205443093,0
73.85066057433264,24.94922247487947,0
73.85067733597494,24.94741660892527,0
73.85074436630121,24.94019314062648,0
73.8507611198226,24.938387272431406,0
73.85079462199381,24.934775534696968,0
73.85081137064388,24.932969665157657,0
73.85084486307342,24.929357924734965,0
73.8508616068531,24.927552053851645,0
73.85091182845306,24.922134438514007,0
73.85092856574036,24.920328565839,0
73.85094530140482,24.918522692716124,0
73.8510289553882,24.909493320384716,0
73.85106240562533,24.905881568317984,0
73.85107912831081,24.9040756916131,0
73.85111256881619,24.900463936860447,0
73.8511794303674,24.893240421984217,0
73.85121285141487,24.889628661861035,0
73.85131307565476,24.878793370753538,0
73.85132977402253,24.876987487336592,0
73.85139655129112,24.86976394919629,0
73.8514966685978,24.85892862857095,0
73.85153002807769,24.855316851452642,0
73.8516634012408,24.840869725101996,0
73.85168006560279,24.839063832297352,0
73.8517800177964,24.828228466088298,0
73.8518133222526,24.82461667377873,0
73.85186326680692,24.81919898196516,0
73.8521293920383,24.790304557774657,0
73.85214601112989,24.788498652469805,0
73.85239510372384,24.76141001938084,0
73.85256096371016,24.743350874935274,0
73.85300798039403,24.69459096248849,0
73.85332184400413,24.66027823709665,0
73.85365159962166,24.62415940549815,0
73.85424354140066,24.559145061348236,0
73.85427636612084,24.5555331364965,0
73.85429277607761,24.553727173406244,0
73.85435839988483,24.54650331661651,0
73.85478433026451,24.499548074863153,0
73.85480069060351,24.497742098054616,0
73.85484976202717,24.492324164976324,0
73.85504590386934,24.470652392884702,0
73.85512756173503,24.461622469069265,0
73.85602316603072,24.362292579079124,0
73.85603940513397,24.360486568739113,0
73.85605564264583,24.35868055795885,0
73.85623415027472,24.33881441032652,0
73.85625036869796,24.33700839426519,0
73.85628280077432,24.333396360822768,0
73.8565905884321,24.29908195539213,0
73.85672001169318,24.284633737218783,0
73.85730116003747,24.219616407770577,0
73.85733338583563,24.216004317245805,0
73.85754269917264,24.19252568611323,0
73.85763921513146,24.18168936985556,0
73.85765529558849,24.179883315613555,0
73.85852129433897,24.08235573712389,0
73.85893661650499,24.03539756003651,0
73.859096072446,24.017336644234405,0
73.85952581819878,23.968571954103282,0
73.85997027152206,23.9180008295251,0
73.85998612211546,23.91619471163492,0
73.86009703239063,23.903551874250283,0
73.86017620701556,23.894521263100202,0
73.86028698571576,23.881878389271296,0
73.86050831302715,23.856592577879905,0
73.86061886170421,23.843949640334728,0
73.8607135567377,23.83311281983372,0
73.86072933377268,23.83130668156812,0
73.86077665550141,23.825888264173937,0
73.86079242628591,23.82408212417683,0
73.86096580181875,23.80421455564862,1
73.86126482374014,23.76989772311961,0
73.86150049596743,23.742805376730313,0
73.86187684247633,23.699457420520066,0
73.86220541050406,23.661527755146356,0
73.86222103950158,23.65972157586705,0
73.86318700665672,23.54773762078477,0
73.86352833778349,23.508000982017702,0
73.85001109361468,25.230947524396104,0
73.85004506601159,25.22733592995595,0
73.85006204975325,25.225530132057962,0
73.850146943898,25.216501135789933,0
73.85019786073778,25.211083732607506,0
73.85021482974382,25.209277930643236,0
73.85024876284574,25.20566632535965,0
73.85031660941178,25.198443109372974,0
73.85035052287759,25.19483149867028,0
73.85040138080718,25.18941407923006,0
73.85041833017904,25.1876082718471,0
73.85048611131255,25.18038503780151,0
73.85053692999402,25.174967607528526,0
73.85062159510268,25.16593854804923,0
73.85063852322129,25.16413273479994,0
73.85065544970578,25.16232692109956,1
73.85067237455625,25.160521106948114,1
73.85068929777279,25.158715292345626,1
73.85079080276573,25.147880395260223,1
73.85080771454778,25.146074577501125,1
73.85082462469678,25.144268759291187,0
73.85090915094933,25.135239661479616,0
73.85095984711067,25.129822197384044,0
73.85097674256671,25.128016375117554,0
73.85099363639074,25.12621055240047,0
73.85102741914312,25.12259890561456,0
73.85104430807169,25.120793081545795,0
73.85116248489267,25.108152300451493,0
73.85117936077134,25.106346472779318,0
73.85128058180095,25.095511497290452,0
73.85129744626646,25.093705666466565,0
73.85133117030747,25.090094003468362,0
73.85134802988321,25.088288171294103,0
73.8513648878292,25.086482338669764,0
73.85141545188996,25.08106483809653,0
73.85148284782791,25.07384149769929,0
73.85149969273994,25.072035661475212,1
73.8516007280114,25.061200634684543,1
73.85161756152418,25.05939479531196,1
73.85166805229466,25.053977274496166,0
73.85168487929587,25.052171433324965,0
73.85178580712666,25.041336376857164,0
73.85183624907613,25.035918842555386,0
73.85185305980576,25.03411299688935,0
73.8520042831887,25.017860365677056,1
73.85239014488586,24.97632569845047,0
73.85249066318462,24.9654905288315,0
73.85270825246678,24.942014272616134,0
73.85425687497748,24.774066541814705,0
73.85463771442483,24.732530485983734,0
73.85579155772596,24.606114954850916,0
73.85600497745727,24.582637545223893,0
73.856086989915,24.57360775234104,0
73.85611978369434,24.56999583208582,0
73.85615257107277,24.566383910058263,0
73.85626727650157,24.553742169007595,0
73.85628365659329,24.551936204228724,0
73.8563000350858,24.55013023900701,0
73.85682330305718,24.492339118242544,0
73.85698648900286,24.474279300141035,0
73.85706802216045,24.465249374522173,0
73.85737748474105,24.43093555650021,0
73.85802710657504,24.35869541922162,0
73.85807572567361,24.353277380513667,0
73.85864189302258,24.290066636419223,0
73.85881943018741,24.270200291381,0
73.85883556042565,24.26839425737954,0
73.85931873165245,24.2142130333364,0
73.85994472791384,24.143776852580203,0
73.86034474576208,24.098625104783494,0
73.86096680936915,24.028187833485738,0
73.86098272828205,24.02638174088744,0
73.86141194560878,23.977617076158626,0
73.86201409338159,23.908984788784505,0
73.86214057334395,23.89453580628339,0
73.8622511612292,23.88189292382185,0
73.86228274370156,23.878280667787315,0
73.86234588989626,23.871056150516008,0
73.86262973854839,23.83854573699809,0
73.8626769974875,23.833127321102207,0
73.86280295268443,23.818678193000512,0
73.86321161806822,23.771718335482145,0
73.86366619557228,23.719339688329427,0
73.86522369417868,23.538720885592657,0
73.85180974760432,25.250826713884404,0
73.85184369736899,25.24721512687572,0
73.85186066979703,25.24540933269312,0
73.85192854314977,25.238186151441678,0
73.85275786991178,25.149701594608562,1
73.85328052346219,25.093721009612036,0
73.8533141893144,25.090109344105677,0
73.85334784865857,25.086497676799073,0
73.8535496681014,25.064827635164814,1
73.85356647581973,25.06302179543816,1
73.85365049003182,25.05399259005984,0
73.85368408434147,25.050380904761273,0
73.85383517832342,25.034128298668605,0
73.85390228898153,25.026904906499716,0
73.85412021927333,25.00342883232015,0
73.8544382397484,24.96911751052855,0
73.85453854573016,24.958282322637377,0
73.85470559282393,24.940223640290778,0
73.85510584574487,24.896882619898225,0
73.85577086628751,24.824647013310862,0
73.85628448308745,24.768663926752335,0
73.85638371413893,24.757828441144127,0
73.85643330795514,24.752410692324133,0
73.85644983601168,24.750604775159722,0
73.85661502817561,24.732545579017188,0
73.85692845075737,24.698232983698908,0
73.85811090641069,24.56820485099112,0
73.85819271345905,24.55917503416561,0
73.8582581303535,24.551951172732853,0
73.8583071762611,24.546533272008798,0
73.8583235217045,24.544727304215293,0
73.85833986555186,24.542921335979084,0
73.85894346678782,24.47610020024477,0
73.85964221096705,24.39844244491044,0
73.8596746391765,24.394830436443417,0
73.85980428851147,24.380382384951215,0
73.86077342459778,24.272021101109285,0
73.86088611931132,24.25937884828748,0
73.86103089873376,24.243124491639108,0
73.8610791301073,24.23770636486122,0
73.86111127646028,24.234094278150128,0
73.86112734726827,24.232288234136902,0
73.86120767762698,24.223258007495023,0
73.86197684314914,24.136567274679084,0
73.86207273368,24.12573086221107,0
73.86213662923716,24.118506578493157,0
73.86271055764371,24.05348771069586,0
73.8630285277068,24.01736587327203,0
73.86397867951023,23.908999316744808,0
73.86423110307432,23.88010130428209,0
73.86424686628327,23.878295174817097,0
73.86426262793236,23.876489044918603,0
73.86440441259568,23.860233856328648,0
73.86448312728656,23.851203180835917,0
73.86459326240211,23.838560216955536,0
73.86486041567696,23.807855787798864,0
73.86531511003687,23.75547735552088,0
73.86533076583855,23.753671196203392,0
73.86534642008695,23.751865036454145,0
73.86537772392423,23.74825271566047,0
73.86550287716042,23.733803415220482,0
73.86578410878829,23.70129238828385,0
73.86595572521283,23.681424469731496,0
73.8672910004202,23.52609167615765,0
73.86735282832386,23.518866817796,0
73.85391395877149,25.238201568358893,0
73.8539308936989,25.236395770661083,0
73.85403246898045,25.225560974983516,0
73.85433684239028,25.193056490375547,0
73.85460695310704,25.16416349238301,0
73.85479241236811,25.144299489281238,0
73.85489348896199,25.133464555508066,0
73.85514592428952,25.106377150115875,0
73.85522998812428,25.097347992468837,0
73.85546515082902,25.072066291200088,1
73.85658617288932,24.95107407293134,0
73.8568694561186,24.920374234584123,0
73.85745121770589,24.857168277722415,0
73.8576004944172,24.840915228858,0
73.85779932719382,24.81924444075968,0
73.8578324434633,24.81563263649267,0
73.85841093740429,24.75242577298678,0
73.85864178424605,24.72714287472319,0
73.8586582612766,24.72533695007925,0
73.85882294341182,24.70727767916222,0
73.85929961581809,24.654905542012415,0
73.85931602879174,24.653099599582692,0
73.85933244016603,24.65129365670883,0
73.859463673596,24.63684609773174,0
73.85952925194525,24.629622307588296,0
73.85988947600146,24.589891334907996,0
73.86019995698537,24.555578049470373,0
73.86021628214468,24.55377208264929,0
73.86028156684488,24.546548210937278,0
73.86033051363889,24.54113030250491,0
73.86041205976818,24.532100446265588,0
73.86080292718327,24.48875698238274,0
73.8608517211786,24.483339031493283,0
73.86159810556347,24.400263286978458,0
73.8619700391963,24.35872506488088,0
73.86255051544778,24.293708249953443,0
73.86277570313739,24.268423779243168,0
73.86285605233786,24.25939359028195,0
73.86338536846645,24.19979406818292,0
73.8648202539282,24.037247495660367,0
73.8650264653029,24.013768254175027,0
73.86527990100429,23.984870625195835,0
73.86576979449954,23.92888115227466,0
73.86625818897107,23.872891262110052,0
73.86643113044633,23.853023781575953,0
73.86652538280414,23.842186951920766,0
73.86680780402207,23.809676369456373,0
73.8672773877663,23.755491754013928,0
73.86772999206129,23.703112923048735,0
73.86875520777373,23.583904578184306,0
73.86880164871148,23.578485972562294,0
73.86887901944594,23.56945495460739,0
73.86900273249306,23.555005303565903,0
73.86941953652847,23.50623752870787,0
73.85610213574826,25.216547341375914,0
73.85623717858815,25.202100893753737,0
73.8567763086462,25.144314814437408,0
73.85682676674874,25.1388973458267,0
73.85689402148039,25.13167404803686,0
73.8573473116986,25.082916599478615,0
73.85766558521742,25.048605605712112,0
73.85883313417489,24.92219528259085,0
73.85919844535998,24.882465870387307,0
73.85939737759833,24.86079519066561,0
73.85991021440019,24.80481230361741,0
73.85994324764454,24.801200489721907,0
73.85995976185932,24.79939458210497,0
73.86037209593515,24.754246746766338,0
73.86106256362507,24.67839775680461,0
73.86127570818259,24.654920529507383,0
73.86184821832457,24.59171223694111,0
73.86202774681165,24.571846661365363,0
73.86217449046502,24.55559296874986,0
73.86220708266057,24.551981032186298,0
73.86282512616783,24.483353901227055,0
73.8635863786598,24.39847209375519,0
73.86366715706441,24.38944205690948,0
73.86373175131178,24.382218019503583,0
73.86394150788286,24.358739849277203,0
73.86450491026483,24.295529021453472,0
73.86480994807616,24.261214346675462,0
73.86521044748113,24.216063217525647,0
73.86535438658835,24.199808743978164,0
73.8656578400615,24.16549362780718,0
73.86568974955479,24.161881501126555,0
73.86722983823938,23.986691260850645,1
73.86724563883993,23.984885154547555,0
73.86726143788036,23.983079047809547,0
73.86775043483222,23.927089523346677,0
73.86828503362166,23.8656811781342,0
73.86830072990536,23.86387504274691,0
73.8685359877681,23.836782959963344,0
73.86858299741853,23.831364531716762,0
73.86881783620136,23.804272332071978,1
73.86930206448255,23.748281477932757,0
73.86955140666439,23.719382810234723,0
73.87000233078258,23.667003693737882,0
73.87006442529625,23.659778959588795,0
73.87007994506686,23.657972774975526,0
73.87020404769396,23.64352328257893,0
73.87029705988991,23.632686145214663,0
73.87032805162126,23.62907376265303,0
73.87034354517472,23.627267570727284,0
73.87049839595115,23.609205627828633,0
73.87054482114192,23.603787036579465,0
73.87066855389205,23.58933744101512,0
73.8707612887982,23.578500226307114,0
73.87083852556839,23.56946920224641,0
73.8709157238798,23.560438167458166,0
73.87096202441131,23.555019541437325,0
73.87097745484648,23.553213331905884,0
73.87110084298529,23.538763640217095,0
73.87114708817815,23.533344998760082,0
73.87119331954263,23.52792635344574,0
73.87127034109386,23.518895269351876,0
73.87136271627685,23.508057954302764,0
73.87142426902722,23.500833069038336,0
73.85790167119474,25.23642652197618,0
73.85791854585193,25.234620721323378,0
73.85793541888218,25.232814920218697,0
73.85808720295954,25.216562689945835,0
73.85855857822246,25.16599996189202,0
73.85899514445892,25.119048540679234,0
73.86013175943054,24.996251077751307,0
73.86019838651755,24.98902763289182,0
73.86051451290194,24.95471617181564,0
73.86094616471348,24.907763384001207,0
73.86101247615059,24.90053985132211,0
73.86117814221626,24.88248098830864,0
73.86185569437507,24.808439182696517,0
73.8619381382563,24.79940964286345,0
73.86206996516692,24.784962355937044,0
73.86210290588056,24.78135052974637,0
73.86213584019022,24.777738701772456,0
73.86221814795226,24.768709124037294,0
73.86238264346774,24.750649935147113,0
73.8625141247279,24.736202551965388,0
73.86254697905632,24.732590701717484,0
73.86256340382312,24.73078477592579,0
73.86287517085823,24.696472101337626,0
73.86302264881249,24.68021867312674,0
73.86338260662258,24.640487919315408,0
73.86339895001241,24.63868197085351,0
73.86349697690177,24.62784627076155,0
73.86385591853507,24.588115233795982,0
73.86429538601044,24.539354122559274,0
73.8643116403466,24.53754814927809,0
73.86432789309539,24.535742175554407,0
73.86449033329878,24.517682413985483,0
73.86466883430963,24.497816625183095,0
73.86492812977725,24.468920836925463,0
73.86513850881676,24.445442925726717,0
73.8656552261012,24.387650826732372,0
73.86621853420006,24.32444020205733,0
73.86657162534934,24.284707533718066,0
73.86674788526265,24.264841119846608,0
73.86727552392209,24.205241559822042,0
73.86733936393048,24.19801733830259,0
73.86751479454318,24.1781506930069,0
73.86759447301229,24.169120382185938,0
73.86765818757594,24.161896125655034,0
73.86770595704597,24.156477928664653,0
73.86773779552617,24.152865795151357,0
73.86781736431625,24.143835453717205,0
73.86783327337612,24.142029384118988,0
73.86786508679849,24.138417243611382,0
73.86797638446454,24.125774738069968,0
73.8680081697117,24.122162589697584,0
73.86813524811781,24.107713978738307,0
73.86815112587965,24.105907900403455,0
73.86829395537298,24.08965317574722,0
73.86830981750032,24.087847093047806,0
73.86842080863548,24.07520450193638,0
73.86845250632679,24.071592329121735,0
73.86846835282931,24.06978624206026,0
73.86848419776989,24.067980154562715,0
73.86854756191461,24.06075580021235,0
73.86861090107588,24.053531438886882,0
73.86864256128963,24.049919255608994,0
73.86875332287481,24.037276600410213,0
73.86876913971679,24.035470505067714,0
73.86881658088237,24.030052216426768,0
73.8688640080095,24.024633923866165,0
73.86889561829639,24.02102172664852,0
73.86892722234589,24.017409527689296,0
73.8689746167267,24.01199122598547,0
73.8690062051861,24.008379022673203,0
73.86902199707772,24.006572920364242,0
73.8691798302881,23.98851187334321,1
73.86944778932384,23.957807993602188,0
73.86952651520453,23.948777416833448,0
73.86990385832554,23.905430497232295,0
73.86999805426484,23.894593728277954,0
73.87001374815327,23.89278759860104,0
73.87004513127253,23.889175337946412,0
73.87010787888357,23.881950811434688,0
73.87013924337684,23.878338545578,0
73.8702332996169,23.867501737607018,0
73.8702489702271,23.86569560142866,0
73.87026463928619,23.86388946481706,0
73.87028030679424,23.86208332777226,0
73.87031163715767,23.858471052383162,0
73.8704212445864,23.84582807487913,0
73.8704838432991,23.838603506779922,0
73.87051513335692,23.834991220133126,0
73.87054641721672,23.831378931755125,0
73.87057769487927,23.827766641646136,0
73.8706245997549,23.822348203237475,0
73.87065586192764,23.81873590880188,0
73.87071836769007,23.811511314740034,0
73.8707808486802,23.80428671375866,0
73.87081207988751,23.80067441067366,0
73.87082769316957,23.798868258482663,0
73.87090573636769,23.78983749104379,1
73.87101493186807,23.777194398479054,1
73.8710305250386,23.77538824067022,1
73.87107729527239,23.76996976465201,1
73.87118637170897,23.757326638827934,1
73.87120194787457,23.75552047626888,1
73.8712486670997,23.750101986001678,1
73.87126423708452,23.748295821716024,0
73.87129537241935,23.744683491849994,0
73.87138874135233,23.73384649189587,0
73.87143540497078,23.728427986094804,0
73.87149760151419,23.721203305655216,0
73.87151314679093,23.719397134467243,0
73.87152869052423,23.71759096284809,0
73.87154423271416,23.715784790797787,0
73.87155977336083,23.71397861831635,0
73.87163745344851,23.704947749443132,0
73.87168404298798,23.699529222947277,0
73.8716995697495,23.697723046586823,0
73.87176166137328,23.690498336836523,0
73.87177718042412,23.688692158321945,0
73.87183924120987,23.68146743995642,0
73.87185475255238,23.67966125928836,0
73.87197878781045,23.665211798443636,0
73.87261292197539,23.59115787954049,0
73.87293672153872,23.553227543883356,0
73.85976909953278,25.249082458282377,0
73.86003861196981,25.220189624254793,0
73.86010592513132,25.212966397677917,0
73.8601227493643,25.21116058990474,0
73.86057639059773,25.162403609427898,1
73.86081114692861,25.13712208270968,0
73.86106231955931,25.110034634661925,0
73.86114596290679,25.10100546279929,0
73.86119612951778,25.095587954280727,0
73.86124628158407,25.090170441712203,0
73.86161361924854,25.05044189252317,0
73.86173033559314,25.03780094488302,0
73.86194688488665,25.014324840873005,1
73.86204673884983,25.00348969035434,0
73.8622296538553,24.98362520578124,0
73.86251195763045,24.95292544107398,0
73.86252854925868,24.95111956852785,0
73.86262806526759,24.940284323842718,0
73.86264464564329,24.938478448160687,0
73.86267780157348,24.93486669545297,0
73.86271095107612,24.931254940953888,0
73.86272752341738,24.929449063032642,0
73.86281036102692,24.920419666710362,0
73.86289315848472,24.911390259196875,0
73.86310824405685,24.887913747308737,0
73.86319089707445,24.878884299532036,0
73.86333957148068,24.862631265369377,0
73.86386714067096,24.80484240643282,0
73.86460626441072,24.723576050882805,0
73.8646226526642,24.72177012162749,0
73.86468818973034,24.714546400156824,0
73.86529319903,24.647726639322688,0
73.8659610713593,24.57368241071325,0
73.86618851412611,24.548398844954253,0
73.86622098057985,24.544786899905287,0
73.86631834190352,24.53395105413761,0
73.86633456324472,24.532145078294395,0
73.86644806827725,24.51950323500628,0
73.86648048403234,24.515891275800758,0
73.86649668953466,24.51408529553472,0
73.86678811792247,24.48157757516306,0
73.86690131276713,24.468935645250546,0
73.86694980112864,24.46351766866461,0
73.86698211880004,24.459905682066662,0
73.86701443015002,24.456293693703085,0
73.86703058345472,24.454487698859253,0
73.86707903388887,24.449069711679854,0
73.86735331786817,24.418367709335687,0
73.86804506037373,24.340709135002093,0
73.86882977809263,24.252213489392645,0
73.86887769953262,24.24679535440393,0
73.86898946132443,24.234153024084588,0
73.86903733571232,24.228734875944046,0
73.86910114628121,24.221510672288183,0
73.86914898775004,24.2160925149458,0
73.869180874227,24.212480407860546,0
73.8692127544364,24.208868299023262,0
73.8692605630005,24.203450132482697,0
73.86930835746695,24.198031962001185,0
73.86938798359007,24.189001669109476,0
73.86941982307926,24.185389548888825,0
73.8697219860325,24.15107431951275,0
73.8701028588242,24.107728541063338,0
73.87057768534571,24.0535459644279,0
73.87095653661379,24.010199620682336,0
73.87106686600843,23.997556889854387,1
73.8710826211282,23.99575078371006,1
73.87111412670193,23.99213857011642,1
73.8711298771561,23.990332462667144,1
73.87116137339947,23.986720246463832,1
73.8711771191889,23.984914137709843,0
73.87120860610368,23.98130191889732,0
73.87122434722923,23.979495808838834,0
73.87127156127966,23.97407747605479,0
73.87128729618806,23.97227136425733,0
73.87130302954239,23.970465252025196,0
73.87131876134278,23.968659139358394,0
73.87133449158931,23.96685302625697,0
73.87141311951743,23.957822454231263,0
73.87149170861342,23.948791871343566,0
73.87153884343657,23.9433735163985,0
73.8716644679944,23.928924550771903,0
73.87177430801363,23.91628168305915,0
73.87183703961286,23.90905717767692,0
73.87185271863565,23.907251050246792,0
73.87196242838343,23.894608146091645,0
73.87219726500086,23.867516137083634,0
73.87241613148787,23.84223017406401,0
73.87247860905961,23.835005597615012,0
73.87277503965052,23.800688764950433,0
73.87341280614713,23.72663612087465,0
73.87398612746247,23.659807502661625,0
73.87426427909058,23.627296069907725,0
73.87440316824717,23.611040301294523,0
73.87441859269866,23.60923410263349,0
73.87446485684313,23.60381550407292,0
73.8745727528005,23.59117209239954,0
73.87458816037142,23.589365889014335,0
73.87469597042006,23.576722453298476,0
73.87475754242561,23.569497623447802,0
73.87478831922994,23.565885205948142,0
73.87491136514147,23.55143551879209,0
73.87501894987797,23.53879202001905,0
73.87506503464878,23.533373371258183,0
73.87527991474528,23.508086292723924,0
73.86244329093695,25.175059606286787,0
73.86249356894628,25.169642149448208,0
73.86251032504754,25.167836329600096,0
73.86252707953136,25.166030509301056,0
73.8626610571873,25.151583930678452,1
73.86272800721629,25.144360630549453,0
73.86317924392061,25.095603166176044,0
73.86339608646261,25.072127232977703,1
73.86362930455395,25.046845373782645,0
73.86364595090716,25.045039523326693,0
73.86386220699282,25.021563426523315,0
73.86389545301876,25.017951712586928,1
73.86426073475678,24.978222740814083,0
73.8643436448517,24.969193398772028,0
73.86477413039954,24.92224063956984,0
73.8650054812496,24.896958259249182,0
73.86503850573337,24.89334648347363,0
73.86535191889733,24.859034524407182,0
73.86597701333682,24.790410122570712,0
73.86692666362624,24.685666373678682,0
73.86712247451281,24.663995066393955,0
73.86811431253452,24.553831599686287,0
73.86821155186767,24.54299575979867,0
73.86840585968072,24.52132403223814,0
73.86842204171974,24.519518052066477,0
73.86845440105523,24.515906090396616,0
73.86848675406799,24.512294126958203,0
73.86919692230641,24.43283048427018,0
73.86922913011551,24.42921848020966,0
73.86924523165614,24.42741247751796,0
73.8694061604081,24.409352426353998,0
73.86942224462005,24.407546418813457,0
73.86964725828442,24.38226226698825,0
73.86972754555869,24.373232191846753,0
73.87000022823811,24.342529854069518,0
73.87001625425022,24.340723830241206,0
73.87003227869123,24.338917805973153,0
73.87006432286033,24.33530575611793,0
73.87011237733317,24.329887678037657,0
73.8701604176714,24.324469596001073,0
73.8701764279769,24.322663567776477,0
73.87020844387767,24.319051510008848,0
73.87024045349874,24.31543945048344,0
73.87032045008286,24.30640929398101,0
73.87038441910326,24.299185160872096,0
73.87041639419998,24.295573091682527,0
73.87048032557041,24.288348948034155,0
73.87049630449212,24.286542911024455,0
73.87051228184566,24.28473687357575,0
73.87054423184865,24.281124797361468,0
73.87065600747638,24.2684825167868,0
73.87070388780711,24.263064389958824,0
73.87071984478344,24.261258346805455,0
73.87076770631201,24.255840214713558,0
73.87078365702173,24.254034169805752,0
73.87115009121486,24.212495015937453,0
73.8712137344024,24.205270791605546,0
73.87138862417527,24.18540413857288,0
73.87143628856374,24.179985951282042,0
73.87252869374264,24.055366558141813,0
73.87279669857008,24.024662910509054,0
73.8728596932389,24.01743850454043,0
73.87298560800319,24.00298967171155,0
73.8730799788489,23.992153028816055,1
73.87350395635958,23.943387942106067,0
73.87356667170853,23.93616345788053,0
73.87361369195081,23.930745090152765,0
73.87375466903377,23.91448996353245,0
73.87378598024074,23.910877708399465,0
73.87419246269819,23.863918233843517,0
73.87455117231438,23.82237691611086,0
73.8745823258519,23.818764616794034,0
73.87470687827881,23.804315402228486,0
73.87473800095853,23.800703094263554,0
73.87483133198488,23.789866159995483,1
73.87556050636647,23.704976303810238,0
73.87577705036068,23.679689779551712,0
73.87597785734799,23.656209360033266,0
73.87671705315509,23.569511797010012,0
73.86385784963426,25.23647244892322,0
73.86412624267925,25.20757952446709,0
73.86414300349654,25.20577371285054,0
73.86421003059876,25.198550461870674,0
73.86442769010634,25.175074846326044,0
73.86454477831373,25.16243409869144,1
73.86487888031216,25.126317555186613,0
73.8653122489297,25.07936577936007,0
73.86532889521327,25.077559935754536,0
73.86682048267933,24.91503217274053,0
73.86715018374048,24.878914399193107,0
73.86716665200636,24.877108505820413,0
73.8679552513569,24.790425098712614,0
73.86833182037518,24.748888935289944,0
73.86940774169015,24.629696898751536,0
73.8694564830216,24.62427903293778,0
73.86950521009793,24.61886116313182,0
73.86952144928937,24.617055205642792,0
73.86961885118792,24.606219451396438,0
73.86966753076666,24.60080156828796,0
73.86978106106392,24.588159825521924,0
73.86981348405305,24.5845478950292,0
73.86986210667422,24.579129995967396,0
73.8699431127494,24.570100155338785,0
73.8699593092213,24.56829418588444,0
73.8700888240958,24.553846414310392,0
73.87010500634402,24.552040440871593,0
73.87018589388839,24.54301056703916,0
73.87021823784951,24.539398614408718,0
73.87023440746123,24.537592637429842,0
73.87026674194736,24.533980682144932,0
73.8703637075149,24.52314480567463,0
73.8703960167431,24.51953284331332,0
73.87042831965881,24.51592087918342,0
73.87044446874972,24.514114896455297,0
73.8704606162628,24.5123089132851,0
73.87052519053888,24.50508497618402,0
73.87058973957767,24.497861032011663,0
73.87063813479858,24.492443069242828,0
73.87067039039586,24.488831091854646,0
73.87068651582977,24.48702510249795,0
73.87071876196872,24.483413122459446,0
73.87073488267391,24.4816071317777,0
73.87079934973528,24.474383164634606,0
73.87084768348666,24.468965184641075,0
73.87087989811067,24.465353195771375,0
73.87089600305988,24.463547200674387,0
73.87094430845764,24.458129212735216,0
73.87097650418218,24.454517218569162,0
73.87102478596003,24.449099224010663,0
73.87104087673733,24.447293224942086,0
73.87116954629404,24.432845216513574,0
73.8712016979475,24.429233209996273,0
73.87121777141441,24.42742720607623,0
73.87128204955224,24.420203185987386,0
73.87136236183983,24.411173150958636,0
73.87137841958037,24.409367142630767,0
73.87139447574882,24.407561133862263,0
73.87141053034529,24.405755124653137,0
73.8714426348226,24.402143104913105,0
73.87147473301312,24.39853108341089,0
73.8715068249176,24.394919060146684,0
73.87152286851284,24.393113047853895,0
73.87160306292287,24.384082979784086,0
73.87163512969117,24.380470949473885,0
73.8716511607195,24.378664933658403,0
73.87181138464567,24.360604751295202,0
73.87182739840475,24.3587987306386,0
73.87189143774859,24.351574643612885,0
73.87190744366193,24.34976862075675,0
73.87192344800641,24.3479625974608,0
73.87193945078215,24.346156573725033,0
73.8719874496978,24.340738499879173,0
73.87246666295097,24.28655754387678,0
73.87267388433513,24.263079006880115,0
73.87268981348976,24.26127296250152,0
73.87292856317578,24.23418224420288,0
73.8729921703662,24.22695803599999,0
73.8730875342873,24.216121710551928,0
73.87310342280786,24.214315654777465,0
73.87321459873425,24.201673252094597,0
73.87348427906375,24.170970184857868,0
73.8738484235383,24.129430539782973,0
73.87386423721442,24.12762446301425,0
73.87403808491806,24.10775758973705,0
73.87406967336189,24.104145425283978,0
73.8741959649194,24.08969675001592,0
73.87421174436618,24.087890663644057,0
73.87466867238695,24.035513969206193,0
73.87482593101736,24.017452955137635,0
73.8749987363705,23.99758578939272,1
73.87503013537217,23.993973571783556,1
73.8752497548505,23.968687999820087,0
73.87620312962068,23.85851415738591,0
73.87624986863345,23.85309573007489,0
73.87628102026326,23.849483443036075,0
73.87632773614185,23.84406500923113,0
73.87668543037093,23.80252355402834,0
73.87671649570717,23.798911242765342,0
73.87702681049463,23.762788035085773,1
73.87719722140845,23.74292019724596,0
73.87796947497006,23.652611186029056,0
73.87803108964948,23.645386418634228,0
73.87804648949015,23.643580225710352,0
73.87818501915044,23.627324470047817,0
73.87850777298695,23.589394238151044,0
73.87864588963528,23.57313836651814,0
73.86591026551845,25.229264479323604,0
73.86601074680605,25.218429627911913,0
73.86621153501655,25.196759876329242,0
73.86634526473672,25.18231333917278,0
73.86654566581984,25.160643479316807,1
73.86727848594712,25.081186771498153,0
73.86736156396218,25.072157545029086,1
73.86747780572155,25.05951660909092,1
73.86764372891243,25.0414580909818,0
73.86848744349422,24.94935895046356,0
73.86871832315406,24.924076629514087,0
73.8688665803934,24.907823662573797,0
73.8692284425616,24.86809403531245,0
73.8694747241629,24.84100552907524,0
73.86949113018686,24.839199625086728,0
73.86968787824073,24.81752874240839,0
73.86978616629449,24.806693276974077,0
73.8698516598366,24.79946962443064,0
73.8700152823443,24.78141046186146,0
73.87004798776415,24.777798623998795,0
73.87012972349633,24.76876902154418,0
73.87016240666435,24.76515717744367,0
73.8702114194994,24.759739407952075,0
73.87026041803651,24.75432163445209,0
73.87029307578595,24.750709783225528,0
73.87039101092175,24.739874218860496,0
73.8704562692599,24.732650500381297,0
73.87053780647246,24.72362084226972,0
73.87061930401885,24.714591173035906,0
73.87066818351215,24.709173366158222,0
73.87078218016335,24.6965318012138,0
73.87083101209188,24.691113980997866,0
73.8709448977938,24.678472384939436,0
73.87107495783548,24.66402481993075,0
73.87110745701052,24.660412924237264,0
73.87122115425969,24.64777127532432,0
73.87126985791365,24.64235341913179,0
73.87130231910544,24.638741512784456,0
73.87136722250662,24.63151769476511,0
73.87161038494425,24.604428313986535,0
73.87249894152656,24.505099731795248,0
73.87251505296268,24.503293745187406,0
73.87290125531355,24.459949934087202,0
73.87323843950348,24.42202389084671,0
73.87341478340903,24.40215779060419,0
73.87344682553706,24.39854576665063,0
73.87360694206728,24.380485620458977,0
73.8736229450959,24.378679603418213,0
73.8738468229348,24.353395318638594,0
73.8738628024585,24.35158929499755,0
73.87387878041599,24.349783270916685,0
73.87415016615802,24.319080794273436,0
73.87440517500907,24.290184229671038,0
73.87445294461423,24.28476611129417,0
73.87473926700613,24.25225731810384,0
73.8747551589724,24.25045126987105,0
73.87489811644673,24.23419681604951,0
73.87584794074054,24.125832884361294,0
73.87598993133473,24.109578158877625,0
73.87679217034686,24.01746738051584,0
73.87721525392838,23.968702392308696,0
73.8779957678807,23.8783960224899,0
73.87801133882472,23.876589884034562,0
73.87816696353059,23.858528475656698,0
73.87818251752982,23.856722332437023,0
73.87923658188126,23.73390357907192,0
73.87943728590284,23.710423295983052,0
73.87948356543377,23.705004758772226,0
73.87968395077414,23.681524386059355,0
73.8796993543131,23.67971820052865,0
73.87976095316314,23.672493454101176,0
73.88013003229047,23.62914483098219,0
73.88045225446993,23.591214582669927,0
73.88057482869965,23.576764914459925,0
73.88059014361318,23.57495870400272,0
73.88071260801878,23.56050900490259,0
73.88077380362945,23.5532841450602,0
73.88080439228935,23.54967171256664,0
73.88100307002212,23.52619085957323,0
73.88114046537588,23.50993484201606,0
73.86799585140962,25.218444844489277,0
73.86832978405494,25.182328530972654,0
73.86851317248691,25.162464481629502,1
73.8688294759364,25.12815372250236,0
73.8688461074133,25.126347888570315,0
73.86897910140013,25.11190120090649,0
73.86936088684361,25.070366813466144,1
73.869377466961,25.06856096513765,1
73.86951005019066,25.05411416233002,1
73.8695266158822,25.05230830995697,1
73.86959286262584,25.04508489597227,1
73.86960942030663,25.0432790413531,1
73.86967563501237,25.036055618385085,1
73.86969218468496,25.034249761520375,1
73.86975836736306,25.02702632957147,1
73.86984105969073,25.017997029534452,0
73.86987412541822,25.014385306377765,0
73.8700063243283,24.99993839580228,0
73.87002284199376,24.998132529961502,0
73.87005587252695,24.994520796934335,0
73.8701054063339,24.989103194029887,0
73.87018793070483,24.98007384688755,0
73.87028690720857,24.969238615522862,0
73.87031988659423,24.965626868149077,0
73.87033637389086,24.963820993789994,0
73.87035285959014,24.96201511898283,0
73.87036934369219,24.960209243727604,0
73.8704352641301,24.9529857382265,0
73.87046821476828,24.949373982788185,0
73.87048468769254,24.94756810439717,0
73.87050115902038,24.945762225558287,0
73.8705176287519,24.943956346271555,0
73.87058349171687,24.936732824646633,0
73.87063287218426,24.931315178726727,0
73.87064932914892,24.929509295858086,0
73.87069869047092,24.92409164456648,0
73.87073159004326,24.92047987480092,0
73.87076448323606,24.916868103245328,0
73.87078092744036,24.915062216796333,0
73.8708302504862,24.90964455476482,0
73.87089599222787,24.90242099912651,0
73.8709781335436,24.89339154451532,0
73.87102739921184,24.887973866382683,0
73.87109306446713,24.88075028928028,0
73.87110947679906,24.87894439388719,0
73.87119151457247,24.869914910217933,0
73.87124071813119,24.864497214654246,0
73.87128990736421,24.85907951506976,0
73.87135547072863,24.851855909370336,0
73.87143738913672,24.842826392198056,0
73.87147014536555,24.83921458220373,0
73.8715356387402,24.831990956858284,0
73.87165019093788,24.819349595321466,0
73.8716665491799,24.817543684745697,0
73.87171561437172,24.812125950341777,0
73.87174831655541,24.808514125175535,0
73.8717646652643,24.806708211923404,0
73.87178101238467,24.804902298225294,0
73.87179735791666,24.803096384081233,0
73.87191173217377,24.790454972588147,0
73.87218917442605,24.759754310901236,0
73.87225438833065,24.75253060708957,0
73.87348863998156,24.615278882904306,0
73.87353717317566,24.609860999074577,0
73.87392492782008,24.566517784859226,0
73.87418292677116,24.537622167023336,0
73.87419903832576,24.53581618714774,0
73.87421514830686,24.534010206829844,0
73.87423125671457,24.53220422606967,0
73.87440834538288,24.512338408524275,0
73.87509877696415,24.434680608916505,0
73.87541891962977,24.398560424220545,0
73.87585011873618,24.349797895464608,0
73.8759457859181,24.338961734409683,0
73.87612102964621,24.319095398042336,0
73.87667736677336,24.255883974273164,0
73.8767090997693,24.252271876681363,0
73.87683596943619,24.237823468779272,0
73.87718434724665,24.19809020247327,0
73.8777212691223,24.13668382888295,0
73.8783035281162,24.069858672118357,0
73.8788680157602,24.00483902788499,0
73.87891496595648,23.999420698735204,1
73.87924322821996,23.96149228512349,0
73.87952405436623,23.92898206383091,0
73.8795396411746,23.92717593630194,0
73.88034803412057,23.833256707442292,0
73.88064237176776,23.798939774145488,0
73.88088980545696,23.770041182997232,1
73.8809052570309,23.768235017379716,1
73.88107512321513,23.748367167100405,0
73.88121396679418,23.732111614405994,0
73.88136809202396,23.71404984822731,0
73.88149128206005,23.699600404255403,0
73.88164513199882,23.68153856052559,0
73.88181419044064,23.661670482702803,0
73.88207509918014,23.63096516914535,0
73.8820904330192,23.62915897036103,0
73.88210576533287,23.62735277114695,0
73.88245798775074,23.58581007067128,0
73.8825344511805,23.576779018778424,0
73.88261087654243,23.56774795616032,0
73.88285518201923,23.538848483745745,0
73.88287043818102,23.537042263076714,0
73.88302291617646,23.518980032825876,0
73.88306862993551,23.51356135539967,0
73.88312956034186,23.5063364461712,0
73.88317524219553,23.500917759755595,0
73.86968039473233,25.25096458445253,0
73.8697138163729,25.247352975009584,0
73.86974723157063,25.243741363759302,0
73.86983074138297,25.234712327727728,0
73.86984743851508,25.232906519166313,0
73.86991421094578,25.22568328040447,0
73.86994758750393,25.22207165831417,0
73.86996427336906,25.220265846591754,0
73.86999764027199,25.21665422179253,1
73.87008102937463,25.207625151894895,1
73.8701310435343,25.202207704540427,1
73.87014771170449,25.200401887853097,1
73.87016437826667,25.19859607071456,0
73.87023102843736,25.191372797648775,0
73.87028099918636,25.18595533811288,0
73.87033095547075,25.18053787451781,1
73.87034760435165,25.178732052417523,1
73.87041418380872,25.17150875950739,1
73.87043082465684,25.169702935152724,1
73.87049737198788,25.162479633226273,1
73.8705140048058,25.160673806617826,1
73.87058052002119,25.153450495677465,1
73.87066362792156,25.14442134686396,0
73.87068024468681,25.142615515749767,0
73.87069685984737,25.140809684185122,0
73.87076330444472,25.133586353422604,0
73.87079651711788,25.12997468533931,0
73.87082972337515,25.126363015454924,0
73.87087952073303,25.12094550725169,0
73.87094589476227,25.11372215667866,0
73.8709790721582,25.1101104786917,0
73.87099565845186,25.108304639023185,0
73.87111171763654,25.095663748745363,0
73.8711614332548,25.090246217592835,1
73.87122769832239,25.08302283642648,1
73.87132704788694,25.07218775118795,0
73.87137670105864,25.066770202500056,0
73.87140979517108,25.063158501127585,0
73.87159169839961,25.043294111453253,1
73.87170735425161,25.030653107909465,1
73.87211977178355,24.985506487159846,0
73.87220213555659,24.97647712937194,0
73.87226799785988,24.969253635073432,0
73.87233383464564,24.962030133604884,0
73.87238319549304,24.956612502799057,0
73.87244898763886,24.949388988786676,0
73.8726626360401,24.925912518765777,0
73.87285961108374,24.904241863921055,0
73.87295801267078,24.893406512344296,0
73.87340011152844,24.84464723113734,0
73.87366154969249,24.815752688663295,0
73.87375948429107,24.804917205789938,0
73.8745896258767,24.712814953755856,0
73.87462209659562,24.709203077146054,0
73.87463832958458,24.707397138174205,0
73.87489784256967,24.678502054175564,0
73.8757062178299,24.588204184192556,0
73.87614110390156,24.539442873724767,0
73.8761893538481,24.5340249304262,0
73.8762375896588,24.528606983147412,0
73.8766390053785,24.483457267793654,0
73.87742293903784,24.394963025515583,0
73.87743889856787,24.393157009552567,0
73.87745485653491,24.391350993149224,0
73.87747081293907,24.3895449763056,0
73.87756651854902,24.378708865998934,0
73.87770997152234,24.3624546708322,0
73.87812368107531,24.315497906925753,0
73.87825076424842,24.30104961211837,0
73.87826664263301,24.299243573291413,0
73.87839361363321,24.28479524687267,0
73.878520484977,24.270346892368437,0
73.87869477044572,24.250480359090155,0
73.87912176445185,24.20171682532187,0
73.88009798845964,24.0897400965463,0
73.88031760246605,24.064454796516674,0
73.88119303215487,23.9633127429284,0
73.88223407686866,23.842301710718345,0
73.88226504686213,23.838689411205895,0
73.8824971263385,23.81159710971314,0
73.88254350085606,23.80617863774044,0
73.88268254169884,23.78992319848633,1
73.8826979830251,23.788117036409005,1
73.88297566520164,23.755606045178947,1
73.8829910774565,23.75379987489897,1
73.88331438172123,23.71587019938985,0
73.88346809936719,23.697808382338234,0
73.88369838969345,23.67071557601612,0
73.88420382116641,23.611111061430492,0
73.8842191113843,23.60930485671335,0
73.88426497290808,23.6038862399854,0
73.88435665487961,23.59304899493747,0
73.88452459630663,23.573180672222687,0
73.87186611158135,25.229310071378297,0
73.87196606544953,25.218475197697597,0
73.87198271880517,25.216669383837385,1
73.87204931616762,25.209446123882856,1
73.8720659614937,25.20764030776592,1
73.87256457513705,25.153465614524084,1
73.8732932670592,25.074008664453185,1
73.87350796995757,25.050532580757295,1
73.87365645234478,25.034279862957376,1
73.87382128118493,25.01622124497344,0
73.87405177367498,24.99093910441618,0
73.87406822547145,24.98913323386986,0
73.8742326558288,24.97107450375094,0
73.87442976210318,24.949403968458938,0
73.8744625908712,24.945792206306244,0
73.87554237548989,24.826603051614466,0
73.87575424601668,24.803126170601086,0
73.87593331214805,24.783261058580344,0
73.87642070201379,24.729083206398336,0
73.87671245379585,24.696576302867708,0
73.87763296675048,24.593636825753975,0
73.87798688611349,24.553905414263795,0
73.87800295530607,24.5520994359237,0
73.87819566327292,24.530427661337967,0
73.87861242298786,24.483471931363642,0
73.87875643936985,24.467217955272204,0
73.87955422508973,24.37691743767584,0
73.87969741215579,24.360663227581227,0
73.88004689368664,24.320930564066607,0
73.88012621621728,24.311900383605717,0
73.88015793433787,24.308288308346956,0
73.8811223514787,24.19811917011483,0
73.88121690032344,24.187282773385217,0
73.88143729744459,24.161997786447785,0
73.88203398969534,24.093366675949753,0
73.88204966198812,24.09156058558338,0
73.88220630000593,24.073499657936267,0
73.88272211111945,24.013898287575387,0
73.88311176042569,23.968745418804637,0
73.88314289083443,23.965133177568088,0
73.88328290158114,23.948878070504584,0
73.88331399817542,23.945265819714106,0
73.88374870554934,23.894694126414183,0
73.88387268670378,23.880245008751572,0
73.88452197922236,23.804386686462063,0
73.88462993221928,23.791743558584407,0
73.8849379567908,23.755620219475983,1
73.88645370070766,23.576807153311993,0
73.88646893523267,23.575000939235647,0
73.8867581030284,23.54068279031918,0
73.88687969417529,23.526232997125724,0
73.87368497171971,25.24738331441093,0
73.87378484603377,25.23654846042763,0
73.87380148613667,25.234742649849604,0
73.87381812463522,25.232936838819978,0
73.87405089521837,25.207655437001026,1
73.87436629573581,25.173344821653597,1
73.8743828797487,25.171538995283953,1
73.87489619070597,25.115558154368593,0
73.87530903274585,25.070411999878605,0
73.87563858856967,25.034294874034025,1
73.87565504962848,25.03248901302645,1
73.87578668076635,25.018042108807347,1
73.87593464401148,25.00178930723513,0
73.87611531296675,24.981924722647733,0
73.87616455292338,24.976507099255222,0
73.87652520896137,24.93677773784317,0
73.87659070020906,24.929554194302533,0
73.87660706905321,24.927748307298504,0
73.87696678231498,24.888018680035007,0
73.87758629929347,24.81939426900307,0
73.87802509488469,24.770634427577697,0
73.87834938681739,24.73451581716364,0
73.87865688017946,24.70020297243245,0
73.8788669428894,24.676725670427047,0
73.87891538114053,24.671307820841974,0
73.88015379334631,24.532248315700933,0
73.88058584216236,24.483486569162803,0
73.88069766881716,24.470844582318378,0
73.88084133350749,24.45459056745907,0
73.88104862599378,24.431112482923776,0
73.88106456065013,24.42930647333495,0
73.88165304747025,24.36248380891012,0
73.88176414306602,24.349841615435494,0
73.88241331665125,24.27579404987652,0
73.88258704125948,24.255927504325143,0
73.88293392791127,24.21619425412661,0
73.88305988269819,24.201745746956092,0
73.88307562008302,24.199939681590195,0
73.88309135592071,24.19813361578671,0
73.88317001190555,24.189103280206112,0
73.88324862922649,24.180072933689246,0
73.88425152135822,24.064483533739388,0
73.88447006232663,24.03919811436511,0
73.88450125784085,24.0355859046297,0
73.88481287465228,23.999463711536514,1
73.8848284393529,23.997657597314515,1
73.88509280426426,23.966953589036166,0
73.88520153145149,23.954310725603477,0
73.88524810580292,23.94889234904741,0
73.88569761318684,23.896514507672904,0
73.88574404041587,23.891096089475923,0
73.88600686787235,23.860391646048715,0
73.8865773769724,23.793563895711113,0
73.88711512512957,23.73034791191522,0
73.88717646322712,23.723123194408807,0
73.88760514830162,23.672549978879697,0
73.88807837433488,23.616557811093326,0
73.8881393295292,23.60933298517074,0
73.88821548940459,23.600301943106825,0
73.88826116713825,23.594883312717325,0
73.88830683123126,23.58946467846532,0
73.88858052947486,23.556952791878807,0
73.88861091010706,23.55334035146046,0
73.88889922427052,23.519022082012626,0
73.88897500568673,23.509990932780646,0
73.88903560361545,23.50276600569143,0
73.87563730620666,25.251010060928884,0
73.8756705518021,25.24739844408601,0
73.87577025013829,25.236563582716652,0
73.8760524157173,25.2058647205691,1
73.87636723012116,25.171554073283335,1
73.87638378331522,25.16974824523332,1
73.87643343331102,25.16433075837918,1
73.87686313132166,25.11737903582674,0
73.87704460198556,25.0975147539164,0
73.87711054350024,25.0902913651825,1
73.87762072638748,25.034309858682658,1
73.87819490290684,24.971104413555395,0
73.87821127937168,24.969298535624837,0
73.8785875004091,24.927763219616583,0
73.87873448915606,24.911510205422815,0
73.8787671359042,24.90789841957052,0
73.8787997763203,24.904286631929423,0
73.8790443776897,24.87719816762284,0
73.88071438217139,24.691188001927774,0
73.88081114922126,24.680352312758178,0
73.88082727156599,24.67854636300864,0
73.88110111125428,24.647845149338192,0
73.88111720534913,24.646039191598472,0
73.88113329787548,24.644233233415097,0
73.88114938883344,24.64242727478808,0
73.88118156604453,24.63881535620321,0
73.88171158504078,24.57921844353856,0
73.88201597423551,24.54490485080067,0
73.88244755686236,24.49614315491884,0
73.8825273546883,24.487113175892343,0
73.88255926289925,24.48350118119104,0
73.88257521466521,24.481695183178196,0
73.88259116487166,24.479889184723913,0
73.88265495010408,24.472665186492982,0
73.8827983756827,24.456411164659297,0
73.88286207986789,24.449187143486128,0
73.88289392261346,24.445575130253527,0
73.88333906722578,24.395006759893068,0
73.88357703598035,24.36791641947172,0
73.88376715931976,24.346244075870807,0
73.88409933741983,24.30831732228106,0
73.88455693585875,24.2559419633404,0
73.88458844637584,24.252329856024943,0
73.88460419931357,24.250523801709765,0
73.88466719559437,24.243299580066676,0
73.88488748773169,24.2180147491176,0
73.88504465379887,24.19995410304061,0
73.8851231789112,24.190923763591787,0
73.88540554980855,24.15841445104768,0
73.8861092921968,24.07714055056623,0
73.88614049729031,24.073528356708735,0
73.88673222626501,24.004896342420764,0
73.88676330848513,24.00128411373565,0
73.88693415104021,23.981416824883325,0
73.88702725970312,23.970580099709125,0
73.88715131878052,23.95613110848514,0
73.88729076808015,23.939875960143105,0
73.88733722362369,23.93445756955014,0
73.88738366539332,23.929039175052164,0
73.88756929478332,23.90736555802369,0
73.88829422475018,23.822476624003347,0
73.88832499805856,23.818864307735996,0
73.88857096506932,23.789965715366026,1
73.88864774978761,23.780934882572133,1
73.88887787561693,23.75384231944085,1
73.88909235093769,23.728555839615357,0
73.88915357487734,23.72133111557422,0
73.88916887706348,23.71952493348659,0
73.8897644781661,23.649083496226574,0
73.8900081601092,23.620184255801732,0
73.89005380730622,23.614765635978397,0
73.89009944087752,23.609347012290296,0
73.89017546655707,23.600315964223675,0
73.89022106380528,23.594897330232943,0
73.89026664743687,23.589478692379977,0
73.89035777386012,23.578641405090096,0
73.89041849456511,23.57141653831835,0
73.89043367096171,23.56961032055333,0
73.89049436143235,23.562385445205713,0
73.89057019051693,23.553354341376114,0
73.89063082658878,23.546129450598343,0
73.8906459818303,23.544323226832724,0
73.89069143849291,23.538904552965388,0
73.89078231104746,23.52806719366604,0
73.8907974511892,23.52626096561732,0
73.8908579966623,23.519036049140986,0
73.89090338992116,23.51361735728895,0
73.89091851798965,23.51181112581559,0
73.89094876960047,23.508198661585002,0
73.89096389314301,23.50639242882782,0
73.89097901517707,23.50458619564275,0
73.89100925472012,23.50097372798905,0
73.87810353098803,25.198656509756084,0
73.87833505652065,25.173374953516777,1
73.87841766842539,25.164345804876266,1
73.87884660797086,25.117394050425247,0
73.87891250310534,25.11017067657809,0
73.87892897290973,25.108364831991565,0
73.87934020105325,25.063218571191136,0
73.87955364712117,25.039742404587894,1
73.87961926884539,25.03251895344388,1
73.87986512418843,25.005430947707616,0
73.88038842359188,24.947642864989195,0
73.88063316217776,24.920554543353088,0
73.88086126392498,24.89527201901549,0
73.88087754505737,24.893466121066695,0
73.88104026953057,24.87540711699934,0
73.88196478808104,24.772469941514643,0
73.88223953162569,24.74176910008091,0
73.88291636436537,24.66591941140806,0
73.88296460371386,24.66050154651806,0
73.88310923717792,24.644247927883992,0
73.88312529973335,24.642441968039627,0
73.88315742014773,24.638830047020157,0
73.88317347800685,24.637024085845116,0
73.88368650359492,24.579233094204163,0
73.88443711084338,24.494351753540688,0
73.8844530437952,24.492545756962407,0
73.8845804513528,24.47809776844254,0
73.88459637029185,24.47629176789124,0
73.88516841623708,24.41127545431443,0
73.88532696051011,24.393215265860455,0
73.88551700878189,24.371542981613022,0
73.88573844952478,24.34625856993378,0
73.88605426668511,24.310137832392112,0
73.88632222453704,24.27943506739283,0
73.88641669120447,24.268598767121485,0
73.88676259318123,24.228865531115833,0
73.88696663865666,24.20538670110229,0
73.88701368905913,24.199968499056094,0
73.88702936944314,24.198162430832262,0
73.88707640134601,24.19274422353581,0
73.88709207556424,24.190938153562083,0
73.88713908897212,24.18551994101657,0
73.88717042353929,24.181907797132833,0
73.88718608851174,24.180101724535028,0
73.88723307418572,24.174683504118146,0
73.88734265351746,24.162040974511754,0
73.88735830154826,24.16023489710545,0
73.88742087827661,24.153010583110635,0
73.88749906455588,24.143980180787352,0
73.88762408259433,24.129531514359783,0
73.88765532172248,24.125919343386762,0
73.88773339263363,24.11688890831569,0
73.88774900220363,24.115082819992217,0
73.88778021673211,24.1114706420362,0
73.88781142511259,24.10785846233493,0
73.88782702699756,24.106052371829886,0
73.88785822615743,24.102440189511114,0
73.88787382343254,24.100634097697434,0
73.88790501337354,24.097021912761612,0
73.88792060603963,24.095215819639524,0
73.88795178676347,24.091603632087097,0
73.88796737482141,24.089797537656818,0
73.88801412978042,24.084379251749994,0
73.88809202400185,24.075348766520193,0
73.88812317094403,24.071736569377407,0
73.8882476973239,24.05728776337774,0
73.88827881357544,24.0536755575217,0
73.88835657736158,24.04464503526055,0
73.88843430281045,24.035614502114704,0
73.88848091968282,24.030196177003848,0
73.88851198993392,24.026583958087294,0
73.88857411204633,24.019359515032747,0
73.8885896387438,24.01755340318145,0
73.88869828273329,24.00491060804347,0
73.88911663549317,23.956145341569368,0
73.88917851884548,23.948920830717476,0
73.88927129802121,23.93808405141837,0
73.88950300535696,23.910992034841946,0
73.88988842114843,23.86583845715765,0
73.89001155294076,23.851389255136805,0
73.89005770222377,23.845970797238735,0
73.89008846079656,23.84235848981019,0
73.89011921327752,23.83874618065136,0
73.89016533057838,23.833327713669238,0
73.89024216229788,23.824296926717068,0
73.8902882430645,23.818878449357708,0
73.89033431013542,23.813459968108123,0
73.8903957115965,23.806235320391743,0
73.8904110581588,23.804429157382415,0
73.89045708872007,23.799010665762257,0
73.89048776815713,23.795398335855598,0
73.89053377590895,23.789979837756285,0
73.89057976997846,23.784561335770395,0
73.8906104250914,23.780948998954255,0
73.89062575036813,23.779142829898603,0
73.89070235395816,23.77011197814547,0
73.8907176701181,23.768305806500045,1
73.89073298475888,23.766499634423084,1
73.89079422813244,23.759274941800363,1
73.89082484070678,23.75566259290042,1
73.89085544720714,23.75205024227503,1
73.89088604763428,23.748437889924396,0
73.89091664198891,23.744825535848715,0
73.89093193688927,23.743019358164045,0
73.8909472302718,23.74121318004819,0
73.89099310131323,23.735794643113774,0
73.8910083886253,23.733988463273437,0
73.89105424145758,23.728569921166162,0
73.89110008063595,23.72315137518005,0
73.8911153573283,23.72134519232283,0
73.8911306325039,23.719539009034722,0
73.8912069856342,23.71050808613188,0
73.89122225171135,23.70870190025903,0
73.89128330086002,23.70147715246081,0
73.89129855935766,23.699670964434684,0
73.89131381633969,23.69786477597798,0
73.89137482911337,23.690640017845908,0
73.89142057278411,23.685221444727034,0
73.89143581764446,23.683415252826624,0
73.89146630282089,23.679802867734782,0
73.89151201922617,23.674384286869845,0
73.89152725499915,23.672578092387717,0
73.891572953233,23.667159506360264,0
73.89161863784118,23.661740916461717,0
73.89163386301641,23.659934718968746,0
73.8916947485823,23.652709924696914,0
73.89175560993657,23.64548512354639,0
73.89177082149276,23.64367892218416,0
73.8918924594904,23.629229295815932,0
73.89236289313403,23.573236734070896,0
73.8923780442512,23.571430515536832,0
73.89239319385926,23.569624296574,0
73.8924537772024,23.562399416435422,0
73.89248405982177,23.558786973794152,0
73.89259000147798,23.54614341105026,0
73.8926051299683,23.544337186087258,0
73.89265050639328,23.538918508627997,0
73.89277144387206,23.52446868322594,0
73.89295266929831,23.502793893753502,0
73.8797576152926,25.234787933017998,0
73.87990651278145,25.218535584326233,0
73.87992304897088,25.21672976554823,1
73.87997264797065,25.211312306506816,1
73.88031943930724,25.173389979555957,1
73.8804183935239,25.16255499248411,1
73.88043488032164,25.160749159728468,1
73.88058318989003,25.144496644657735,0
73.88069845269267,25.131855774385485,0
73.88130640550747,25.065039379598876,0
73.88133920591271,25.061427665052342,0
73.88138839462566,25.056010089863708,0
73.88202655019232,24.985581244825333,0
73.88282492584608,24.897092755489048,0
73.88301986884596,24.875421941333478,0
73.88316592719148,24.859168788501933,0
73.88342527157837,24.83027420529545,0
73.88355479272848,24.81582687086167,0
73.88397504177429,24.76887283693216,0
73.88407187156774,24.758037247880285,0
73.88444252933319,24.71650067478237,0
73.88461950736844,24.696635274064388,0
73.88494080033004,24.660516225963065,0
73.88495684855216,24.658710268896538,0
73.88508517804598,24.64426259639065,0
73.88521340751669,24.629814895496057,0
73.8852614677913,24.624397000344178,0
73.88562946312213,24.58285967168062,0
73.8857412978973,24.570217829498937,0
73.88636298003287,24.49978431202348,0
73.88663322915876,24.469082312062564,0
73.8868237229376,24.447410235315736,0
73.88714071595625,24.41128996633892,0
73.88728316046318,24.395035787815107,0
73.88748869210036,24.371557467006426,0
73.88770974127928,24.346273038388542,0
73.88826103847413,24.283061590111224,0
73.88854382629883,24.250552635982544,0
73.8885595220828,24.248746578811186,0
73.88862228980422,24.241522345744258,0
73.88863797788143,24.239716286382283,0
73.88866934941278,24.23610416634421,0
73.8886850328671,24.23429810566816,0
73.88871639515351,24.230685983002168,0
73.88881044504178,24.219849604494815,0
73.88884178268346,24.216237474823235,0
73.88893575865592,24.205401075303875,0
73.88901402963624,24.196370730337506,0
73.8890609737585,24.190952518108073,0
73.88918609039845,24.176503932920152,0
73.88982576959772,24.102454494962547,0
73.88993472525829,24.08981183467261,0
73.89049388270887,24.024792101634173,0
73.89066434073295,24.004924848461528,0
73.89072627960132,23.997700379716516,0
73.89077271770486,23.992282023593276,0
73.8907881940165,23.990475904016233,0
73.890819142056,23.986863663558378,0
73.89083461378408,23.9850575426776,0
73.89085008398447,23.983251421362304,0
73.8909583326206,23.97060855999051,0
73.89097379060306,23.968802435199876,0
73.89108195373467,23.956159549506445,0
73.89112828646822,23.950741163411138,0
73.89114372766085,23.948935033844567,0
73.89122091073908,23.939904379501815,0
73.89125177329251,23.936292114727234,0
73.89131348009859,23.929067579972067,0
73.8913597441929,23.923649174351223,0
73.89143682052855,23.91461848964333,0
73.8914522312233,23.912812351401012,0
73.89148304804115,23.90920007361581,0
73.89157546192837,23.898363229857658,0
73.89160625437115,23.894750945138096,0
73.89163704072205,23.89113865868544,0
73.89172936323082,23.88030178893095,0
73.89174474498728,23.878495642455974,0
73.89182163093943,23.86946490358591,0
73.89189847884994,23.860434153892854,0
73.89191384386808,23.858628002655756,0
73.89197528873046,23.851403393379943,0
73.89211345071706,23.835147997200746,0
73.89281769076585,23.752064314529477,1
73.89326001937478,23.699685001934235,0
73.89336659763303,23.687041665311526,0
73.89342746622225,23.679816892058472,0
73.89373144642273,23.64369292256165,0
73.89374662957069,23.641886719572653,0
73.89417114498826,23.591312861501475,0
73.89420142227125,23.58770043019054,0
73.89426195875099,23.580475562421203,0
73.89429221794916,23.57686312596322,0
73.89435271826582,23.569638247901622,0
73.89444342355254,23.558800917948226,0
73.89448875586652,23.553382247185564,0
73.89450386362668,23.551576022741,0
73.89453407463084,23.54796357256651,0
73.89456427961404,23.544351120678375,0
73.89460957580111,23.53893243963353,0
73.89486599845316,23.508226507591303,0
73.8818916286088,25.2185506143604,0
73.88194114452577,25.213133153000705,1
73.88223793927591,25.18062829959439,1
73.88273145272686,25.12645321945591,0
73.88282998394604,25.115618154805684,0
73.88328904159587,25.065054305716117,0
73.88359983787026,25.030742921806088,1
73.88361617974797,25.028937055006182,1
73.88400791063057,24.985596117249166,0
73.88402421300403,24.983790239238598,0
73.88464253418672,24.915166543006787,0
73.88563034892998,24.80500610195028,0
73.8861140164761,24.750828227117594,0
73.8861301144408,24.74902229105565,0
73.88625884179677,24.73457478654366,0
73.88627492567255,24.73276884647798,0
73.88707712622703,24.642471276662366,0
73.88718912280336,24.629829528336927,0
73.88773201995546,24.56842644189924,0
73.88801870765819,24.535918718393855,0
73.88819365776708,24.516052816843782,0
73.88882825675306,24.44381272445255,0
73.88909721035824,24.41311047152106,0
73.88911301722567,24.411304452678014,0
73.88912882254562,24.409498433394596,0
73.88916042854342,24.40588639350677,0
73.88936571671242,24.382408091315988,0
73.88938149728577,24.38060206499004,0
73.8893972763133,24.37879603822414,0
73.88944460412179,24.37337795528701,0
73.88957074361835,24.358929714769758,0
73.88968103458052,24.346287481235017,0
73.88998001448998,24.311972738828285,0
73.89001145366232,24.30836065145809,0
73.89002717093547,24.30655460711455,0
73.89004288666673,24.304748562332065,0
73.89009002461019,24.299330425351275,0
73.89019995919693,24.286688090371392,0
73.89021565797381,24.28488204076228,0
73.89026274506047,24.279463889303226,0
73.89027843767501,24.277657837939717,0
73.89035687764444,24.26862757454463,0
73.89041960190181,24.26140335593698,0
73.89048230152744,24.254179130316317,0
73.89049797258586,24.252373072815555,0
73.89065459854065,24.234312473711615,0
73.89067025267529,24.232506411392137,0
73.89096738913192,24.198191144146357,0
73.89098301252571,24.196385073073287,0
73.8911235539595,24.180130413734776,0
73.89113916199719,24.178324338288643,0
73.89115476849979,24.17651826240533,0
73.89143542315547,24.14400882177817,0
73.89201076489367,24.077183416311446,0
73.893108938002,23.94894921183293,0
73.89318598435788,23.939918551489065,0
73.89452050766302,23.782783327916114,0
73.895130231036,23.710536150649556,0
73.89608564578175,23.59674544979179,0
73.89610076287342,23.59493923444393,0
73.89637261326578,23.562427284841036,0
73.8965686467137,23.538946345981913,0
73.89664397658734,23.529915196377047,0
73.89667409802448,23.52630273353806,0
73.88389322363396,25.216759796521327,1
73.8840579123034,25.19870155947155,0
73.88420599631633,25.182449107570584,0
73.88425532908019,25.177031615489664,1
73.88427177016084,25.175225783894692,1
73.88441966849216,25.15897327926443,1
73.88451819600968,25.148138255907885,1
73.88455102583215,25.144526577853288,0
73.88478065710603,25.119244781057038,0
73.88577757440369,25.009087352480037,0
73.8859404428572,24.991028598298126,0
73.88615193618149,24.96755215086317,0
73.88631444220059,24.949493293637254,0
73.88633068414306,24.947687405452356,0
73.88647679080567,24.93143439164948,0
73.88667140148682,24.909763650212582,0
73.88681721094082,24.893510551883008,0
73.88693053031263,24.880869228156733,0
73.88701142560926,24.87183969780797,0
73.8872377236928,24.84655695344643,0
73.88747984479942,24.819468201718614,0
73.88760883187723,24.805020826438323,0
73.88762494821331,24.80321490252248,0
73.88773771872245,24.79057342263465,0
73.88775382253304,24.788767495154268,0
73.88834856399971,24.72194786542797,0
73.88881321804199,24.669575297707027,0
73.88886121084266,24.66415742455893,0
73.88900510510129,24.647903781153428,0
73.88903706446794,24.644291855516915,0
73.88905304181523,24.64248589203339,0
73.8890849918382,24.638873963735914,0
73.88911693563307,24.635262033664713,0
73.88916483964937,24.629844135232595,0
73.88921272965679,24.624426232810684,0
73.8892765612131,24.617202356709598,0
73.88937226187397,24.606366529264307,0
73.88938820654013,24.60456055647281,0
73.88946790654539,24.595530685871314,0
73.88953163856492,24.58830678141877,0
73.88957942125926,24.582888848430436,0
73.88969085982772,24.57024698929859,0
73.88970677340922,24.568441007652407,0
73.88981812499551,24.555799123741178,0
73.8898499257603,24.552187152928287,0
73.8898817203158,24.548575180346376,0
73.88994529080205,24.541351229876266,0
73.88999295237313,24.535933262381462,0
73.89000883646048,24.534127272332423,0
73.89015172344767,24.517873342003597,0
73.89016759202592,24.516067347535568,0
73.89023105083623,24.508843365246054,0
73.89024691166362,24.507037368569456,0
73.89029448484685,24.501619375889888,0
73.89031033947528,24.49981337744687,0
73.8903261925542,24.498007378562306,0
73.89034204408374,24.496201379236222,0
73.89035789406397,24.494395379468642,0
73.89040543470985,24.4889773775172,0
73.89045296141553,24.483559371593202,0
73.89046880055339,24.481753368735863,0
73.89051630867623,24.47633535751616,0
73.89054797301681,24.472723347830197,0
73.890563802865,24.470917342325446,0
73.89057963116525,24.46911133637955,0
73.89067456846547,24.4582752914414,0
73.89073782905248,24.451051252662776,0
73.89075364033184,24.449245241865864,0
73.89076945006438,24.447439230628095,0
73.89080106488959,24.443827206830107,0
73.89086427598296,24.436603153944976,0
73.89092746233884,24.429379094008958,0
73.89094325506328,24.427573077923437,0
73.89102219550335,24.418542990887964,0
73.89103797895561,24.41673697215947,0
73.89110109731529,24.409512892841647,0
73.89121149497973,24.396870737084463,0
73.89124302327244,24.393258688620804,0
73.89127454539005,24.38964663839679,0
73.89133757110311,24.382422532668496,0
73.8913690747001,24.37881047716461,0
73.89144780669179,24.36978033070725,0
73.89149502737581,24.364362237555433,0
73.8915422341798,24.35894414044639,0
73.89155796669712,24.357138107197436,0
73.89165232942577,24.346301898473115,0
73.89166805115222,24.34449586214752,0
73.89168377133751,24.342689825382518,0
73.89171520708496,24.339077750534337,0
73.8917623491498,24.333659634967027,0
73.89188799354378,24.319211307461387,0
73.89193508478184,24.313793177401372,0
73.89246781773753,24.252387427418274,0
73.89248345945065,24.25058136827567,0
73.89276474769312,24.21807222881243,0
73.89292080407911,24.200011534492237,0
73.8929987747597,24.19098117092676,0
73.8930922889875,24.18014472021719,0
73.89324802344738,24.16208393406431,0
73.89371430830248,24.107901313557786,0
73.89473529577,23.988698167624676,0
73.89668128810919,23.759317098204495,1
73.89718294394517,23.699713002396393,0
73.89739527144572,23.67442627461479,0
73.89745588220805,23.667201479761008,0
73.89748617855324,23.66358907975386,0
73.89801539027263,23.600371801400897,0
73.89869310129393,23.519091671316342,0
73.89881326534278,23.50464177962238,0
73.8857466824148,25.231221338951364,0
73.88586186503697,25.218580594480557,0
73.88596053112592,25.20774565305249,1
73.88602627680045,25.200522349746265,1
73.88627259720987,25.17343489810286,1
73.88676416924328,25.119259690761726,0
73.88735217788596,25.054248907587077,1
73.8882627968899,24.953119866479685,0
73.8884572877418,24.931449174892307,0
73.88876476919474,24.89713711482002,0
73.88892637407167,24.8790780710262,0
73.88910395840128,24.859213071267067,0
73.88924911369456,24.842959849470986,0
73.88941024864009,24.824900671758144,0
73.8900050884317,24.758081326691322,0
73.89006926736353,24.75085757719829,0
73.89011738517809,24.745439760406843,0
73.89022960548063,24.732798172325214,0
73.89024563071408,24.73099222939182,0
73.89027767650323,24.72738034219113,0
73.8903897876591,24.714738722985203,0
73.89043781191938,24.709320879515793,0
73.89051782119247,24.700291131513396,0
73.89054981399775,24.696679229202662,0
73.89056580806422,24.694873277381014,0
73.89062976875798,24.68764946565307,0
73.89067772293029,24.682231602194406,0
73.89070968459522,24.678619691002,0
73.89078956152181,24.66958990525251,0
73.89086939955006,24.660560108407658,0
73.89090132387257,24.656948186563703,0
73.89101301001628,24.644306446136355,0
73.89110868036758,24.633470651331468,0
73.89112461998667,24.631664683978876,0
73.89131577424187,24.609993041177255,0
73.89190375975093,24.543171741138327,0
73.89218903965585,24.510663862743858,0
73.89222070646619,24.507051867419825,0
73.89225236708802,24.503439870329355,0
73.89252123262196,24.47273782376858,0
73.89274231594918,24.447453689691677,0
73.89301036747568,24.416751410741007,0
73.89363931959014,24.344510252573944,0
73.89414070871528,24.286716819790254,0
73.89426581021644,24.272268391387453,0
73.89443766442544,24.25240175652379,0
73.89448450154542,24.24698357417717,0
73.894749651314,24.216280466431098,0
73.89521648315734,24.162098203134477,0
73.8956199577068,24.115139923538102,0
73.89600694095292,24.069987453515576,0
73.8960687698441,24.062763033036596,0
73.89653170991458,24.00857965744608,0
73.89710078461346,23.941752955409513,0
73.8976218866189,23.880344110957687,0
73.8979581373306,23.84060870953835,0
73.89820222356879,23.81171010430778,0
73.89826318468889,23.80448543571543,0
73.89853721078596,23.771974341553822,0
73.89871962327219,23.750300201107258,1
73.8987348145119,23.748494019933588,0
73.8989776694052,23.71959506253784,0
73.89909895226039,23.705145542483578,0
73.89931096548727,23.679858816095447,0
73.89968882754847,23.63470373788211,0
73.89973410789996,23.629285110448137,0
73.89976428729412,23.625672690011474,0
73.90035158620434,23.55523014843365,0
73.90036661517559,23.553423920844015,0
73.90045675755843,23.542586546310844,0
73.90048679304263,23.538974084706922,0
73.90057686357515,23.52813668961943,0
73.90065188120465,23.51910551527527,0
73.90080180429032,23.50104313449695,0
73.88755117234473,25.25110029329839,0
73.88756761988722,25.249294477761413,0
73.88758406584435,25.24748866177289,0
73.88783056502697,25.220401367776315,0
73.88786340465373,25.216789720905307,1
73.88792906490578,25.209566421750143,1
73.88881300181079,25.112051177491125,0
73.88900880693356,25.090380944989192,1
73.88912292174648,25.077739946139882,1
73.88917180445742,25.072322368465045,1
73.88928580898234,25.05968133816987,1
73.88933464444217,25.054263747021835,1
73.88935091977987,25.052457882407897,1
73.88944853874983,25.041622685297646,1
73.88951358658832,25.03439921158154,1
73.8895298446145,25.032593342030744,1
73.88967609606972,25.01634049588672,1
73.88972481825044,25.010922872432523,1
73.88983844832488,24.998281735347543,0
73.88987089991763,24.99466997786051,0
73.89000064345447,24.980222929988155,0
73.89003306363416,24.976611163539978,0
73.89008168212857,24.97119351050843,0
73.89009788515376,24.96938762526887,0
73.89022745285627,24.95494052723304,0
73.89027601485601,24.949522858083167,0
73.89029219905204,24.947716967471408,0
73.8903730965075,24.938687507700237,0
73.89038927129437,24.936881614403685,0
73.89040544451338,24.93507572065976,0
73.89043778624828,24.931463931829864,0
73.89045395476437,24.92965803674394,0
73.89047012171302,24.927852141210735,0
73.89058324647355,24.915210859956385,0
73.89063170501215,24.9097931612834,0
73.89069629446863,24.902569556794628,0
73.89077699605625,24.89354004112814,0
73.8908092657325,24.88992823173378,0
73.8908253982227,24.888122326366467,0
73.89084152914776,24.886316420552415,0
73.89090603719858,24.879092792829457,0
73.89093828183572,24.875480976288255,0
73.89105108879087,24.862839604328762,0
73.8910671978144,24.861033692263092,0
73.89108330527428,24.85922777975106,0
73.89114771947925,24.852004125239798,0
73.89116381912238,24.850198210496313,0
73.89126038416053,24.839362712665725,0
73.89127647286439,24.837556794799234,0
73.89137297228154,24.82672127823416,0
73.89143727398982,24.819497591605767,0
73.89146941547538,24.81588574561664,0
73.89153367971338,24.80866204828953,0
73.8915818615035,24.803244270614705,0
73.8916460820442,24.796020560810184,0
73.89171027762379,24.78879684387786,0
73.89177444824857,24.78157311981929,0
73.8918866868135,24.76893158557393,0
73.89203088132643,24.752678152353663,0
73.89287746987407,24.656962759667714,0
73.89300487766056,24.642515044894353,0
73.89305262997487,24.63709714453734,0
73.89351351622511,24.58472390214126,0
73.89409965303301,24.517902328367917,0
73.89452603936309,24.469140257679896,0
73.89457334618183,24.463722229969225,0
73.89506137112464,24.40773571134849,0
73.89517136550832,24.39509353566519,0
73.89528128451134,24.382451338419607,0
73.89565757784024,24.339106498568228,0
73.89579845976017,24.322852118372502,0
73.89582974997111,24.319240029054303,0
73.89612670098087,24.28492509297732,0
73.89618914646456,24.27770087573008,0
73.89642309874718,24.25060999858852,0
73.89690550909168,24.19462187358301,0
73.89702976363819,24.180173256946706,0
73.89751032736703,24.124184603371834,0
73.89852858799159,24.004981558085703,0
73.8989279040927,23.958022262400732,0
73.89920375348709,23.925511808873324,0
73.8999217160006,23.8406227405329,0
73.89993695553895,23.838816579756095,0
73.90004359005188,23.82617344221372,0
73.9001044908666,23.818948782680845,0
73.90053012118386,23.768375972466757,1
73.90068184582069,23.75031417254235,1
73.90089400752726,23.725027580224605,0
73.90093943240201,23.71960901374088,0
73.90110587454589,23.69974090347548,0
73.90211573765035,23.578724926594745,0
73.9025357785801,23.52815051487635,0
73.8895368222667,25.25111523861673,1
73.88956965708297,25.247503604659318,1
73.8895860721174,25.245697787003376,1
73.88968452909852,25.23486287158794,0
73.88976653308454,25.225833762997,0
73.88978292913771,25.224027939925133,0
73.88981571650082,25.2204162924279,0
73.88984849754031,25.21680464312617,0
73.88986488568895,25.21499881779868,0
73.88991404065172,25.20958133910999,0
73.88997955847844,25.202358027878123,0
73.89001230791212,25.198746369556783,0
73.89011051830401,25.18791138377346,0
73.89015960218114,25.182493884797115,0
73.89017596031587,25.18068805090373,1
73.89020867184942,25.177076381765183,1
73.89022502524845,25.17527054652008,1
73.89024137706913,25.173464710824444,1
73.89029042306205,25.168047201034632,1
73.89032311250074,25.164435525589237,1
73.8903394548534,25.16262968719096,1
73.89043747584245,25.151794647344605,1
73.89050279162639,25.14457127844245,0
73.89055176190939,25.13915374703951,0
73.89056808218427,25.137347902338412,0
73.89066597073639,25.126512824682198,0
73.89068227997984,25.12470697683145,0
73.89073119825747,25.119289430580185,0
73.89079640057518,25.11206602928167,0
73.89082899228481,25.108454325934208,0
73.89084528577766,25.106648473586006,0
73.8909430136738,25.09581335005578,0
73.89115456310189,25.07233719357116,1
73.89126836423759,25.05969615478899,1
73.89143080368777,25.041637489795434,1
73.89177141533611,25.003714147270724,0
73.89178761767474,25.001908268884765,0
73.89186860584009,24.992878870232158,0
73.89188479876832,24.991072989157257,0
73.89201428575258,24.976625924429495,0
73.89236985792138,24.93689634866563,0
73.8923860022866,24.93509045371175,0
73.8924182863223,24.93147866246206,0
73.89243442599299,24.92967276616629,0
73.89496490577389,24.644335549487455,0
73.89498079791214,24.642529582384128,0
73.8953934501203,24.595574282142728,0
73.89593149519114,24.534170745679827,0
73.89649924577688,24.469154679698637,0
73.89651498812323,24.46734866970156,0
73.8968452219225,24.42942235793014,0
73.89686093042233,24.427616338236778,0
73.89714342062241,24.395107908461828,0
73.8971590999287,24.393301880403985,0
73.89811263753232,24.28313333779217,0
73.89814380457078,24.279521226772967,0
73.8983773623992,24.252430338242867,0
73.89853287658805,24.234369691127103,0
73.89878138168636,24.205472564687888,0
73.89879690028327,24.20366649056638,0
73.89882793290063,24.200054341011235,0
73.89915340716087,24.162126665103315,0
73.89930815873223,24.14406579933153,0
73.89932362551463,24.142259710352832,0
73.89944730497886,24.12781098280987,0
73.90014118890441,24.046536370410955,0
73.90038716229526,24.017638517942927,0
73.90067875171795,23.983322173568776,0
73.90101569878357,23.943587263153724,0
73.90103099716384,23.94178112587153,0
73.90130610956356,23.909270580642698,0
73.90153499609177,23.882178352367674,0
73.90188529618001,23.840636746515976,0
73.90190050852995,23.83883058454932,0
73.90232584297753,23.788257874048803,0
73.90234101167293,23.786451699554796,0
73.90261379110399,23.753940484883437,1
73.90265920700578,23.748521935519822,0
73.90278024999506,23.734072451584996,0
73.90284073545592,23.72684769927596,0
73.90339908828456,23.660018413892622,0
73.9034141504275,23.658212208817844,0
73.90342921107299,23.65640600331326,0
73.9035345936705,23.643762552748804,0
73.90389534884541,23.600413419626967,0
73.90406040719279,23.580544984344098,0
73.90428519554034,23.553451579911602,0
73.9044348678969,23.535389256743347,0
73.90446478446997,23.53177678697197,0
73.90456944551077,23.51913312929071,0
73.89155524990403,25.24751852086133,1
73.89166991661617,25.234877779294564,0
73.89171903580734,25.229460311853405,0
73.89173540571377,25.227654488470574,0
73.8917517740417,25.225848664636548,0
73.89176814079123,25.224042840351366,0
73.89230735871851,25.164450385995707,1
73.89256818011617,25.135556898203834,0
73.89269843975165,25.12111011110533,0
73.89362362965805,25.018175920555812,1
73.89375307308987,25.003728899933037,0
73.89465637379746,24.902598953081245,0
73.89475286548067,24.891763518443355,0
73.89489749772842,24.875510336335445,0
73.89520241790363,24.841197944252087,0
73.89648013464377,24.69672295011629,0
73.89663915111204,24.6786633757574,0
73.89735281084168,24.597394742248625,0
73.89845673798266,24.47097508671811,0
73.89847245373028,24.469169075962974,0
73.89851959175252,24.463751041051708,0
73.89878644607523,24.43304876828488,0
73.89941258964093,24.360807624528228,0
73.89947506916198,24.35358347144953,0
73.89988058935339,24.306626305138046,0
73.9001451785068,24.27592338215274,0
73.90037827312833,24.248832462546634,0
73.9007505108802,24.205486786239362,0
73.9008124651885,24.19826248235232,0
73.90096724439691,24.180201692028614,0
73.90110641558813,24.163946943370433,0
73.901121871449,24.162140858001834,0
73.90124546360158,24.14769215933091,0
73.90129178557845,24.142273890125015,0
73.90130722319812,24.140467799516667,0
73.9018773477196,24.073642140370584,0
73.90233808703323,24.01945873569921,0
73.90235342154168,24.01765261546686,0
73.90250668342051,23.999591389234354,0
73.90293501249995,23.949019724690984,0
73.90305717476929,23.934570615182622,0
73.90307243826226,23.93276447454247,0
73.90339262323918,23.89483542097481,0
73.90352964190542,23.8785800538237,0
73.90384887786614,23.840650727487507,0
73.90427349420311,23.790077995838523,0
73.90437946428163,23.777434760031404,0
73.90453072254775,23.759372957922263,1
73.90463651408542,23.746729670788604,0
73.90474223216017,23.734086362535344,0
73.90475732874714,23.732280173918483,0
73.90489313060775,23.716024456983263,0
73.9050890746987,23.692543915397255,0
73.90535996441957,23.660032276249254,0
73.9053749996424,23.65822606998993,0
73.90539003337048,23.656419863300826,0
73.90551024939407,23.641970194319267,0
73.90590029138365,23.595008580338128,0
73.90624448796233,23.55346537243376,0
73.90634908699289,23.540821742433742,0
73.90654314880366,23.517340659641775,0
73.90658789658612,23.511921937959247,0
73.89372067755585,25.227669364662837,0
73.89381868805275,25.21683440762524,0
73.8938513456169,25.21322275167107,0
73.89386767203665,25.21141692301753,0
73.89424274526648,25.169882739576614,1
73.89427532100189,25.166271060187523,1
73.89442183399855,25.150018480647756,1
73.89468198733555,25.121124915897557,0
73.8948930660177,25.09764880975823,0
73.89495795996962,25.090425377201733,1
73.89502282883406,25.083201937455996,1
73.89526586375025,25.056113974406568,1
73.89558936224391,25.019996533250044,1
73.89576701969365,25.000131864151378,0
73.89583157550722,24.992908334670112,0
73.89586384403829,24.98929656724122,0
73.89604120927282,24.96943181435704,0
73.89668458227136,24.89719589289487,0
73.89742138133771,24.81412369964754,0
73.89783637902958,24.76716943402993,0
73.89793199885052,24.756333791536758,0
73.89940698577362,24.588379288278006,0
73.89989568342789,24.53239360225023,0
73.90044566322051,24.469183446472826,0
73.90122808972427,24.37888228716048,0
73.9013685201215,24.362627961647743,0
73.90138411585556,24.36082192328182,0
73.9013997100613,24.359015884476417,0
73.90153998915375,24.342761515455372,0
73.90155556808142,24.34095547225655,0
73.90157114548181,24.33914942861852,0
73.90158672135502,24.33734338454131,0
73.90160229570114,24.335537340024956,0
73.90203775778072,24.28496791536967,0
73.90217747383372,24.268713384418646,0
73.90233256916552,24.250652752843386,0
73.90250299818236,24.230786007526337,0
73.90262683091822,24.21633743221094,0
73.90316745542964,24.153124586159045,0
73.90327535714101,24.14048195273065,0
73.90361399310628,24.100747822767758,0
73.90385981328177,24.071850141174462,0
73.90438089540814,24.01044219773894,0
73.90447266976952,23.999605449652236,0
73.90470186797525,23.972513511013197,0
73.90473240209187,23.968901245145997,0
73.90500693781031,23.936390774231516,0
73.9054026279863,23.889430957137726,0
73.90578214060655,23.844277010830464,0
73.9058276190291,23.838858519107447,0
73.9058427755007,23.837052354335203,0
73.90641760991338,23.768417772929045,1
73.90643270790842,23.766611591318046,1
73.90647799290848,23.7611930438976,1
73.90655343796399,23.752162122906864,1
73.90668914477105,23.735906437969113,0
73.90703540068006,23.694363973515443,0
73.90730583225464,23.66185232081843,0
73.90732084204946,23.660046113806434,0
73.90745586306538,23.64379023136208,0
73.90760574473904,23.625728098951964,0
73.90790506103757,23.589603705371896,0
73.90806943113977,23.56973521578353,0
73.90824853868529,23.548060440737597,0
73.90830819362218,23.54083550201799,0
73.90848701577877,23.519160644769084,0
73.9086358708705,23.50109821667022,0
73.89562437880541,25.23671333869819,1
73.895657012392,25.233101690250205,0
73.89595043160357,25.20059677302762,0
73.89596671773793,25.19879094000955,0
73.89612949268167,25.180732585042566,1
73.89624334170936,25.168091709759906,1
73.89653574329976,25.13558650058678,0
73.89673039547571,25.11391628014852,0
73.89718370696674,25.063352180751906,1
73.89760354133614,25.016399487579015,1
73.89847213518063,24.918881387749995,0
73.89879268457892,24.882763242014452,0
73.89919249747435,24.837615308701697,0
73.89927234366343,24.828585688583676,0
73.89954353079646,24.797884896837914,0
73.89970284348809,24.779825547442176,0
73.8997983567901,24.768989916436773,0
73.89995742184001,24.750930495831366,0
73.90027508809257,24.71481152122169,0
73.90062380742992,24.675080443912027,0
73.9007662501203,24.658826759462592,0
73.90081370326664,24.653408856662235,0
73.90092437333709,24.640767067942626,0
73.9010191733158,24.629931231752817,0
73.90106655251464,24.62451330767562,0
73.90141357673878,24.584781742650776,0
73.9015238374306,24.57213983612614,0
73.90157106895836,24.566721869551646,0
73.90158680972772,24.564915879808943,0
73.90168122208192,24.554079932066838,0
73.90169695209819,24.552273939229064,0
73.90215245490226,24.499899954739362,0
73.90216813888743,24.498093948650613,0
73.90218382133973,24.49628794212055,0
73.90238755377193,24.472809817080954,0
73.9024032147741,24.471003804375016,0
73.90241887424483,24.46919779122813,0
73.9024971486304,24.460167718880324,0
73.90302840011068,24.39876293482163,0
73.90312196695318,24.387926743635077,0
73.90316872975833,24.382508642103964,0
73.90338677454251,24.357224115973636,0
73.90351123731007,24.34277577665657,0
73.90352678829414,24.340969732265286,0
73.90399260933212,24.286788196422528,0
73.90422500612021,24.259697280489068,0
73.904302395687,24.250666953270855,0
73.9044570608477,24.23260626599243,0
73.90450343077404,24.227188051272886,0
73.90451888437887,24.225381978824448,0
73.90459612962792,24.21635161001895,0
73.90561221472659,24.097149717995528,0
73.90613308074491,24.03574194136541,0
73.90630122265989,24.015874611811856,0
73.9064081270737,24.003231738344414,0
73.90785168468392,23.831647782456294,0
73.90842531741261,23.763013106889797,1
73.90854580700503,23.7485636221245,0
73.90923676808704,23.6654785498518,0
73.90940153053168,23.645610245557112,0
73.90941650000121,23.643804033498082,0
73.90953620217196,23.629354321565724,0
73.90955115824649,23.62754810564205,0
73.91001405901523,23.571555199212096,0
73.91002896752231,23.569748969564117,0
73.91004387454441,23.56794273948767,0
73.91016307727216,23.553492883454403,0
73.91017797093336,23.551686649522917,0
73.9102673017377,23.540849236942442,0
73.91028218501212,23.539043000014008,0
73.91037145350903,23.528205569455622,0
73.91044580314183,23.51917436555668,0
73.91046066862059,23.517368123493537,0
73.91059439123279,23.501111925680537,0
73.91062409106915,23.497499432574518,0
73.89769122596418,25.227699037065143,0
73.89795152415941,25.198805743575093,0
73.89800028535939,25.19338823819786,0
73.89813024623767,25.178941537366104,1
73.89814648429363,25.177135697734922,1
73.89816272078245,25.17532985765334,1
73.89821142084678,25.16991233470635,1
73.89822765106788,25.168106492823362,1
73.8982438797223,25.16630065049008,1
73.89838986712856,25.15004804923141,1
73.89853572771605,25.133795411518594,0
73.89858431974264,25.12837785751642,0
73.89992312515781,24.97849059387222,0
73.90038837044172,24.926119617253647,0
73.90133087424088,24.81957060832025,0
73.90206196961515,24.736497423199697,0
73.90209368224129,24.732885524231875,0
73.90220462784197,24.720243863845063,0
73.90239464452594,24.69857239539397,0
73.90241046923161,24.696766436803113,0
73.9034986582819,24.572154223161114,0
73.9038127086637,24.5360343469506,0
73.90411048885545,24.501720300860317,0
73.90448584269646,24.45837601493367,0
73.90492264321331,24.407807360514933,0
73.90534271113073,24.35904440272216,0
73.90551353155001,24.339177920650776,0
73.905839132072,24.301250852817553,0
73.90616406239958,24.263323591563537,0
73.9067965219504,24.189274572531406,0
73.9068734769399,24.18024415406084,0
73.90691963177214,24.174825897735104,0
73.9070119005852,24.163989373289116,0
73.90702727342625,24.162183284352825,0
73.90707338287505,24.15676501492393,0
73.90711947871432,24.15134674156556,0
73.90719627487655,24.142316277237903,0
73.90724233443608,24.136897993404176,0
73.90727303325325,24.133285801999968,0
73.90734975385612,24.12425531585489,0
73.9074570992624,24.111612616933687,0
73.90748775578861,24.10800041331766,0
73.90756437068701,24.098969896649127,0
73.90764094785601,24.08993936908528,0
73.90765625876331,24.08813326226535,0
73.90773279067244,24.079102721631244,0
73.90779398905251,24.071878281284132,0
73.9078245791955,24.068266058497837,0
73.90794687947137,24.05381714993916,0
73.90809961920577,24.035755975075368,0
73.9081301490787,24.032143734882546,0
73.90823695620841,24.01950088051,0
73.90825220834876,24.017694756717727,0
73.90828270811456,24.01408250782914,0
73.90835893119672,24.00505187800194,0
73.90927067803901,23.89668347367053,0
73.90981513495703,23.831661682486303,0
73.91001126786374,23.808181453539106,0
73.91004141973762,23.804569104146132,0
73.91007156563506,23.80095675302627,0
73.91011677327698,23.795538223108966,0
73.91017702922213,23.788313510510296,0
73.91025231555524,23.779282610053453,0
73.9103426098925,23.76844551527024,1
73.91038773691402,23.76302696205682,1
73.91040277627039,23.761220776790022,1
73.91043285050746,23.757608404963097,1
73.91047795067523,23.75218984398975,1
73.91050800999628,23.748577467852517,0
73.91052303741982,23.746771279137466,0
73.91055308779345,23.743158900414652,0
73.91056811074368,23.741352710406925,0
73.91062818763639,23.73412794606788,0
73.91064320313295,23.732321753906202,0
73.91068824068022,23.726903174836973,0
73.91073326481576,23.721484591891997,0
73.91074826988098,23.719678396715842,0
73.91079327613805,23.714259808604258,0
73.91082327286149,23.710647414377508,0
73.9108682567766,23.70522881980936,0
73.91091322728977,23.699810221368192,0
73.91092821448306,23.69800402102725,0
73.91100312812021,23.68897301286951,0
73.91106303224028,23.68174819860122,0
73.91107800455026,23.679941993959066,0
73.91110794470681,23.67632958338484,0
73.91113787891278,23.672717171090895,0
73.9111528437845,23.67091096429908,0
73.9112575562451,23.658267504721906,0
73.91131735922649,23.651042661224334,0
73.91134725179852,23.647430236897993,0
73.91137713842573,23.643817810853548,0
73.91139207951026,23.6420115971871,0
73.91142195722163,23.63839916856588,0
73.91145182899,23.634786738227067,0
73.91149662550099,23.629368089498794,0
73.9116607650251,23.60949967777973,0
73.91167567789239,23.607693455958078,0
73.91173531452023,23.600468564382044,0
73.91182472494809,23.589631214152522,0
73.91183962149395,23.58782498761363,0
73.91207776456999,23.558925304706925,0
73.9121223741547,23.553506601952748,0
73.91253808762437,23.50293185716476,0
73.91255291307668,23.501125610077512,0
73.90009852211455,25.18076214144666,1
73.90011473250435,25.178956301062147,1
73.9001309413297,25.17715046022724,1
73.90014714859069,25.175344618941953,1
73.90017955841998,25.171732935020348,1
73.90026055562406,25.162703717336427,1
73.9003253252428,25.155480335085826,1
73.90035770067288,25.15186864125989,1
73.90042243277851,25.14464524820774,0
73.90051948406264,25.133810145131648,0
73.90074571842474,25.108528174990926,0
73.90121337406497,25.056158099533032,1
73.90122947674304,25.054352228127193,1
73.90134215188436,25.04171111572281,1
73.90140650342688,25.03448761305113,1
73.90161547398728,25.011011179819246,1
73.9020166019485,24.96586398000207,0
73.90214475787182,24.951416816964286,0
73.90216077037785,24.949610919571153,0
73.90294348420979,24.861121399783958,0
73.9031186845839,24.84125625821232,0
73.90329369791242,24.82139106268774,0
73.90348440837258,24.799719878802147,0
73.90454512812846,24.678721258046014,0
73.9046870865639,24.66246756006709,0
73.90492340748365,24.635377983617612,0
73.90567731557346,24.548690669396017,0
73.90606857918227,24.50354062313093,0
73.90644329396645,24.460196319212073,0
73.90647448052098,24.456584282421684,0
73.90653683532888,24.449360203552875,0
73.90681713014628,24.416851761429545,0
73.90709693149192,24.38434317669943,0
73.90711246155321,24.382537140035943,0
73.90742274344314,24.34641631446711,0
73.90745373819392,24.34280422224496,0
73.90754668598946,24.33196793504014,0
73.90824205328661,24.25069527763909,0
73.90825747103166,24.248889208506377,0
73.90830371518173,24.243470998481257,0
73.90838075848727,24.234440639684323,0
73.90845776395564,24.225410269946234,0
73.90847316050989,24.223604194685954,0
73.90853473159859,24.216379889270094,0
73.90858089403305,24.210961655615435,0
73.90859627848656,24.209155576855874,0
73.90861166142788,24.20734949765901,0
73.90868855345528,24.19831909511607,0
73.9087654076925,24.189288681644403,0
73.90879613880878,24.185676513196384,0
73.9088422241513,24.1802582572471,0
73.90888829589781,24.174839997365712,0
73.90924106120225,24.133299874380246,0
73.90948599251612,24.104402261391495,0
73.9095777422935,24.09356562774879,0
73.90980687955755,24.066473975030227,0
73.90989843964424,24.05563728651223,0
73.9103858460267,23.997841349957763,1
73.91043146151202,23.992422958088078,1
73.91050745730251,23.983392296286162,1
73.91056822692507,23.976167759029224,1
73.91062897254524,23.968943214826993,0
73.91068969416895,23.96171866368108,0
73.91079589928681,23.949075682472323,0
73.91085655495075,23.941851112239547,0
73.91091718664043,23.93462653506911,0
73.91096264467808,23.929208097639396,1
73.91105352031666,23.91837121107809,1
73.91112920884171,23.909340460361616,0
73.91114434205615,23.907534308918763,0
73.91123510991645,23.896697391166857,0
73.9112502326563,23.89489123669264,0
73.91135604995237,23.88224814325189,0
73.91138627000596,23.878635826944887,0
73.91152218624643,23.862380382146384,0
73.91155237341522,23.858768056321914,0
73.91161272982356,23.85154339948379,0
73.9117032196239,23.840706401256675,0
73.91171829603037,23.838900233372645,0
73.91177858672562,23.831675557515084,0
73.91179365566721,23.829869387470453,0
73.91180872311611,23.828063216993772,0
73.91183885353615,23.824450874744382,0
73.91188403797327,23.819032358130578,0
73.91236517019057,23.76123460585864,1
73.91248521485059,23.746785098784304,0
73.91311388746193,23.670924734514575,0
73.91326318514356,23.652862631197443,0
73.91344214650805,23.63118805051584,0
73.9134570503153,23.6293818326682,0
73.91362089436143,23.60951340801991,0
73.91396289818817,23.567970170616462,0
73.9142744789631,23.53003919072117,0
73.91428929988172,23.528232948875164,0
73.91436338231269,23.51920173322833,0
73.91448183739504,23.504751765954815,0
73.9014832376469,25.247592701602073,1
73.90174287398176,25.21869944897331,0
73.90175908795565,25.216893616850403,0
73.90177530036577,25.21508778427664,0
73.90216392934511,25.171747667307955,1
73.90218010269417,25.16994182347026,1
73.90222861337497,25.164524289255787,1
73.9022447804801,25.16271844361725,1
73.90255165905327,25.12840729098382,0
73.90256779496286,25.126601436346835,0
73.90258392931375,25.124795581260177,0
73.90261619333972,25.121183869737944,0
73.9042214633261,24.940596004679055,0
73.90425341045166,24.93698420168409,0
73.90430131952824,24.931566493838147,0
73.90528832519286,24.819599631802998,0
73.90532006528005,24.81598776899645,0
73.90535179920055,24.812375904407837,0
73.90584288698837,24.756391775546497,0
73.90641132731749,24.691377412202883,0
73.90805793238633,24.501748904427348,0
73.90807353334804,24.499942895206726,0
73.90821387340301,24.483688792368092,0
73.90840080148364,24.462016599684194,0
73.9084786234597,24.452986500665883,0
73.90872739810858,24.424090109800932,0
73.90874293359417,24.422284081629044,0
73.90927023597,24.36087886203566,0
73.90928571829117,24.359072818471947,0
73.90945592370505,24.339206310281284,0
73.90953322914547,24.330176061721534,0
73.90959504621361,24.322951854972914,0
73.90962594565502,24.319339748965543,0
73.90965683903568,24.31572764120305,0
73.90973404597646,24.306697364119504,0
73.91001167754075,24.274188275849728,0
73.91005790179916,24.268770080665508,0
73.91010411244464,24.26335188153853,0
73.91011951296849,24.261545814286812,0
73.91094889815051,24.164017532936313,0
73.91139249397338,24.11164070794143,0
73.91185005484077,24.0574573997489,0
73.91203270064253,24.03578396677027,0
73.91239734419277,23.992436912990552,1
73.91288219336002,23.934640452234714,0
73.91307872578128,23.911160513215634,1
73.91431258039022,23.76305459762917,1
73.91435753155994,23.757636033474807,1
73.91446236560392,23.7449927020306,0
73.91470171295092,23.716093579470936,0
73.91476149040183,23.70886878160998,0
73.91482124410997,23.701643976863846,0
73.9150003628358,23.679969521330545,0
73.91517926808508,23.65829500388892,0
73.91525374897078,23.649263936693753,0
73.91555130239044,23.6131395605727,0
73.91558102517938,23.609527113519658,0
73.91580375757816,23.582433705947235,0
73.9158927574308,23.57159631591484,0
73.91614463497493,23.540890293756274,0
73.91632217411517,23.519215380112236,0
73.90356607448416,25.236772494289276,1
73.90366325283178,25.225937514643284,0
73.90393828629557,25.195238317502046,0
73.90421286900003,25.164538990152778,1
73.9043258015654,25.151898052837574,1
73.90439030019687,25.14467465018611,0
73.90453533104824,25.128421967904913,0
73.90459974874386,25.121198541865507,0
73.90564305239936,25.003816861672444,0
73.90617022297623,24.94422236074169,0
73.90624995036113,24.93519284839784,0
73.90647298154367,24.90991015438258,0
73.90656847368092,24.899074687281736,0
73.90688637964027,24.86295634752561,0
73.907393747028,24.805166632828268,0
73.90753616015121,24.788913193370195,0
73.90786797327459,24.750988361119006,0
73.90900048337593,24.62095887766243,0
73.90906316795511,24.61373495007255,0
73.9091258280862,24.606511015398585,0
73.90914148929969,24.604705030623386,0
73.90920411887936,24.597481087096515,0
73.90928237149404,24.588451147731064,0
73.90942313002924,24.57219722900332,0
73.90943876223623,24.570391235822278,0
73.90957938345458,24.554137277298334,0
73.90959500040897,24.552331279696723,0
73.9097042764025,24.53968928411299,0
73.90971988116169,24.537883282976676,0
73.9097510861083,24.53427127937891,0
73.909813477717,24.527047266883446,0
73.9099070194302,24.516211234893376,0
73.90998492897957,24.50718119609537,0
73.91003165644035,24.501763167520664,0
73.91006280047047,24.498151146264643,0
73.9100783702027,24.496345134974842,0
73.91018731572423,24.48370304359508,0
73.91024953684177,24.476478981675758,0
73.91029618671213,24.471060930606825,0
73.91031173362794,24.469254912702176,0
73.91035836525374,24.463836856343576,0
73.91040498319914,24.458418796018517,0
73.91042051947464,24.45661277502883,0
73.91043605423047,24.454806753598536,0
73.91045158746674,24.453000731727638,0
73.91046711918352,24.45119470941617,0
73.91048264938094,24.44938868666416,0
73.9106223528014,24.433134462075483,0
73.91063786781028,24.43132843491935,0
73.91065338130085,24.42952240732295,0
73.91071542008166,24.422298292535068,0
73.91076193322948,24.416880201822458,0
73.9108239295144,24.40965607471133,0
73.91090139073451,24.40062590592305,0
73.91094784926526,24.395207799371597,0
73.91096333240918,24.39340176297485,0
73.91100977274337,24.38798365114615,0
73.91108714298062,24.378953455971633,0
73.91110261248097,24.377147415617944,0
73.9111644753285,24.36992324980808,0
73.91122631393443,24.36269907696722,0
73.91125722414868,24.359086987910658,0
73.91127267698397,24.357280942723435,0
73.91138080443197,24.34463861411481,0
73.91139624515439,24.34283256541416,0
73.91142712205829,24.339220466695675,0
73.91150428783361,24.330190212217097,0
73.91159683683539,24.319353892359565,0
73.91161225637488,24.31754783751422,0
73.91162767440201,24.315741782230152,0
73.91164309091688,24.313935726507395,0
73.91170474185562,24.30671149922989,0
73.91175096418552,24.301293324166664,0
73.91176636860567,24.299487264935227,0
73.9118279711731,24.292263023624987,0
73.91190494038472,24.28323271212394,0
73.91193571749473,24.2796205844556,0
73.91195110378413,24.277814519964114,0
73.9126266066692,24.198347248895896,0
73.91288681504118,24.167643758329774,0
73.9133906845531,24.108042504741068,0
73.91395368488413,24.041216292407636,0
73.91402960860985,24.03218567747911,0
73.91471123872807,23.950909654356206,0
73.91483210056367,23.936460491576128,0
73.91489249565338,23.92923589978211,1
73.91498304351933,23.918398999090652,1
73.91582556982257,23.817253841303415,0
73.91590056843005,23.808222957728105,0
73.91624508363505,23.76668075432921,1
73.91636473092137,23.752231238805305,1
73.91639462790702,23.748618855614833,0
73.9171401262285,23.658308716275908,0
73.91721447255111,23.649277643222035,0
73.91733334980205,23.634827904005387,0
73.91785232652704,23.571609972090396,0
73.91786712787578,23.569803737748476,0
73.91791152307646,23.5643850321528,0
73.91819238470286,23.530066473901172,0
73.9182514457173,23.522841494585457,0
73.91828096739215,23.519229002361417,0
73.91833999308068,23.512004012782004,0
73.90572929730091,25.216923061575187,0
73.90597144120345,25.189835489677158,0
73.9060359537461,25.182612120050926,0
73.90651900459922,25.128436618284162,0
73.90672789235985,25.104960441810086,0
73.90772052192003,24.992996094883264,0
73.90842136265782,24.913536481438094,0
73.90889749715622,24.859358976242337,0
73.90921415076694,24.82324041638802,0
73.909498613514,24.790733560135994,0
73.9097037495495,24.76725629647808,0
73.90984561497861,24.751002762215414,0
73.90989287586481,24.745584909457936,0
73.91000309763996,24.732943237467342,0
73.91005031256732,24.727525371377318,0
73.91016042713917,24.714883668285964,0
73.91020759613683,24.709465788870695,0
73.9103176035733,24.696824054695636,0
73.91036472667035,24.69140616196244,0
73.91047462703925,24.678764396720744,0
73.91050601338479,24.675152459801758,0
73.9106314976338,24.66070469438567,0
73.910756884107,24.64625690059469,0
73.91078821545362,24.642644947714835,0
73.9109134797765,24.628197118472823,0
73.91110119315495,24.606525321463575,0
73.91111682602262,24.604719335501837,0
73.91127307085358,24.586659451545422,0
73.91174089145157,24.532479534361087,0
73.91186541232422,24.518031489291722,0
73.9118809705916,24.516225481671388,0
73.91203646967777,24.498165381195154,0
73.91226943350459,24.471075147772233,0
73.91240904787121,24.45482096010842,0
73.91378307502113,24.294083185891328,0
73.91422820763476,24.241707205199106,0
73.91474847483865,24.180300414331356,0
73.91496219746274,24.15501511832871,0
73.91505370278666,24.144178536707663,0
73.91506894842121,24.142372438243605,0
73.91509943518881,24.13876024000667,0
73.91516039072049,24.131535838298205,0
73.91517562585321,24.129729736780696,0
73.91529745292685,24.115280908942854,0
73.91554081928555,24.086383169585545,0
73.91581414817324,24.053873079547813,0
73.9164046986811,23.983434067757816,1
73.91643492208755,23.9798217929328,1
73.91669158012341,23.949117386843785,0
73.91687249110096,23.927443612972755,1
73.91742895035698,23.860615750932784,0
73.9174439615382,23.858809584278333,0
73.91745897123333,23.857003417191542,0
73.91768393839219,23.829910859024224,0
73.91772889172918,23.824492335725363,0
73.917773831707,23.81907380853961,0
73.91807309033857,23.782950194686723,0
73.91816275227819,23.772113076880572,0
73.9183419161509,23.750438794710067,1
73.91856557118092,23.723345854756513,0
73.91859536669715,23.719733455442963,0
73.91908613907106,23.66012861835695,0
73.91913067498176,23.654709973592794,0
73.91951609673384,23.607748223787787,0
73.91995957647336,23.55356122919785,0
73.91998909469541,23.549948749185674,0
73.92004811349213,23.542723784025156,0
73.92007761406825,23.539111298877227,0
73.90744004910088,25.24763688982813,1
73.90753693170706,25.23680191205328,1
73.90771440431212,25.216937743965342,0
73.9078594691896,25.20068520223218,0
73.90803659973248,25.180820934999566,1
73.908165303889,25.166374160970413,1
73.90863102392927,25.11400436372859,0
73.90880733531924,25.09413985897857,0
73.90883937180142,25.09052812500249,1
73.90901546177236,25.07066355602944,1
73.9090314606664,25.06885768342938,1
73.90914340961163,25.056216562663888,1
73.90915939613171,25.054410686474096,1
73.90927125848144,25.041769540585918,1
73.90933514581867,25.034546018783626,1
73.90939900843256,25.027322489807858,1
73.90949475601103,25.016487182897293,1
73.90952665951572,25.01287541034203,1
73.90973388178955,24.989398845056208,0
73.9100044713989,24.9586986070553,0
73.91003627618112,24.955086805847746,0
73.91008397179819,24.949669100681852,0
73.91013165355018,24.94425139149108,0
73.91014754438683,24.94244548753318,0
73.91017932143973,24.93883367827607,0
73.91022697546948,24.933415961037475,0
73.91024285706658,24.93161005439726,0
73.91025873712408,24.92980414731008,0
73.91033811432133,24.92077460517049,0
73.91038572217097,24.915356874524676,0
73.91043331617234,24.909939139858103,0
73.91051260874117,24.900909573147246,0
73.91054431500262,24.897297743336832,0
73.91057601511322,24.89368591174038,0
73.91063939688493,24.886462243190163,0
73.91070275406258,24.87923856749813,0
73.91075025580975,24.873820806043224,0
73.91087685953919,24.859373422532705,0
73.91089267809387,24.857567497586647,0
73.91100336498639,24.844926010478197,0
73.91105077920092,24.839508223601282,0
73.91114556619881,24.828672637813316,0
73.91117714959175,24.825060772319034,0
73.91122451317786,24.81964297073612,0
73.9112560812342,24.816031100786798,0
73.91135074860681,24.8051954802496,0
73.91136652113711,24.80338954193481,0
73.91149264621289,24.78894201938955,0
73.91153991783801,24.783524191091022,0
73.91166590812338,24.769076629384244,0
73.9117603365417,24.75824093942246,0
73.91187043340697,24.745599280902923,0
73.91262336611685,24.65891303622203,0
73.91349734789715,24.557777793395054,0
73.91379279394138,24.52346373520263,0
73.9141962008115,24.47650739734782,0
73.91425817245248,24.469283318909802,0
73.91436656450695,24.456641164676224,0
73.91442846951011,24.449417066849996,0
73.91461403922071,24.42774473109376,0
73.9149228381062,24.391624030669444,0
73.91509241986172,24.37175757045999,0
73.9162590912658,24.23449693995429,0
73.9163508267324,24.22366046661673,0
73.91639667418728,24.218242224043156,0
73.9170066830863,24.145998613919776,0
73.91703712056554,24.1423864150758,0
73.91718921810734,24.124325394684927,0
73.91732597790805,24.108070439054373,0
73.91738672114018,24.100846002998413,0
73.91747779111961,24.090009335844663,0
73.91749296421602,24.08820322312788,0
73.91803820070793,24.02318287547304,0
73.91812888538401,24.012346096072374,0
73.91957255292373,23.83895550225535,0
73.91960248377679,23.83534315579988,0
73.9196623276971,23.82811845770519,0
73.92040837808575,23.737809148985264,0
73.92049765571979,23.726971959530164,0
73.92069090823699,23.703491329220125,0
73.92072061725439,23.699878918103344,0
73.92085423480918,23.68362304679061,0
73.92086907382985,23.681816836717257,0
73.92089874744768,23.67820441528102,0
73.92091358204502,23.676398203918193,0
73.92112111165106,23.651111199723758,0
73.9211803527852,23.643886325920317,0
73.92123957035696,23.63666144524778,0
73.92152053222502,23.602343168296876,0
73.92157961442418,23.595118248158478,0
73.92162391063579,23.58969955355394,0
73.92193361382,23.551768583363856,0
73.92196307558217,23.54815610016415,0
73.92197780426132,23.54634985792232,0
73.92203670430054,23.53912488467578,0
73.92206614551496,23.53551239548533,0
73.92237492405003,23.497581155711796,0
73.90939340806513,25.25126322390424,0
73.90942565603663,25.247651565866587,0
73.90950624876933,25.23862241287798,0
73.9095384749861,25.235010748525255,0
73.9096190133443,25.225981579751863,0
73.90963511635667,25.224175744644548,0
73.90969951287859,25.216952399707225,0
73.90971560812768,25.215146562346007,0
73.9097477939689,25.211534886271476,0
73.9098121470263,25.204311528714694,0
73.909828231411,25.202505688199032,0
73.90986039552557,25.1988940058161,1
73.90994077866331,25.189864791975612,1
73.91000505725573,25.182641412796357,1
73.9100211230272,25.180835566875803,1
73.91005324991887,25.177223873683943,1
73.91008537060955,25.173612178691272,1
73.9101174851,25.170000481897965,1
73.91014959339104,25.16638878330422,1
73.91016564521203,25.164582933332245,1
73.91018169548346,25.162777082910235,1
73.91034211299421,25.14471855394334,1
73.91035814622713,25.142912698572502,1
73.91047033550907,25.130271698384966,1
73.91048635635792,25.12846583941679,1
73.9105023756592,25.126659979999072,0
73.91053440961947,25.123048259815043,0
73.91059845897367,25.115824814053347,0
73.91066248357802,25.108601361101407,1
73.91074247953873,25.09957203480255,1
73.91082243685017,25.090542697274334,1
73.91085440895573,25.086930959119506,1
73.9109343121791,25.077901605875237,1
73.91098223557496,25.07248398854186,1
73.91131731028666,25.03456055414344,1
73.91158806300523,25.00386048624491,1
73.91160397576448,25.002054595865687,0
73.91165170479891,24.996636922040864,0
73.91171532194736,24.989413350671956,0
73.91177891445686,24.982189772139755,0
73.91189014208,24.969548492476328,0
73.91220751991435,24.933430429799895,0
73.91250845942888,24.89911810465619,0
73.91255592552136,24.893700354368452,0
73.91298249910547,24.844940421054485,0
73.9131559680277,24.825075169844187,0
73.9134708915429,24.78895639319573,0
73.91350235024198,24.785344505737225,0
73.91428683219314,24.69504674131711,0
73.9147088674372,24.646285487052943,0
73.91474008516217,24.642673529436944,0
73.91517649473748,24.592105936822104,0
73.9152076212683,24.588493952643802,0
73.91551855266141,24.552374013584107,0
73.91561171376095,24.541537997395015,0
73.9158443778032,24.514447887369805,0
73.91598381264691,24.498193773688026,0
73.9162468551249,24.467491461489857,0
73.91640138184675,24.44943121834568,0
73.91675622002535,24.4078924920136,0
73.91691024846521,24.389832103622908,0
73.91704874513182,24.373577716483823,0
73.91717175079742,24.359129342481147,0
73.91718711972624,24.357323293754195,0
73.9180606617925,24.254377791136918,0
73.91809122373871,24.250765642383612,0
73.91813705540316,24.2453474159709,0
73.91816760234396,24.24173526284089,0
73.91828973010593,24.227286632819457,0
73.91830498932758,24.225480552098286,0
73.91909640489382,24.131563752496117,0
73.91956628676023,24.07557432996911,0
73.91959655246451,24.0719620947882,0
73.92152118039904,23.84077543069924,0
73.92192405372985,23.792008587932237,0
73.92238528397363,23.736016639956272,0
73.92240013876139,23.734210441192793,0
73.92263761490042,23.705311202439272,0
73.92291912806598,23.670993213403587,0
73.92299312217389,23.66196213787021,0
73.92312621891091,23.64570617485117,0
73.9233182595512,23.622225277992257,0
73.92358375219389,23.58971314728217,0
73.92401049059923,23.53733220027142,0
73.92402518373342,23.535525954298908,0
73.92411331178442,23.524688469481667,0
73.92414267608767,23.52107597112142,0
73.92430407510412,23.501207199574832,0
73.9115077951555,25.23683122312872,0
73.91152387816553,25.235025389535046,0
73.91158819470029,25.22780205065122,0
73.9117006889561,25.215161190248107,0
73.91206977853543,25.173626779199726,1
73.91214990705222,25.16459752788796,1
73.91216592811497,25.162791676275496,1
73.91248602470897,25.126674549562534,0
73.91310843667459,25.056245635497376,1
73.91323582106484,25.041798594389412,1
73.91385540950006,24.97136885828387,0
73.91387126563511,24.969562958659758,0
73.91483558890934,24.85940223645396,0
73.91510331934565,24.828701411425683,0
73.91513478799467,24.82508954119044,0
73.91518197950673,24.819671732496605,0
73.91522915726728,24.814253919794165,0
73.9153706080664,24.79800045764182,0
73.91596648219922,24.729374331281903,0
73.91623234510429,24.69867296175337,0
73.91624797040093,24.696866994844825,0
73.91654456208833,24.66255353929841,0
73.91656015697603,24.66074756351957,0
73.91670044260206,24.644493761566306,0
73.91682503767105,24.630045907480667,0
73.91687173577546,24.62462795489097,0
73.91693397866986,24.617404011906036,0
73.91730692649259,24.57406020531335,0
73.9173379660737,24.570448209931754,0
73.91778735954996,24.51807407830248,0
73.91809654511978,24.48195377123833,0
73.91818918297699,24.47111764472509,0
73.91837429569442,24.449445344109765,0
73.91838971194811,24.447639316195353,0
73.91883612762581,24.39526431521785,0
73.91902048088178,24.37359179283135,0
73.91912792023324,24.36094945888592,0
73.91914326269661,24.3591434094225,0
73.91964872104701,24.299543530908878,0
73.9198168438826,24.279676798614553,0
73.92019826668141,24.234524937228958,0
73.92022874006393,24.230912776501768,0
73.92063954498452,24.182148435522407,0
73.92065473904847,24.1803423427022,0
73.92121586968547,24.113516601558597,0
73.9213974194489,24.091843260032253,0
73.92169952573255,24.055720884820005,0
73.92171461541712,24.053914761490343,0
73.92246720453491,23.963608040947534,0
73.92264727371237,23.94193426655754,0
73.92315631116973,23.880524900333274,0
73.92317125695808,23.878718734928505,0
73.92391666253835,23.788409913730003,0
73.9241098637351,23.76492944348291,1
73.92510164885624,23.643913558480694,0
73.92511640166417,23.6421073366282,0
73.9258228126463,23.55540818339892,0
73.926072191087,23.524701996674285,0
73.9261015019514,23.521089495991976,0
73.92611615519166,23.51928324500951,0
73.9261747535419,23.51205823680486,0
73.926247968612,23.503026966932648,0
73.91339687456775,25.24768083788768,0
73.91378195886458,25.204340743589835,0
73.91418214136975,25.159194536106114,1
73.91434194415163,25.14113597435966,1
73.91435791594373,25.139330115711502,1
73.91445371430686,25.128494954381075,1
73.91509095251864,25.056260132230847,1
73.91510685191918,25.054454252475832,1
73.91512274978183,25.05264837227231,1
73.9160263890492,24.949712460073528,0
73.91643692107245,24.902758754266266,0
73.91661029631825,24.88289363400289,0
73.91698792776425,24.839551366062214,0
73.91709790461427,24.82690982288008,0
73.91759970449316,24.769119633347252,0
73.91770926529284,24.756477968659585,0
73.91841180567867,24.675209604515185,0
73.91869196095568,24.64270200731357,0
73.9188784582779,24.621030196100396,0
73.91890951995659,24.617418221366094,0
73.91900266865083,24.60658228654062,0
73.91901818813436,24.60477629585417,0
73.9191732997317,24.586716364658,0
73.91920430389511,24.5831043731113,0
73.9193282600542,24.568656389239475,0
73.91946759508326,24.552402373572914,0
73.91977679041017,24.516282210674504,0
73.92068540268009,24.409726702493494,0
73.92073146331833,24.404308584860576,0
73.92097689163452,24.37541189066025,0
73.92099221813606,24.373605843537216,0
73.92161931291538,24.299557533517728,0
73.92231988599794,24.21647806480967,0
73.92274477398826,24.165907500357658,0
73.92327424053906,24.102693813640812,0
73.92360611509034,24.062959223083304,0
73.92468722785573,23.93291727406892,0
73.92471714916046,23.929304965603144,1
73.92555254670162,23.82815962576677,0
73.92558229675494,23.8245472671305,0
73.92562691078322,23.819128725938032,0
73.92629453138363,23.737850142223035,0
73.9267822284065,23.678245293263192,0
73.92706229909405,23.64392713758923,0
73.92718006537928,23.629477341465343,0
73.927327141489,23.611415057699897,0
73.92756215899257,23.582515314501602,0
73.92795790275757,23.533746749243228,0
73.92800180859058,23.528328000515405,0
73.92806032927638,23.521102996225338,0
73.92807495580112,23.519296744084002,0
73.91535041424336,25.25130709904719,0
73.9153824861575,25.247695433870145,0
73.91547866480687,25.236860427514944,0
73.91581485219139,25.198937777477923,1
73.91595872414224,25.182685152360847,1
73.9173430573269,25.025574565568128,1
73.91742226338272,25.016545118288462,1
73.91814916245906,24.933473678236385,0
73.91819645647311,24.92805594275481,0
73.9186214839931,24.87929614255085,0
73.91877861926004,24.861236874730213,0
73.91973384643202,24.751074376340448,0
73.91987430267066,24.734820752849547,0
73.92007696687226,24.711343233181253,0
73.92031049171248,24.684253694199796,0
73.92035715576125,24.67883577442612,0
73.9208230468212,24.624656357296903,0
73.92108644755054,24.593954510687738,0
73.9212411852265,24.575894541200967,0
73.92150389291587,24.545192491637476,0
73.92159650921464,24.534356443665978,0
73.92224330516376,24.458503663149838,0
73.92290275386728,24.38084405914402,0
73.92302513593515,24.366395671029977,0
73.92308629100296,24.35917146643152,0
73.92340696199997,24.321244277063965,0
73.92342221558323,24.319438215601267,0
73.92384870886653,24.268868316684056,0
73.92389433509526,24.263450092858616,0
73.92474356073643,24.162309192286664,0
73.9256783325676,24.050330170502548,0
73.92608362840909,24.00156458980562,0
73.92609861863811,23.999758451105706,1
73.92645794043624,23.956410992119736,0
73.92753080458034,23.826367118194636,0
73.92769404203496,23.80649910679824,0
73.92804957924515,23.763150537126524,1
73.9293166534201,23.607816126957072,0
73.92937532383372,23.60059119338164,0
73.92982922801937,23.544597725787533,0
73.9298438467625,23.542791478048535,0
73.92987307987785,23.539178981287243,0
73.9300045567949,23.522922724692034,0
73.93001915805996,23.521116471821422,0
73.9300337578691,23.51931021852333,0
73.93010673507888,23.510278945621756,0
73.93013591577434,23.506666433469732,0
73.93017967590359,23.501247662037255,0
73.91748009699623,25.235069152543296,0
73.91751208245917,25.231457476878628,0
73.91752807287766,25.22965163837011,0
73.9175440617543,25.22784579941083,0
73.91771983766351,25.207981541115267,0
73.9179113805944,25.186311378992006,1
73.91807083035476,25.168252861033487,1
73.91826196699711,25.14658258009208,1
73.91845288227009,25.124912234399364,0
73.91865945753811,25.101435953543547,1
73.91894505666404,25.06893020861969,1
73.9201297130347,24.933488041764686,0
73.92014545038482,24.931682129204688,0
73.92033417961719,24.910011143641146,0
73.92064824060185,24.873892691505862,0
73.92067961319269,24.870280836476546,0
73.92125890860166,24.803461196864653,0
73.92180497707952,24.74025286884096,0
73.92248882999318,24.660790198806822,0
73.92255085324895,24.653566277138275,0
73.92273677800888,24.6318944696049,0
73.92295341549261,24.606610613568275,0
73.92330867828291,24.565072661858025,0
73.92333953303074,24.561460655006243,0
73.9243237086449,24.445875503704805,0
73.92449224445403,24.426009124044814,0
73.92496623368582,24.37002176777755,0
73.92513407771406,24.350155185025827,0
73.92527127010139,24.333900668722954,0
73.92530174086174,24.330288549162464,0
73.92554529189222,24.301391529526988,0
73.9256821214316,24.285136906669912,0
73.92578846087777,24.272494397693823,0
73.92650056395084,24.187608425036835,0
73.92656101670721,24.18038404235755,0
73.926651651259,24.169547455240743,0
73.92671204458028,24.16232305509995,0
73.92675732397602,24.156904750412448,0
73.92683275993768,24.1478742338745,0
73.92687800370001,24.14245591871756,0
73.92695338028742,24.1334253847345,0
73.92698352053543,24.12981316808935,0
73.92699858843402,24.12800705911289,0
73.92702871978086,24.12439483985231,0
73.92707390567661,24.1189765076927,0
73.92708896467568,24.117170396101265,0
73.92711907822513,24.113558171611192,0
73.92716423742894,24.108139831608455,0
73.92717928753181,24.10633371740294,0
73.92728459675037,24.093690905769144,0
73.92731467176152,24.090078669954636,0
73.92740486124055,24.079241952063075,0
73.92747997841126,24.070211341851365,0
73.92752503094638,24.064792970503017,0
73.92761509605174,24.053956216061465,0
73.92763010172305,24.05215008879901,0
73.92769010961295,24.044925575401024,0
73.92776508619248,24.03589492387196,0
73.92778007707159,24.034088792262192,0
73.92788497182636,24.021445858826524,0
73.92789995087827,24.019639723740692,0
73.9279149284522,24.017833588220462,0
73.92803469584692,24.0033844884234,0
73.92818427215063,23.985323074603237,1
73.92848298197138,23.949200116811824,0
73.92858739103677,23.936557040616403,0
73.92860230072158,23.93475088514102,0
73.92946454385438,23.82999312714576,0
73.92964232164384,23.808318926747745,0
73.92967193072762,23.804706553973094,0
73.93001201354586,23.763164143084715,1
73.93002678216557,23.761357946134762,1
73.93007107923464,23.755939352700167,1
73.93011536312048,23.750520755388987,1
73.93013012148658,23.748714555423913,0
73.93015963382555,23.74510215420191,0
73.93018914030746,23.741489751257575,0
73.93021864093305,23.737877346591137,0
73.93023338904993,23.736071143612186,0
73.930248135703,23.734264940202785,0
73.93032184701418,23.725233916699842,0
73.93036605624081,23.719815297434252,0
73.93042498139455,23.712590465723757,0
73.93045443519513,23.708978047287648,0
73.93052804410476,23.699946993671528,0
73.93058690491534,23.692722143039404,0
73.93070455638177,23.678272421144104,0
73.93073395463695,23.674659986373328,0
73.93082211434648,23.66382267175153,0
73.93085148923336,23.66021023010845,0
73.93086617448665,23.65840400864282,0
73.93088085827995,23.6565977867478,0
73.93089554061335,23.654791564423455,0
73.93098360396087,23.64395422146261,0
73.93099827607749,23.642147996133588,0
73.93105694995292,23.63492309052633,0
73.93110094004145,23.6295044068159,0
73.93111560048705,23.627698178054466,0
73.93123283155406,23.61324833252342,0
73.93126212474134,23.609635866852816,0
73.93130605359057,23.604217165131846,0
73.93133533220328,23.600604695174784,0
73.93136460498738,23.596992223503513,0
73.93137923919393,23.5951859870251,0
73.93142313307264,23.58976727501909,0
73.93146701384178,23.584348559157437,0
73.93149626040596,23.580736079774656,0
73.93154011933112,23.575317357488473,0
73.9315547360609,23.57351111586997,0
73.93156935133486,23.571704873823297,0
73.93158396515308,23.56989863134847,0
73.93161318842267,23.566286145114475,0
73.93168622112746,23.557254922038616,0
73.93170082330298,23.555448676139505,0
73.93171542402355,23.553642429812466,0
73.93173002328929,23.55183618305754,0
73.93183217742087,23.539192443794043,0
73.93186135122696,23.535579943011996,0
73.91935371397118,25.247724545778517,0
73.91951339429363,25.22966616914969,0
73.9196888648945,25.20980190279986,0
73.91983229332968,25.193549280697606,1
73.91986414940526,25.189937581943745,1
73.92005515679159,25.168267351610265,1
73.92024594304344,25.146597056488986,1
73.92040476278773,25.1285384277604,1
73.92042063632637,25.126732562415516,0
73.92049998102081,25.11770322895106,0
73.92149644479208,25.00393266601039,0
73.92187445482655,24.96059103141796,0
73.922015982149,24.944337852025665,0
73.92204741590426,24.940726029466017,0
73.9220631304969,24.938920117515853,0
73.92225158682712,24.917249139265383,0
73.92353351456492,24.769162402300243,0
73.92398443955955,24.716789547364304,0
73.92466617520273,24.63732657202366,0
73.92468163525365,24.635520585340288,0
73.92489791777189,24.61023672529172,0
73.92540655936452,24.55063871218253,0
73.92556036997263,24.532578613217968,0
73.92565258425364,24.521742532650897,0
73.92634247030804,24.4404714224366,0
73.9269226799237,24.371841790733296,0
73.92712067741274,24.348363086855127,0
73.92719676313982,24.33933279638009,0
73.92751591612738,24.301405456639692,0
73.92775863933267,24.27250830615383,0
73.92777379687985,24.270702230525732,0
73.92778895293898,24.268896154459814,0
73.9279404317079,24.250835369726023,0
73.92797070961436,24.247223207527906,0
73.92806150765237,24.236386710434388,0
73.92807663545615,24.234580626054605,0
73.92809176177374,24.2327745412375,0
73.92822783176834,24.216519758207998,0
73.92828826870036,24.20929539882982,0
73.9283486818739,24.20207103246002,0
73.92836378145572,24.200264939775305,0
73.9283788795531,24.198458846653736,0
73.92842416493947,24.19304056466818,0
73.92895150819082,24.12982698457139,0
73.92985130692682,24.02145960558419,0
73.9298662585189,24.019653469337243,0
73.93004556257779,23.997979800500698,0
73.93009035541714,23.99256137352343,0
73.9301202099403,23.988949086701933,0
73.93016498067226,23.983530653215208,1
73.93028430446519,23.969081478162433,1
73.93037373545242,23.95824457865827,1
73.93044822078903,23.949213817149612,0
73.93047800462085,23.945601509512247,0
73.93053755462655,23.938376889037674,0
73.93056732080186,23.934764576200855,0
73.93059708109311,23.931152261631283,0
73.93061195903246,23.92934610369678,1
73.93062683550104,23.927539945329162,1
73.93065658402634,23.923927627294688,1
73.93077551931593,23.90947833783728,0
73.93089436054156,23.8950290206783,0
73.9309092090832,23.893222854086304,0
73.93095374589483,23.88780435171473,0
73.93102794454211,23.87877350577839,0
73.93107244611116,23.87335499302746,0
73.93119105237899,23.858905606670714,0
73.93120587155902,23.857099431431255,0
73.93123550551773,23.85348707965603,0
73.93133917816891,23.8408438348342,0
73.93135398268161,23.839037655274776,0
73.9313983874227,23.833619114005455,0
73.93141318607103,23.831812932718748,0
73.93142798325346,23.83000675100029,0
73.9314427789701,23.82820056885009,0
73.93151673556966,23.81916965162401,1
73.93159065553802,23.8101387236084,1
73.93162021327113,23.806526349381787,1
73.9316349899407,23.804720161621358,0
73.93164976514576,23.802913973429554,0
73.93166453888637,23.801107784806394,0
73.93169408197461,23.79749540626611,0
73.93176791407377,23.788464452368437,0
73.93179743666676,23.784852067791128,0
73.93185646429083,23.777627293463453,0
73.93190071964513,23.77220870819209,0
73.9319302158999,23.768596315856502,1
73.93197444931174,23.763177724121615,1
73.9320776094236,23.750534328330026,1
73.93248953387165,23.69996053424431,0
73.9326950669238,23.674673510771054,0
73.93281238605296,23.660223745266,0
73.93282704438488,23.658417522645475,0
73.93285635667688,23.65480507611644,0
73.93306137956172,23.62951790234461,0
73.93349975373681,23.575330818399703,0
73.9335289321517,23.57171833242768,0
73.93354351917948,23.56991208879947,0
73.93367473705614,23.55365587688443,0
73.92157835316445,25.22065146214335,0
73.92161019678015,25.217039774540375,0
73.92164203425382,25.21342808513529,0
73.92168977894976,25.208010547649128,0
73.92189651302523,25.184534505041682,1
73.9219282952563,25.18092279942623,1
73.92203948476407,25.168281815596867,1
73.92224578032118,25.14480564429252,1
73.92240429307122,25.126746999278144,0
73.9228631148622,25.074376674725627,1
73.92303681448624,25.054511970129404,1
73.92346238521,25.005752919808142,1
73.92407513758948,24.935322604361062,0
73.92473243906235,24.85947381240631,0
73.92477928674344,24.854056011441905,0
73.92537151073498,24.785430185583834,0
73.92548036630195,24.772788515992424,0
73.92685794105716,24.61205682039719,0
73.92690416836747,24.606638836921196,0
73.92698118383113,24.597608855614286,0
73.92735033547658,24.55426479149565,0
73.92741177671576,24.54704075606754,0
73.92822361028654,24.451321620281796,0
73.92842209754122,24.427843152683394,0
73.92871174035697,24.393528335545255,0
73.92945623041794,24.305031496448425,0
73.93006132990897,24.23278839858831,0
73.93022731593123,24.21292142395603,0
73.93034792037177,24.198472681919036,0
73.93094952115527,24.126228552663555,0
73.93168326003294,24.03772854422066,0
73.93169819742229,24.035922410724854,0
73.93178779082037,24.025085600625175,0
73.93184749029433,24.017861051870245,0
73.93213074115792,23.983544350415464,1
73.9327401584915,23.90949198757207,0
73.93348001343257,23.819183243545062,1
73.93352428834395,23.813764684563886,1
73.93390745321803,23.766803677467045,1
73.93398102557494,23.757772681161573,1
73.93428963115475,23.719842379135784,0
73.93434834026223,23.712617538186933,0
73.93449501103274,23.694555405713874,0
73.93465618066874,23.674687010351327,0
73.93475865146476,23.66204345896701,0
73.93481717419755,23.654818563015297,0
73.93494876526923,23.63856252201501,0
73.93497799173706,23.634950063739446,0
73.93500721239094,23.63133760374798,0
73.93535740700763,23.587987950083487,0
73.93537198030165,23.58618170915773,0
73.93544482500702,23.5771504981051,0
73.93547395273391,23.57353801068671,0
73.93553219078257,23.566313030712767,0
73.9356340515409,23.553669299280827,0
73.93602627797625,23.50490042460182,0
73.9234363297063,25.235112675518153,0
73.92375414933444,25.198995766916784,1
73.92388110559166,25.184548953037076,1
73.92434050106428,25.132179011354143,1
73.92438795134665,25.12676140960037,0
73.92556974661049,24.991320053245023,0
73.92558544601334,24.989514151466228,0
73.92607137390459,24.933530974496907,0
73.92622781364932,24.915471793538796,0
73.9265714474714,24.87574143830285,0
73.92730312027287,24.79086222933369,0
73.92731865151127,24.789056278032895,0
73.92860249095162,24.63916077184871,0
73.92894104906618,24.59942892088986,0
73.92900252707841,24.59220492498459,0
73.92901789283317,24.59039892490287,0
73.92903325708882,24.588592924379054,0
73.92907934086196,24.583174920155177,0
73.9291868172142,24.570532894830194,0
73.92921751125922,24.566920883617556,0
73.92929422016024,24.557890847855038,0
73.929340227531,24.552472821097304,0
73.92935556032684,24.550666811294843,0
73.92941687654067,24.543442767669504,0
73.92943220185221,24.54163675565942,0
73.92946284798566,24.538024730314948,0
73.92949348813356,24.534412703204868,0
73.92955475047569,24.527188643688707,0
73.92964659911608,24.516352541177376,0
73.92967720336647,24.512740503477826,0
73.92983013492912,24.494680288520613,0
73.93001345558716,24.473007972387048,0
73.93004398812369,24.46939591352974,0
73.93005925215269,24.46758988344038,0
73.93012029334236,24.460365758678723,0
73.93019656125225,24.45133559281909,0
73.9302118103582,24.4495295583264,0
73.93030327366967,24.438693342126975,0
73.93031851233506,24.436887304553423,0
73.93033374950933,24.435081266539843,0
73.93037945208626,24.429663149859195,0
73.93042514124635,24.424245029219207,0
73.9305316971241,24.411602732332202,0
73.93054691343231,24.409796688160856,0
73.93056212825077,24.407990643549844,0
73.93068379317928,24.393542270837134,0
73.93069899459435,24.391736222270335,0
73.9307445899071,24.38631807393357,0
73.93080536281859,24.379093870000624,0
73.93086611191968,24.37186965903988,0
73.9308964775432,24.36825755092458,0
73.93094201482178,24.362839385458507,0
73.93097236557078,24.359227272952676,0
73.9310178805411,24.353809100901746,0
73.93103304922404,24.352003042673623,0
73.93104821642025,24.350196984006626,0
73.9311391883808,24.33936062278982,0
73.93115434517232,24.33755456105144,0
73.93121495747921,24.33033030971147,0
73.93126040110985,24.324912116601414,0
73.93130583137224,24.319493919544882,0
73.9314117833442,24.30685144440263,0
73.93148741878929,24.2978210918673,0
73.93153278224793,24.292402875088385,0
73.93157813235334,24.286984654367,0
73.93168389735065,24.274342124022326,0
73.93172920296325,24.26892389016418,0
73.931744301869,24.26711781133596,0
73.93178958969224,24.26169957222519,0
73.93181977416364,24.258087410629805,0
73.93189520940982,24.249056998984084,0
73.93213635336609,24.220159608239925,0
73.93216646971284,24.216547426527704,0
73.93221163313453,24.211129150681824,0
73.93224173468445,24.207516964599844,0
73.93420053305837,23.97091497958157,1
73.93452701634882,23.931179563755567,0
73.93461593410952,23.920342595777104,1
73.93470479913411,23.90950561221332,0
73.93556111275777,23.80474730200721,0
73.93557583369062,23.80294111150707,0
73.93584056106846,23.770429608777665,0
73.93613414878772,23.73430555314339,0
73.93623676689138,23.721662092994357,0
73.9365880592952,23.678312926803198,0
73.93679259330601,23.653025798908253,0
73.93680719198764,23.651219572267372,0
73.93686557219898,23.64399466141237,0
73.93692392919031,23.63676974369222,0
73.93702599806893,23.624126121167524,0
73.93738994987703,23.5789701549798,0
73.93770947876416,23.53923268336273,0
73.9378254974994,23.524782642357366,0
73.93783999333586,23.522976385308137,0
73.93786898067276,23.51936386992758,0
73.93795590800174,23.508526313531,0
73.93799935216205,23.503107529565572,0
73.93801383065991,23.501301267389547,0
73.92531056723479,25.247768013498465,0
73.92542174368077,25.235127129835313,0
73.92570728161162,25.202621899028447,0
73.9257865097575,25.19359264235239,1
73.92589736496431,25.180951664100338,1
73.92632424833496,25.13219339865978,1
73.92634003746501,25.130387530683198,1
73.92708040792131,25.045511229374586,1
73.92791126484433,24.949798467998292,0
73.92851993071072,24.879367520879217,0
73.92889335117238,24.83602506233292,0
73.9295602228803,24.75836918274668,0
73.92962211585295,24.751145338196547,0
73.92965305331006,24.747533413255912,0
73.92977674296138,24.73308569572743,0
73.92990033636599,24.718637949782757,0
73.9299312196843,24.715026008858015,0
73.93005469284913,24.70057822741062,0
73.93008554611703,24.696966277612635,0
73.93014723463017,24.689742372694667,0
73.93023972235467,24.678906502015643,0
73.93028594595214,24.673488560691606,0
73.93039374849229,24.66084668209136,0
73.93048609216632,24.650010768869848,0
73.93051686139412,24.646398794252693,0
73.93054762462477,24.642786817864195,0
73.930578381859,24.63917483970456,0
73.93068598496795,24.62653290220092,0
73.93070135084689,24.62472690935852,0
73.93073207811041,24.62111492234611,0
73.93077815777116,24.61569693850887,0
73.9308549272533,24.60666695659874,0
73.93091631588865,24.59944296310916,0
73.93100835393855,24.588606959609283,0
73.93103902131737,24.584994954905984,0
73.93114631002169,24.572352924522598,0
73.9315747324066,24.521784586575173,0
73.93172745666487,24.503724382033855,0
73.93177324484707,24.498306312072764,0
73.93183427487519,24.491082212619837,0
73.93189528104423,24.48385810611523,0
73.93232165667722,24.433289163267983,0
73.9326558474905,24.393556180463328,0
73.93268619279102,24.389944080567858,0
73.93280751456203,24.375495663413798,0
73.93333718031026,24.312283508066812,0
73.93345799172374,24.29783493999153,0
73.9334730864839,24.296028867010435,0
73.93351836187784,24.29061064543882,0
73.93375960561451,24.26171339716442,0
73.93395533726779,24.238234300449154,0
73.93398542765185,24.234622125163185,0
73.93522897364052,24.084715310832724,0
73.93533338710286,24.072072430179247,0
73.9353482974319,24.070266302631435,0
73.93548242426803,24.054011135130573,0
73.93615127508616,23.972734769776405,1
73.93625505174424,23.96009170063375,1
73.93706794581313,23.86075256188669,0
73.93727415890235,23.835466026806515,0
73.93728887747099,23.833659842490682,0
73.93765636810387,23.788505094361113,0
73.93818395665602,23.723481783851337,0
73.93828632459399,23.71083829758855,0
73.93838862139157,23.69819479025689,0
73.93840322941419,23.696388573204395,0
73.93852004136166,23.68193882131466,0
73.93863676048163,23.667489041932274,0
73.9389427068472,23.629558240343574,0
73.9392480147008,23.59162724963682,0
73.93934964223452,23.5789835440822,0
73.93955268485631,23.553696070046616,0
73.93966858210779,23.539246047234805,0
73.93985671812536,23.515764701807893,0
73.93988564048799,23.512152180716818,0
73.92769216979714,25.202636305540604,0
73.92786609947555,25.182771913088605,1
73.92832375710216,25.130401890269262,1
73.92851275804502,25.108731425443406,1
73.92865436499487,25.09247853439212,1
73.92867009149779,25.09067265536445,1
73.92873298230879,25.083449134766504,1
73.92899999705102,25.05274909215883,1
73.92901569013283,25.050943203264186,1
73.92914118014671,25.036496075972963,1
73.92915685956983,25.03469018304517,1
73.92920388873672,25.029272501573843,1
73.92931357037415,25.016631229130827,1
73.92962653722799,24.980513186996266,0
73.92987647457477,24.951618624461272,0
73.9300012980057,24.937171300285243,0
73.93004808184313,24.93175354634791,0
73.93006367343222,24.929947627475492,0
73.93017277223862,24.917306182864873,0
73.93025065463006,24.908276566177854,0
73.93031293335602,24.901052864794327,0
73.93035962654534,24.89563508407124,0
73.93037518792227,24.893829156271213,0
73.93040630614742,24.890217299332797,0
73.93049962460026,24.879381717812425,0
73.93051517239428,24.877575785998125,0
73.930577348484,24.870352054282044,0
73.93059288873533,24.868546120238435,0
73.9306084274784,24.866740185749038,0
73.93067056737011,24.85951644333403,0
73.93071715645699,24.854098631843176,0
73.93084132769978,24.839651114929826,0
73.9309343928472,24.828815458537257,0
73.93101190571701,24.819785732632017,0
73.93104290032464,24.816173839153805,0
73.93105839537021,24.814367891747057,0
73.93115133403413,24.803532197961104,0
73.93118230154934,24.799920296472855,0
73.9312751679875,24.789084581332045,0
73.93132158090081,24.783666717757555,0
73.93141436612885,24.772830978603665,0
73.93144528251179,24.769219061996072,0
73.93153799559202,24.758383301507134,0
73.93186206557422,24.72045801386827,0
73.93224700050757,24.67530860675095,0
73.93236998187412,24.660860737953914,0
73.93266167865589,24.62654693595534,0
73.93427915013679,24.435109113512187,0
73.93432468422039,24.429690989866256,0
73.93443087843546,24.417048685965057,0
73.93444604309843,24.415242640791632,0
73.93459760809466,24.39718216487991,0
73.93491541178842,24.359255022463586,0
73.93517220283427,24.3285519558743,0
73.93547376235475,24.29243053883384,0
73.93574466034894,24.25992111369956,0
73.93575969620515,24.25811503036742,0
73.9357747305849,24.25630894659778,0
73.93670398239338,24.144330899436984,0
73.93698762039119,24.11001471053221,0
73.93700253401163,24.10820859097036,0
73.93709198489084,24.097371864455468,0
73.9371515894423,24.090147371405664,0
73.93774634409438,24.01790205818536,0
73.9381464786212,23.969136078917884,1
73.93832397399427,23.94746220887723,0
73.93835353610051,23.943849891137283,0
73.93892883025997,23.873409349120916,0
73.93916420692268,23.844510474959275,0
73.93919360279482,23.8408981079144,0
73.9392082985475,23.8390919237443,0
73.93948724141147,23.804774342511692,0
73.93963384260914,23.786712395109316,0
73.94005816479374,23.734332503999397,0
73.9400727748261,23.732526294400042,0
73.9403209235641,23.701820665403396,0
73.94035008999917,23.69820823029364,0
73.94093220286038,23.625959167361028,0
73.94149753679406,23.555515670487257,0
73.94174327789557,23.524809327117534,0
73.92925014929962,25.251408540232738,1
73.92926598061592,25.249602699616318,1
73.92928181040627,25.24779685854908,1
73.92929763867072,25.24599101703105,1
73.92932929062236,25.24237933264268,1
73.92936093647168,25.238767646451414,1
73.92939257621941,25.23515595845744,0
73.92940839380546,25.23335011378449,0
73.92944002440234,25.2297384230868,0
73.92948745886119,25.224320883661132,0
73.92950326729813,25.2225150362849,0
73.92955068346232,25.21709749145353,0
73.92959808590867,25.211679942568633,0
73.92967705950892,25.202650685421045,0
73.92970863828438,25.199038979410435,1
73.92974021096694,25.19542727159922,1
73.92980333805649,25.188203850575697,1
73.92983489246507,25.184592137363794,1
73.92985066738564,25.18278628008288,1
73.92986644078387,25.18098042235203,1
73.92988221265986,25.179174564171262,1
73.92992951915534,25.173756986929728,1
73.92996104920958,25.170145266519565,1
73.92997681195418,25.168339405639813,1
73.93002409105898,25.162921820302188,1
73.93003984771794,25.16111595762359,1
73.93010285914305,25.153892502412944,1
73.93018158920776,25.144863173284804,0
73.93019733065947,25.143057306110773,0
73.93024454589384,25.1376397018923,0
73.93030747826165,25.13041622331035,0
73.93032320755461,25.12861035254169,0
73.93033893532815,25.126804481323813,0
73.93038610953334,25.121386864975086,0
73.9304961295179,25.108745744443134,1
73.93051184058446,25.1069398682854,1
73.93062177554533,25.09429872261251,1
73.93065317187474,25.090686962666716,1
73.93071594632609,25.083463437390723,1
73.93077869650602,25.076239904936774,1
73.93081006249615,25.07262813601855,1
73.93091979570075,25.059986930678967,1
73.93095113440216,25.056375153689654,1
73.93096680147956,25.054569264522595,1
73.93127982492143,25.018451387083367,1
73.93140486474661,25.004004185948087,1
73.93142048791663,25.00219828379189,0
73.93146734835155,24.99678057463813,0
73.93152980775963,24.98955695616867,0
73.93159224297708,24.982333330541252,0
73.93167025299023,24.973303788443445,0
73.93168585045933,24.971497878682325,0
73.93170144641749,24.969691968474066,0
73.93184174206421,24.95343875648282,0
73.9318729022623,24.94982692667946,0
73.93190405642123,24.946215095088732,0
73.93195077633791,24.940797344351736,0
73.93223081066994,24.908290755522163,0
73.93235511355203,24.89384333628675,0
73.93263444251939,24.86133653863985,0
73.93264994649196,24.859530601202177,0
73.93278941453246,24.843277144212482,0
73.93373149016077,24.73311387454664,0
73.93411597482732,24.687964515990007,0
73.93434621675323,24.66087476783289,0
73.9344995245368,24.642814880352578,0
73.93485156578518,24.601276971175682,0
73.93486685402132,24.599470969816466,0
73.93495855212404,24.58863495237716,0
73.93537052975347,24.53987267707105,0
73.93549238876689,24.525424533691353,0
73.93594851260578,24.471243744675153,0
73.93596369370756,24.469437711544803,0
73.93606991985743,24.45679546730335,0
73.93673596342119,24.37732943850806,0
73.93690202635557,24.35746279839448,0
73.93720350061808,24.32134149853234,0
73.93742921857138,24.294250408557435,0
73.93756448996052,24.2779957072651,0
73.93769964189447,24.261740970514243,0
73.93778967685286,24.250904459656727,0
73.93864236630162,24.14795682193543,0
73.93874675333927,24.1353140318326,0
73.93883617070804,24.124477337605033,0
73.93920817484337,24.079324276236036,0
73.93975706134628,24.012497246544985,0
73.93990506543582,23.99443578510102,0
73.94034820178004,23.94025114055453,0
73.9403629503825,23.938444979019405,0
73.94065761643647,23.902321657402776,0
73.94081943448988,23.88245375674567,0
73.94114254258159,23.8427177985379,0
73.94156738348833,23.790338261662114,0
73.94200559052523,23.736152152410533,0
73.94213679845296,23.719896244091945,0
73.94345688382775,23.55552899532317,0
73.94368775314565,23.526628892588924,0
73.94370217025518,23.524822632534622,0
73.93148848067771,25.222529402399918,0
73.93150425829018,25.220723553403385,0
73.93153580895047,25.21711185405913,0
73.93158312353077,25.211694301665123,0
73.93166195074411,25.20266503866969,0
73.93169347098457,25.19905333032018,1
73.93170922882416,25.197247475470235,1
73.93172498514343,25.195441620170193,1
73.93178799521944,25.188218194469542,1
73.93180374393867,25.18641233691938,1
73.93181949113817,25.18460647891926,1
73.93183523681806,25.182800620469212,1
73.93185098097842,25.18099476156927,1
73.931882464741,25.17738304241974,1
73.93191394242665,25.173771321470905,1
73.93192967899088,25.171965460321783,1
73.93196114756263,25.168353736674298,1
73.93197687957037,25.166547874175965,1
73.93230690107745,25.128624657869583,0
73.93232259969768,25.126818785483618,0
73.93287109671263,25.06361296917246,1
73.93327735153059,25.016659721477232,1
73.93335536033591,25.00763021605682,1
73.93340214749736,25.00221250743342,0
73.9343350406886,24.893857490040592,0
73.93458289690979,24.86496254731535,0
73.9357088660093,24.733127924851633,0
73.93573960214475,24.729515984050913,0
73.9358624868807,24.715068203095722,0
73.93639898357159,24.651858827726006,0
73.93676581095171,24.60851494247147,0
73.93693365345429,24.58864890991465,0
73.93694890293385,24.586842904302713,0
73.93717746663366,24.5597527671057,0
73.9371926923183,24.557946754425803,0
73.93731444429346,24.543498637093272,0
73.93754247301202,24.516408340972788,0
73.93790662446992,24.473063660837386,0
73.93820943188342,24.436942900272754,0
73.93848145232592,24.404434065314256,0
73.93864745118985,24.384567484959728,0
73.93873792066661,24.37373114600226,0
73.93884340119192,24.361088730576125,0
73.93890364329818,24.35386448353423,0
73.93902405667407,24.339415968391307,0
73.9391443756405,24.32496742518007,0
73.9396696622467,24.26175471892467,0
73.94019314663507,24.19854147672543,0
73.94040203664798,24.173256030019207,0
73.94055106777887,24.155194944298696,0
73.94078921273723,24.126297116459238,0
73.94135330526281,24.057664328555347,0
73.94139774897185,24.052245923811032,0
73.94169370453376,24.016123125584325,0
73.94312082385188,23.84092509437693,0
73.94351563218045,23.79215790844103,0
73.94354483523493,23.788545511792005,0
73.94383654742478,23.75242145052192,1
73.94393851002411,23.73977798838814,0
73.94454879955433,23.663916773121418,0
73.94482404716352,23.62959835546024,0
73.94498316342836,23.609729727112402,0
73.94530087375706,23.56999231491605,0
73.94540181751034,23.557348549407656,0
73.94543064565417,23.553736041126694,0
73.9455314989222,23.541092248672634,0
73.93322151594997,25.25143728321622,1
73.93325305968128,25.24782559685547,1
73.93326882926654,25.24601975299899,1
73.93330036387678,25.24240806393394,1
73.93331612890194,25.240602218725414,1
73.93336341485885,25.235184680396124,0
73.93337917380528,25.233378833385206,0
73.93339493123226,25.231572985923744,0
73.93344219439753,25.226155440836358,0
73.93347369557897,25.222543741859177,0
73.93366257511138,25.200873510169476,0
73.93367830520518,25.199067654602388,1
73.93369403378139,25.19726179858521,1
73.93377265390221,25.188232511748858,1
73.9339297803816,25.17017390433342,1
73.93600518392661,24.92999015858505,0
73.936299494327,24.895677548824175,0
73.93667048023617,24.852335074773297,0
73.93690190788193,24.82524589816954,0
73.9369327394353,24.821634000387057,0
73.93767090158626,24.73494791998006,0
73.93814580266405,24.678962615997268,0
73.93832925078718,24.65729077105269,0
73.9390456932566,24.572408764735496,0
73.93912171740142,24.563378706597575,0
73.93975885673814,24.487525782696522,0
73.93978913153232,24.483913719302553,0
73.94007644696075,24.44959902920716,0
73.94018216547774,24.436956734909188,0
73.94031798291742,24.42070232485698,0
73.94048381959554,24.400835775323046,0
73.94096523883888,24.34304187450866,0
73.94231115565483,24.180494123258182,0
73.94262349375308,24.142565805392543,0
73.94290552960962,24.108249542651322,0
73.94357140693842,24.02697355691154,0
73.94487968598729,23.86622513123312,0
73.94505520385103,23.844550924005087,0
73.94546393511071,23.793977532119854,0
73.94582791624754,23.74882243237366,0
73.94630699065067,23.689217288895644,0
73.94650976037148,23.663930116954152,0
73.9465387044474,23.660317656950866,0
73.94655317432732,23.658511426305495,0
73.94666888158521,23.644061565696212,0
73.94668333852107,23.64225533118965,0
73.94677004994573,23.63141791514435,0
73.94692888652015,23.611549278977797,0
73.94733241384712,23.560974334872473,0
73.94738996879605,23.553749315468135,0
73.94749063476948,23.541105515046862,0
73.94776351713946,23.50678652262768,0
73.93550606448805,25.217140499322547,0
73.93597683952454,25.16296472313388,1
73.93632120907755,25.123235563402112,0
73.93646187673454,25.106982662673232,1
73.9370544594352,25.038358903438688,1
73.93764486730775,24.96973449740471,0
73.93797021423573,24.93181020653761,0
73.93840298099313,24.88124417911939,0
73.93923428838663,24.78372299678812,0
73.93955639833325,24.74579774227911,0
73.93984726467758,24.71148424804099,0
73.94071664146807,24.608542805268723,0
73.9407318506207,24.60673680220881,0
73.9409598099557,24.57964670326765,0
73.9422603501149,24.42432821991834,0
73.9427414859762,24.366534464967312,0
73.94292152340527,24.34486169095468,0
73.94302644747732,24.332219210279145,0
73.94313129955351,24.31957670812174,0
73.94314627254617,24.31777063463184,0
73.94335574028516,24.29248555977262,0
73.94344542412142,24.281649072842974,0
73.94354998852849,24.269006484842766,0
73.94366940274386,24.25455778659055,0
73.94390794987052,24.225660306128862,0
73.94398241897476,24.216629820540085,0
73.94401219637163,24.213017623246635,0
73.94414612223602,24.196762713808656,0
73.94423534033103,24.18592608787076,0
73.94441361865435,24.164252788868883,0
73.94459168661932,24.14257942706795,0
73.94502115002679,24.090201877045704,0
73.94503593724045,24.088395748101373,0
73.94559677252639,24.019762526064422,0
73.94574401169238,24.001701047600974,0
73.9461555088001,23.95112867716717,1
73.94690210131952,23.859013844510503,0
73.94719385562114,23.82289007389979,0
73.9472229992738,23.819277687344936,1
73.94760134150023,23.772316505199164,0
73.94761587365511,23.77051030006885,0
73.94763040436864,23.76870409450787,1
73.94790621418808,23.734386107058235,0
73.94797870931998,23.725355031913217,0
73.94823939397105,23.692843072398425,0
73.94831172369236,23.683811947826545,0
73.94878819928647,23.624206256537626,0
73.94976510607064,23.501380936985008,0
73.93745981964717,25.220766488317135,0
73.937475507846,25.21896063537381,0
73.9376009589767,25.20451379561906,0
73.93782026560257,25.179231756741583,1
73.93785157094051,25.1756200297043,1
73.93816429210166,25.13950266042705,0
73.93827360189397,25.126861538717876,0
73.93828921154564,25.12505566239155,0
73.93841403448103,25.1106086356175,0
73.93961053029167,24.971554535865813,0
73.93984257769384,24.944465766102628,0
73.93985803553059,24.942659844544405,0
73.94101311008879,24.80721445652333,0
73.94104379708655,24.803602545214336,0
73.94118181478883,24.787348922311327,0
73.94133502624165,24.76928929907786,0
73.94138096063608,24.763871403443,0
73.94299539379136,24.572436529571398,0
73.94313170143387,24.55618239622966,0
73.94316197576056,24.552570361741918,0
73.94376622190788,24.480329301496734,0
73.94400725963094,24.451432680015916,0
73.94418779049975,24.429760139980182,0
73.9448479253066,24.350293618458075,0
73.94520680087287,24.30694788503427,0
73.94568398895126,24.249153181388127,0
73.94569887693416,24.24734708968054,0
73.94572864851321,24.24373490495377,0
73.94584767635308,24.229286148562114,0
73.94596661066564,24.214837364204662,0
73.94601118692984,24.209419062863276,0
73.94607060150408,24.202194654961172,0
73.94610030003082,24.198582448390454,0
73.9461299927183,24.19497024007357,0
73.9461596795672,24.191358030010687,0
73.94618936057829,24.18774581820203,0
73.94624870508986,24.180521389348172,0
73.94627836859179,24.176909172303365,0
73.94638214490324,24.164266398906058,0
73.94639696425747,24.16246028667624,0
73.94651546661058,24.148011373142005,0
73.9465598809453,24.14259302337446,0
73.9465746828094,24.140786905913693,0
73.94666346340169,24.12995019199921,0
73.94667825506922,24.128144071488713,0
73.94670783403546,24.12453182916101,0
73.94673740717727,24.120919585091205,0
73.94679653599043,24.11369509172605,0
73.9468408673165,24.10827671713064,0
73.94695902015938,24.093827699058007,0
73.9469885438225,24.090215440188313,0
73.94700330347243,24.088409310100868,0
73.94704757369666,24.082990917228457,0
73.9471508199994,24.070347985303904,0
73.94723926014612,24.05951116955465,0
73.9472981911853,24.052286617028855,0
73.94738654417048,24.041449775204715,0
73.9474012645856,24.039643633380212,0
73.94744541711994,24.034225205300643,0
73.94747484488461,24.030612917742815,0
73.9475777963454,24.01796989761339,0
73.94768067671653,24.005326856215113,0
73.94769536811096,24.003520705708198,0
73.94771005805529,24.00171455476742,0
73.9482525673959,23.934886665184557,0
73.9482964677769,23.929468161659273,1
73.94844270837531,23.91140645511128,1
73.94845732448317,23.90960028207686,0
73.94858880441889,23.893344705304944,0
73.949288056022,23.806647704869313,1
73.94930258843965,23.804841506787955,0
73.94962193738112,23.76510503997353,1
73.94963643669352,23.763298831983164,1
73.95001291422815,23.716337273193226,0
73.95002737473716,23.71453105358754,0
73.95005629144748,23.710918613086655,0
73.950128558099,23.70188750431351,0
73.95015745471173,23.69827505779641,0
73.95020078886745,23.69285638479868,0
73.95022967113002,23.689243933985782,0
73.95027298376378,23.68382525454531,0
73.95031628348751,23.678406571240107,0
73.95033071386027,23.676600342612996,0
73.95034514279892,23.674794113556562,0
73.95040284421431,23.66756919303821,0
73.9504749387268,23.65853803273374,0
73.95048935332926,23.656731799385554,0
73.9505325885382,23.651313096766895,0
73.95056140484628,23.647700626209613,0
73.95057581085123,23.645894390287594,0
73.95059021542357,23.64408815393669,0
73.95069100732398,23.631444487473708,0
73.95070540043852,23.62963824769264,0
73.9507773445355,23.620607042357932,0
73.95082049381624,23.615188314014542,0
73.95086363021673,23.60976958181505,0
73.95093549560121,23.60073835291534,0
73.95097859766594,23.595319610436288,0
73.95102168685902,23.589900864103647,0
73.951079119098,23.58267586300018,0
73.95117957048097,23.570032094592122,0
73.95119391496199,23.568225840250914,0
73.95125127859811,23.561000818608367,0
73.9512656159356,23.55919456212843,0
73.95127995184463,23.557388305220822,0
73.9513086193777,23.553775790122703,0
73.95135160996612,23.54835701426864,0
73.95140891076012,23.541131973811428,0
73.95142323238944,23.53932571262853,0
73.95150913219106,23.528488136556795,0
73.95158067611645,23.5194568114144,0
73.95159498062154,23.517650545104495,0
73.95166648175187,23.508619207149152,0
73.95172365698716,23.50139412909947,0
73.93920994498842,25.247868504168228,1
73.9392569851508,25.242450960772853,1
73.93971100579971,25.190081165654327,1
73.94005458879147,25.150352103157896,1
73.94010138450129,25.144934486870582,0
73.94013257411001,25.141322740432663,0
73.94016375769473,25.137710992197842,0
73.94024169030656,25.128681613750672,0
73.94027285281335,25.125069859228265,0
73.9403507327422,25.116040465065023,0
73.94036630421364,25.11423458488562,0
73.94103445546051,25.036581312864,1
73.94104996082308,25.034775412957288,1
73.94159170400613,24.971568634274632,0
73.94183874703032,24.942673924452194,0
73.94185417450423,24.940868001291324,0
73.9419004479544,24.93545022912947,0
73.94288441369045,24.819870133464068,0
73.94306822755512,24.798198662443372,0
73.94332826382283,24.76749730223477,0
73.94341993875686,24.756661497385046,0
73.94460685332845,24.615794581407183,0
73.94478865616239,24.594122509106125,0
73.94623543446828,24.420743643437195,0
73.94681931818222,24.350307320921026,0
73.9471327939714,24.31237979393141,0
73.94716261515028,24.3087676384246,0
73.94725204358643,24.29793116139244,0
73.9474902621415,24.26903381225544,0
73.94752001316182,24.265421635736637,0
73.94753488648125,24.263615546821068,0
73.94763895883226,24.250972912166212,0
73.94766868065079,24.2473607269008,0
73.9476835393707,24.24555463361231,0
73.94771325243227,24.241942445723883,0
73.94775781108028,24.236524160612998,0
73.94777266104484,24.23471806470194,0
73.9478617301983,24.223881480059266,0
73.94792108046546,24.21665708155995,0
73.94811380775471,24.193177738183316,0
73.94863146574329,24.129963754944196,0
73.94886751606755,24.101065756258006,0
73.94902958498803,24.08119831753194,0
73.94911791219674,24.070361510590295,0
73.94964677939952,24.00534034045791,0
73.94982265138819,23.983666492073468,1
73.94998368440378,23.96379874287556,1
73.95001294433989,23.96018641920599,1
73.95007144686984,23.952961766668302,1
73.95010068946512,23.949349437800596,0
73.95011530859564,23.947543272717105,0
73.9501445425229,23.943930941251004,0
73.95015915731982,23.942124774868432,0
73.95020299304475,23.936706273122958,0
73.95026142046115,23.929481598068453,0
73.95033442224823,23.920450744512458,0
73.9503490182754,23.91864457250312,0
73.95042197676504,23.909613705967153,0
73.95045115006094,23.906001356324904,0
73.95055321115989,23.89335811895528,0
73.95058235849488,23.889745761530015,0
73.95061150006272,23.886133402375727,0
73.9506697658998,23.87890867888094,0
73.95072800867682,23.871683948472526,0
73.95077167562978,23.866265396130114,0
73.95082987806526,23.859040653626707,0
73.9508880574562,23.851815904214096,0
73.95098981595646,23.839172576121545,0
73.95100434712712,23.837366384667636,0
73.95109150393044,23.826529226883057,0
73.9511495796909,23.81930444639885,1
73.95119312140835,23.813885856507234,1
73.95126566217702,23.80485486473091,0
73.95132366891396,23.797630063550397,0
73.95135266365835,23.794017660374205,0
73.95139614499683,23.78859905237807,0
73.95148306888129,23.77776182475363,0
73.95149755116773,23.77595561864198,0
73.95155546595207,23.76873078988891,1
73.9515844147286,23.765118372928853,1
73.95161335776231,23.761505954246722,1
73.95162782712583,23.759699744259944,1
73.95171461316569,23.74886247530082,0
73.95174353036538,23.745250048871842,0
73.95175798681308,23.743443835011973,0
73.95183024753347,23.73441275925988,0
73.9518591417815,23.730800325948234,0
73.95188803029338,23.72718789091642,0
73.95190247239847,23.72538167275551,0
73.95252212771994,23.647713885423695,0
73.95255088449288,23.644101410883835,0
73.95275202179873,23.618814041087287,0
73.95276637803154,23.61700779717315,0
73.95295287909161,23.593526587309626,0
73.95298155014628,23.589914087061267,0
73.95328225167172,23.55198273111331,0
73.95335375458986,23.542951428088852,0
73.9534537988276,23.530307585904062,0
73.95346808516328,23.528501321025676,0
73.94136766796524,25.228018394875,0
73.9413833035993,25.2262125414127,0
73.94171130377497,25.18828951471933,1
73.94172690626107,25.186483651355708,1
73.9425827270457,25.08716047434799,1
73.94380405992368,24.944493901907787,0
73.94411177847044,24.908375339727055,0
73.94466416962844,24.843361478271945,0
73.94469480146432,24.839749580151175,0
73.94553484837536,24.74042168469171,0
73.94590000842554,24.697078182038624,0
73.9460670885156,24.67721232464203,0
73.94612780054338,24.669988363206432,0
73.94652185243046,24.623032441216772,0
73.94680918236992,24.588718309134492,0
73.9468847070359,24.579688247861462,0
73.94703564585191,24.561628092193,0
73.94726177795998,24.53453777593011,0
73.94744244526744,24.512865451463846,0
73.94756277250742,24.49841719988896,0
73.94829772640885,24.40992104420207,0
73.94858176153532,24.375605924332195,0
73.9489546872605,24.33045420945018,0
73.94913336717937,24.308781288983578,0
73.9493118368722,24.287108305446388,0
73.94932669986216,24.285302220639352,0
73.9495939843284,24.252792619295256,0
73.94987560577675,24.218476775306094,0
73.95061420595877,24.12817116974336,0
73.95070259401527,24.117334423848238,0
73.95083507820985,24.10107927562007,0
73.95086450319509,24.097467015671057,0
73.95137850263572,24.03425218501843,0
73.95167142094854,23.99812918575566,0
73.95178842645966,23.98367993746251,0
73.95181766339866,23.980067621053507,0
73.951905339574,23.969230661423953,1
73.95191994721891,23.96742449996893,1
73.95206594432324,23.949362861591368,0
73.95208053610115,23.947556695371436,0
73.95215347336362,23.938525857776952,0
73.95296791122718,23.837379738056832,0
73.95331557605203,23.794030986542698,0
73.95335897603614,23.788612375145206,0
73.95344573728444,23.777775140718873,0
73.95351799889896,23.768744100186748,1
73.95390759275439,23.71997629540007,0
73.95400842823017,23.707332739282148,0
73.95445414334581,23.651339594938534,0
73.95448285202363,23.64772711985138,0
73.95449720422147,23.64592088166452,0
73.95469798516778,23.62063350203336,0
73.95529865191963,23.544770859536648,0
73.95534146059839,23.53935207048613,0
73.94354015494804,25.20636231938132,0
73.94391385864475,25.163021554728658,1
73.94392941085374,25.161215683914477,1
73.94394496156129,25.159409812650882,1
73.94399160467633,25.15399219616381,1
73.9445192831171,25.092592260174857,1
73.94481340787794,25.058280305354945,1
73.94556944951601,24.96979083370794,0
73.94592309076099,24.928254589074406,0
73.94606125762893,24.91200121167016,0
73.94616863740535,24.89935967092843,0
73.94639849152364,24.8722705814842,0
73.94786165341517,24.69889803849477,0
73.94843705638404,24.630270277187975,0
73.94901033155915,24.561641877165425,0
73.94902538906041,24.559835858025405,0
73.94908560436726,24.552611777051858,0
73.94913075041678,24.54719371168823,0
73.94923603977881,24.534551543732206,0
73.94926610923469,24.530939491775136,0
73.94937130607916,24.518297296035772,0
73.94938632832788,24.51649126630958,0
73.94940134910891,24.514685236142586,0
73.94941636842232,24.512879205534844,0
73.94976140778286,24.47134037996308,0
73.94977639190132,24.469534338784428,0
73.95000097789288,24.44244366830061,0
73.95003089779824,24.4388315714247,0
73.9501056719477,24.42980132154007,0
73.95012062238736,24.427995270244217,0
73.95016546492757,24.422577113719267,0
73.95027004632352,24.40993473311267,0
73.9502999135605,24.406322620413526,0
73.9503148449858,24.404516563405004,0
73.9503297749491,24.402710505957216,0
73.95040440283877,24.3936802121302,0
73.9504640788438,24.38645596916433,0
73.95049390807942,24.382843845047198,0
73.95052373147143,24.379231719174182,0
73.95055354902054,24.375619591545483,0
73.95064296661789,24.364783198127295,0
73.95068765570544,24.359364995495113,0
73.95073233165554,24.35394678891508,0
73.95077699447066,24.34852857838788,0
73.95083652446284,24.34130429154605,0
73.95085140331366,24.339498218739514,0
73.95091090413065,24.33227392312987,0
73.9509852473397,24.323243543756707,0
73.95101497441742,24.31963138894018,0
73.9510446956643,24.31601923237122,0
73.95108926660335,24.310600994232413,0
73.95114867412089,24.303376670582356,0
73.9514157195687,24.270867127478684,0
73.95148981515966,24.2618366736798,0
73.95154906544538,24.254612302768837,0
73.95199270122116,24.200429298064776,0
73.95200746656496,24.19862319113889,0
73.95289073392514,24.090255977773175,0
73.95347668512741,24.01801029860862,0
73.95363741679377,23.998142615043474,0
73.95376879476206,23.981887198547387,0
73.9538563152295,23.97105023470954,0
73.95407488958142,23.943957756879378,0
73.95410400835809,23.940345419140165,0
73.95413312137929,23.936733079669395,0
73.95523515836507,23.799462898667652,0
73.95526404747363,23.79585049182206,0
73.9557830727402,23.730826874070296,0
73.95604189078246,23.698314856150645,0
73.95612806068637,23.687477485910932,0
73.9562572192535,23.67122140157025,0
73.95638626233043,23.65496528246859,0
73.9564722269184,23.64412785043159,0
73.95657245412406,23.631484160213148,0
73.95730057683745,23.539365212425803,0
73.95748558577957,23.515883734118884,0
73.94527596715562,25.235270206105177,0
73.945322711724,25.229852642835937,0
73.94574280472617,25.181094391121846,1
73.9458825926855,25.1648415676843,1
73.94597571720782,25.15400633183368,1
73.94715063301366,25.01675861281055,1
73.94736612433934,24.99147585603546,0
73.94771951210193,24.949939708251833,0
73.94923164800221,24.771150987628722,0
73.94939876720818,24.7512853050628,0
73.94944431415068,24.745867382312024,0
73.94947467139515,24.742255431592227,0
73.9495353681662,24.735031524827217,0
73.94955053866828,24.733225547026642,0
73.94958087524425,24.72961359009449,0
73.94962636903921,24.724195651369097,0
73.94970216251964,24.715165744622613,0
73.94971731678989,24.71335976194291,0
73.94980821143848,24.702523856553913,0
73.9498384978577,24.698911884544525,0
73.94985363885579,24.697105897874998,0
73.94995958456954,24.684463978780244,0
73.9500049677701,24.6790460068081,0
73.95008057697325,24.670016044662518,0
73.95015614935588,24.66098607144623,0
73.95027698861055,24.64653809128072,0
73.95030718370627,24.642926091813738,0
73.9503977336822,24.63209008279448,0
73.95041282019628,24.630284079743017,0
73.9504279052396,24.628478076249262,0
73.95045807091427,24.62486606793498,0
73.9505033083978,24.619448052146968,0
73.95057867480061,24.610418016991026,0
73.95060881107281,24.606805999834307,0
73.95069918462279,24.595969937757538,0
73.95075940427469,24.588745887536117,0
73.95080455359255,24.5833278452318,0
73.95090985061255,24.570685731064817,0
73.95122531029122,24.532759258800233,0
73.95151016917293,24.498444663937075,0
73.95162995160355,24.48399636588375,0
73.95173468440605,24.471354081970265,0
73.95174964038365,24.469548039650437,0
73.95207830202723,24.42981499730816,0
73.95224236770046,24.409948396337537,0
73.9522721788454,24.40633628135821,0
73.95236157725877,24.395499925878845,0
73.95239136505852,24.391887803872578,0
73.95242114702378,24.38827568011008,0
73.95249557641594,24.37924536302155,0
73.95261458763322,24.36479683285899,0
73.9526591927926,24.359378626808947,0
73.95294138772856,24.325063230181694,0
73.95311934539355,24.303390266594825,0
73.95337109367269,24.272686793592673,0
73.95360764973024,24.243789291752993,0
73.95366673068331,24.23656489880758,0
73.95368149729431,24.23475879947882,0
73.9537848229563,24.222116091945235,0
73.95412382144505,24.180575616561747,0
73.95413854312565,24.17876950370013,0
73.95466756000471,24.11374915040068,0
73.95544298427706,24.018023715162986,0
73.95545757600276,24.016217563147578,0
73.9560400652706,23.943971126991435,0
73.95686614309061,23.84101875907849,0
73.95724140513998,23.79405756400481,0
73.95728464241456,23.788638945823713,0
73.95771630830147,23.73445255090099,0
73.95788861513039,23.712777884533747,0
73.95854722483836,23.629691090623577,0
73.95910325545692,23.559247228867918,0
73.95931653890828,23.532153262645352,0
73.94719916799663,25.242507783038505,1
73.94721472770092,25.240701929714515,1
73.94741686738803,25.217225795524786,0
73.94768082174438,25.186526120665157,1
73.94772735699709,25.181108517490106,1
73.94774286575417,25.179302648865825,1
73.94789787101914,25.161243937899446,1
73.94803724786453,25.14499105960937,0
73.94843921214083,25.0980380958087,1
73.94857811847783,25.081785076138164,1
73.94865523645578,25.072755605074022,1
73.94882476480835,25.052890729297197,1
73.94900949920887,25.03121989391105,1
73.94908640858847,25.022190360140204,1
73.94913253635454,25.016772634507397,1
73.94922475170983,25.005937171161623,1
73.9496850256181,24.951759612998366,0
73.95000642214313,24.913835083106367,0
73.95005228253434,24.908417277058227,0
73.95017451169099,24.89396977464124,0
73.95018978366706,24.892163834832758,0
73.95029664602063,24.879522243693025,0
73.9504491806559,24.861462789904543,0
73.95046442597803,24.85965684207578,0
73.95047966982027,24.85785089380168,0
73.95058633528727,24.84520924341543,0
73.95060156729386,24.843403291579463,0
73.95063202687008,24.839791386572188,0
73.95069292827714,24.832567571216906,0
73.95079944882218,24.819925877214406,0
73.95082986996194,24.816313960638603,0
73.95084507831534,24.814508001683556,0
73.950936297411,24.80367223861461,0
73.95098188701856,24.798254351077816,0
73.95105784016549,24.789224529626424,0
73.95110339433835,24.783806631422614,0
73.95119446283647,24.772970823018856,0
73.95122480719857,24.769358883330575,0
73.95128547822132,24.762134998624614,0
73.9516490090325,24.718791541247494,0
73.95175487902183,24.706149651382983,0
73.95196640266161,24.68086580649981,0
73.952117314488,24.662805864140612,0
73.95319954680721,24.532772973794607,0
73.95388700020509,24.44969520767218,0
73.95400624196712,24.435246805453314,0
73.95419981082547,24.411768091845296,0
73.95428906724443,24.40093173744441,0
73.95433367579223,24.395513554315084,0
73.95480868540355,24.3377193551849,0
73.9549568206066,24.31965857587775,0
73.95565111228255,24.234772326781446,0
73.95591616363701,24.20226244375128,0
73.9560926041607,24.180589109830034,0
73.95610729814112,24.178782995834425,0
73.95612199067635,24.17697688140269,0
73.95650348961912,24.13001775318221,0
73.95685477678177,24.08667060431627,0
73.95767122191103,23.985526283492824,0
73.95830955525317,23.906054791882834,0
73.95874319278892,23.851869203923002,0
73.9593337510849,23.777814938979365,0
73.95963530373672,23.73988442530274,0
73.96020795344178,23.667635303362335,0
73.9603935750419,23.64415419085014,0
73.96047916564638,23.633316729866277,0
73.96110527077843,23.553841544923916,0
73.9613464410318,23.523135001721176,0
73.96144562768089,23.51049109511448,0
73.94910704314208,25.251551187521393,0
73.94913811736417,25.24793948262599,0
73.94920024783787,25.240716067429812,0
73.94924682997201,25.235298501303735,1
73.94926235435608,25.233492645027745,1
73.94929339863383,25.229880931124974,1
73.9493399538259,25.224463356894184,1
73.94940200646691,25.21723991828441,0
73.94946403517257,25.210016472473693,0
73.94952603994902,25.20279301946356,0
73.94955703336572,25.199181290259187,0
73.94957252783152,25.197375424982265,0
73.94958802080244,25.195569559255535,0
73.94963449074673,25.19015195937681,0
73.94964997773901,25.188346091851134,0
73.9497119107649,25.181122617251898,1
73.94972739028606,25.179316747478065,1
73.94974286831327,25.177510877254683,1
73.94978929343225,25.172093263887422,1
73.94983570510928,25.166675646474992,1
73.94985117268163,25.164869773105366,1
73.94988210334694,25.16125802501804,0
73.94991302804034,25.157646275133434,0
73.94995940388485,25.15222864693704,0
73.94997485951457,25.150422769973144,0
73.95003666711041,25.143199257626037,1
73.9500521152791,25.141393378416492,1
73.95006756195588,25.139587498757898,1
73.95017564692768,25.126946328576132,0
73.9502219466893,25.121528677479052,0
73.95023737696133,25.119722792882403,0
73.95028365883319,25.114305136399935,0
73.95032992729072,25.108887475879182,0
73.95039159770523,25.10166392223751,0
73.95045324428283,25.094440361419352,0
73.95048405863469,25.090828578319556,1
73.95054566946837,25.08360500673952,1
73.9506380410553,25.072769635921198,1
73.95065343111025,25.070963739216158,1
73.95080724982562,25.05290474752283,1
73.95082262351583,25.051098845889744,1
73.95093019771298,25.038457521919362,1
73.95123715132806,25.002339332583652,0
73.95129847076782,24.995115673244165,0
73.95134444476341,24.98969792404475,0
73.9513597664607,24.987892006750823,0
73.95142103841278,24.980668333105154,0
73.95151290184015,24.969832809229413,0
73.95155881353406,24.96441504125969,0
73.95165059689515,24.95357949325979,0
73.95166588893444,24.951773567030028,0
73.95168117949184,24.94996764035373,0
73.95175761005359,24.94093800027498,0
73.95178817190828,24.93732614111855,0
73.95186455062658,24.928296485416833,0
73.95192562694854,24.921072752823243,0
73.95292997128035,24.801880135621005,0
73.95312703888453,24.778402573441227,0
73.95335411529241,24.751312985335424,0
73.95350531561155,24.733253204444345,0
73.95395803462131,24.679073595699485,0
73.95410864728548,24.6610136375083,0
73.95487449221126,24.568907162720762,0
73.95514388182553,24.53639872087319,0
73.95533814668103,24.512920312899574,0
73.95541279825586,24.503890136154848,0
73.95556199200762,24.48582974962955,0
73.9556812420376,24.471381408708414,0
73.9560235665652,24.429842271716094,0
73.95617216316906,24.411781704834304,0
73.95640961531385,24.382884706465905,0
73.95651338366487,24.37024223434436,0
73.95652820190614,24.36843616514342,0
73.95676509636307,24.339538998284883,0
73.95692774588092,24.31967213097836,0
73.9580320514335,24.184214806630727,0
73.9582226380818,24.160735287301332,0
73.9585153726556,24.12461280606425,0
73.95854461442562,24.121000548359756,0
73.95858846628371,24.115582158538395,0
73.95866152392801,24.10655150013211,0
73.95925924072837,24.032499691189404,0
73.95947731447237,24.00540738356526,0
73.95956445361523,23.99457043318786,0
73.95997042095529,23.943997791810954,0
73.96036082696902,23.895230994800134,0
73.96142549521505,23.761572233867746,1
73.96143982921545,23.75976601823585,1
73.96206911866774,23.68029210479986,0
73.96231151748593,23.649586051959144,0
73.96248237599659,23.627911116519734,0
73.96289444271706,23.57552976791186,0
73.9634749923324,23.501472764871032,0
73.95155734634449,25.197389508465367,0
73.95171191631187,25.179330819485923,1
73.95202060900807,25.14321330669325,1
73.95215932633542,25.126960367324333,0
73.95225173757433,25.11612505421316,0
73.952636208131,25.070977742441396,1
73.95278973633012,25.052918739295755,1
73.95282042415386,25.049306933291646,1
73.95321882588054,25.00235329230741,0
73.9536162259389,24.955399349029626,0
73.95389076315556,24.92289259605313,0
73.95395170639239,24.915668853535177,0
73.9541191784414,24.895803524818366,0
73.95425606816502,24.879550033930226,0
73.9548781657155,24.80550589680023,0
73.95502952134898,24.78744623773429,0
73.95578409555085,24.697147276424467,0
73.95620505559782,24.646579374034737,0
73.95623508024941,24.642967367728094,0
73.95631011627542,24.63393734422049,0
73.95632511909228,24.63213133819214,0
73.95705846728393,24.543636501559742,0
73.95741638030874,24.50029170526413,0
73.957669394595,24.469588987708743,0
73.95781803016878,24.451528506206653,0
73.95829268777693,24.393734669990945,0
73.95849988325138,24.368449725244,0
73.95872156320667,24.341358617611245,0
73.95875109591394,24.33774646247434,0
73.95878062283055,24.334134305584527,0
73.95891342231512,24.31787957789335,0
73.95913449442057,24.29078828625128,0
73.95944344910494,24.25286031256304,0
73.9596343877154,24.22938099414927,0
73.95964906520247,24.227574889674894,0
73.95973709984231,24.216738253658367,0
73.95988370892076,24.19867715870751,0
73.96017649494499,24.162554837932504,0
73.96019111913127,24.160748717315872,0
73.96027883403589,24.149911984465035,0
73.96049789480298,24.12282008373355,0
73.96083316011773,24.08127897908775,0
73.96102232205752,24.05779912254545,0
73.96106594039472,24.052380683685247,0
73.9614869195199,24.000002239947342,0
73.9619211487886,23.945817259254206,0
73.96196450097433,23.940398739747952,0
73.9620222838962,23.933174041014283,0
73.96205116679054,23.929561689051322,0
73.96210891544956,23.922336979934183,0
73.96244052727162,23.880794768262405,0
73.96245492806723,23.878988579960712,0
73.9631014902394,23.79770965972851,0
73.96335930886929,23.765197847249425,1
73.96341653941833,23.75797298109182,1
73.96347374725946,23.750748108050423,1
73.96393059316898,23.69294887609582,0
73.9640160902528,23.682111471135748,0
73.96420115913105,23.658630374059204,0
73.96455638909917,23.613474214486416,0
73.96457057992848,23.61166796253402,0
73.96458476934555,23.60986171015343,0
73.95352673041228,25.199209432892474,0
73.95374269804648,25.173927245993216,1
73.9539275810225,25.152256729967384,0
73.95400455239492,25.14322732919936,1
73.95401994220988,25.14142144769861,1
73.95405071738107,25.137809683350163,1
73.9542045040868,25.119750834675134,0
73.95421987458755,25.117944947339357,0
73.95423524360326,25.116139059554904,0
73.95446560069902,25.089050688962633,1
73.95475690721965,25.054738608089107,1
73.9549406146468,25.03306773685976,1
73.95556667405043,24.959025107475945,0
73.955642852809,24.949995467137903,0
73.95573421860531,24.93915988399966,0
73.95599279994009,24.90845897787242,0
73.95697756894761,24.79107197304199,0
73.95730946926253,24.751340561239733,0
73.95744504211348,24.735086739942272,0
73.95771583187035,24.7025789895763,0
73.95824101068884,24.639369064093046,0
73.95879425486355,24.57254655376374,0
73.95928600615434,24.51294758876842,0
73.95930088297845,24.511141552031877,0
73.95940498005021,24.498499282541914,0
73.95943470899226,24.494887201580976,0
73.96002806842982,24.422645212742726,0
73.96045680377928,24.37026933117259,0
73.96047156604584,24.368463259707816,0
73.96092847931082,24.312474826868563,0
73.96101675380591,24.301638307372063,0
73.96110497634842,24.2908017721182,0
73.96119314695785,24.279965221112317,0
73.96120783701173,24.278159127746928,0
73.96208660469107,24.169792726300873,0
73.9621450051065,24.162568243683484,0
73.96345294997545,24.00001554436576,0
73.964001716117,23.931381126956925,0
73.96428971364364,23.89525749837003,0
73.96456278399916,23.86093989111108,0
73.96482100885812,23.828428329969526,0
73.96492130536373,23.815784907344234,1
73.96499290314311,23.806753878252465,1
73.96543601804892,23.750761257570694,1
73.9656926858594,23.718249223578777,0
73.96600576856201,23.678512104111448,0
73.96631816748736,23.638774776960236,0
73.9667996230018,23.577362136212894,0
73.95549617301165,25.201029332530375,0
73.95558859967169,25.19019411620212,0
73.95565018772282,25.182970629657568,0
73.95566558102121,25.18116475689761,1
73.95568097283402,25.179358883688156,1
73.95569636316135,25.177553010029246,1
73.95588093125735,25.155882491073136,0
73.9559731351466,25.145047207338408,0
73.95626476185913,25.110735368897288,0
73.95628009580932,25.10892947817658,0
73.9564180346937,25.09267644150932,0
73.95643335383068,25.0908705463044,1
73.95689223979667,25.036693481809905,1
73.95719742464138,25.000575214988178,0
73.9576844926282,24.942785616173648,0
73.95769968918161,24.940979683842286,0
73.95801847669775,24.903055001825923,0
73.95838201101398,24.85971226737833,0
73.95869940952522,24.82178716436216,0
73.95924201684078,24.7567722459049,0
73.9603364862644,24.624934674430595,0
73.96044102695367,24.61229259159533,0
73.9606051610459,24.59242641768178,0
73.96063498468943,24.588814380319096,0
73.96088825077904,24.55811199144203,0
73.9613490080283,24.502124954176665,0
73.96194147427808,24.429882990506236,0
73.96257579384171,24.352222095460153,0
73.96272292738462,24.33416130595572,0
73.96284053038991,24.319712642806582,0
73.96286991672653,24.316100472639608,0
73.96317812537052,24.278172580178335,0
73.96370500686149,24.21315288736193,0
73.96389481203704,24.189673414771004,0
73.96390940238875,24.187867298441095,0
73.963967749449,24.18064282876055,0
73.96398233262785,24.178836710250305,0
73.96402607355888,24.173418352103713,0
73.96418634656978,24.15355100533891,0
73.96425914060875,24.144520375745262,0
73.96460805364009,24.101173202188818,0
73.96479670408768,24.077693378557406,0
73.96481120565271,24.07588723523515,0
73.96485470177265,24.070468802661004,0
73.96512987863925,24.03615197224118,0
73.96540454024684,24.001834985136156,0
73.96553446344632,23.98557951555295,0
73.96576515309475,23.95668081630556,1
73.9658227685551,23.949456124172368,0
73.96626851677209,23.893464525449616,0
73.9663115812152,23.888045961590823,0
73.9663259331892,23.886239772773884,0
73.96649804613953,23.86456547328507,0
73.9668559586777,23.81941048309161,1
73.96694172587175,23.80857324534448,1
73.96722724838655,23.772449007522138,0
73.96741253455362,23.748968160608865,0
73.96776818288443,23.703812481548958,0
73.96778239046196,23.702006248801453,0
73.96825044935063,23.642400327393023,0
73.96882984090892,23.568343835613305,0
73.96897079745719,23.550281167556406,0
73.96901305703948,23.544862358806338,0
73.96905530398791,23.539443546211473,0
73.95758867561374,25.18840224313923,0
73.95781904755968,25.16131410766462,0
73.95809505385903,25.128808211693098,1
73.95829409349359,25.10533164083626,0
73.95855399904498,25.074631395369558,1
73.95898114840304,25.024066002978216,1
73.95943752568584,24.969888407646135,0
73.95946790371707,24.966276553657345,0
73.95975620156312,24.931963851693848,0
73.95987743136756,24.91751635004232,0
73.96031610168122,24.865143917392476,0
73.96034630932763,24.861532011676008,0
73.96162472319588,24.708024375052922,0
73.96199871979563,24.66287446016952,0
73.96226743385913,24.630366350168607,0
73.96231217371547,24.624948317905083,0
73.96250589525293,24.601470132133915,0
73.96342642390576,24.489496220094786,0
73.96363351461099,24.464211553950868,0
73.96385508306021,24.437120744558676,0
73.96437081277362,24.373908471569212,0
73.9648114614458,24.319726095591214,0
73.96513378081596,24.279992102697403,0
73.96548460898755,24.23664568722531,0
73.96551380735617,24.233033474575667,0
73.96558677817984,24.224002935309645,0
73.96560136804278,24.222196826146597,0
73.96564512902965,24.21677849603823,0
73.96571803533989,24.207747937128296,0
73.96579090582492,24.198717367309406,0
73.96584917642627,24.191492903601933,0
73.96587830313337,24.187880669131275,0
73.96589286433881,24.186074551241816,0
73.96593653936388,24.180656194957145,0
73.96595109484211,24.178850075323588,0
73.96600930244006,24.171625592429958,0
73.9660965709019,24.160788855014122,0
73.9661401858172,24.15537048042372,0
73.96619831901202,24.148145974871014,0
73.96622737702862,24.14453371948131,0
73.96624190389203,24.142727591133212,0
73.96638709390123,24.12466628370565,0
73.96640160504163,24.122860150568783,0
73.96650314302187,24.11021720642668,0
73.96651764273405,24.108411069808962,0
73.9665321410181,24.106604932756234,0
73.96660461101955,24.097574240968594,0
73.96663358902634,24.093961961209445,0
73.96666256132345,24.090349679711107,0
73.96669152791158,24.08673739647378,0
73.96674944396375,24.079512824782963,0
73.96677839342921,24.07590053632987,0
73.96682180692856,24.07048210039118,0
73.96689413423658,24.06145136513757,0
73.96696642589879,24.05242061902523,0
73.96709646109849,24.036165248668958,0
73.96711090232985,24.034359094236812,0
73.96722638090566,24.01990984315864,0
73.96725523630977,24.016297526050835,0
73.96734176835776,24.00546056431877,0
73.96751467877726,23.98378659403369,0
73.96762983861667,23.9693372458454,1
73.96829024374848,23.88625295627229,0
73.96830456704363,23.884446765905036,0
73.96863361184668,23.84290426830348,0
73.96866218904174,23.839291866420126,0
73.96891912916617,23.80678017186402,1
73.96893339018443,23.804973962516705,0
73.96917561130994,23.774268337720372,0
73.9692183138434,23.768849685135702,1
73.9693036807966,23.758012368348986,1
73.96934634522098,23.752593704148296,1
73.96944584616601,23.739950139295342,0
73.9700130981762,23.66770079343665,0
73.97008384628951,23.658669576921312,0
73.97011213568898,23.65505708731366,0
73.97015455924121,23.64963834968692,0
73.97018283457903,23.646025855792534,0
73.9701969701391,23.644219608202455,0
73.97023936838498,23.63880086286095,0
73.97028175398114,23.63338211366308,0
73.97031000401877,23.62976961205576,0
73.97033824843601,23.626157108735,0
73.97042294797224,23.615319588494152,0
73.97043705964568,23.61351333362198,0
73.97046527877964,23.60990082259328,0
73.97054990248444,23.599063279234066,0
73.97059219538646,23.59364450177708,0
73.97063447565799,23.58822572046942,0
73.97070491471561,23.579194409734804,0
73.97078939529626,23.568356822741087,0
73.97081754427131,23.564744290322924,0
73.97083161665576,23.562938023472665,0
73.9709019575505,23.553906682810513,0
73.97095820503843,23.54668160258932,0
73.97101443010749,23.539456515533026,0
73.97105658420016,23.534037695756233,0
73.97115489473319,23.521393767999314,0
73.9711689334944,23.519587490897912,0
73.97122507454102,23.512362378224402,0
73.97130924412558,23.501524696413266,0
73.95906632718001,25.2480097939125,0
73.95917401315972,25.235368772544838,1
73.95926625759787,25.224533593817064,1
73.95928162648256,25.222727729120663,1
73.95929699388515,25.220921863974294,1
73.9593277242443,25.217310132331754,0
73.95946593752063,25.20105731767329,0
73.95955801305661,25.190222087664278,0
73.95960403083787,25.184804466590688,0
73.95961936713793,25.18299859200053,0
73.96026215645628,25.10715145366172,0
73.96109996816378,25.007826624186773,1
73.96134285907965,24.978931874196928,0
73.96217493013548,24.879605299460753,0
73.9624312189381,24.848904085398296,0
73.96277728990897,24.807366944045885,0
73.96309259299726,24.7694415226859,0
73.96330243767093,24.74415779966674,0
73.9634970376947,24.720679979009862,0
73.96443661735017,24.606901787877746,0
73.96511902264275,24.523824540499483,0
73.9651782175041,24.516600387934517,0
73.96544430822456,24.484091614189236,0
73.96550337594029,24.476867422876744,0
73.96581310262258,24.43894030302394,0
73.96582783564627,24.43713424486154,0
73.96588675332525,24.429910007817618,0
73.96591620351654,24.42629788665941,0
73.96651866312149,24.35224901594725,0
73.96676775443736,24.321545609472587,0
73.9673376319291,24.251107904883916,0
73.96736679764156,24.247495696978778,0
73.96742511188032,24.24027127592625,0
73.96759991715854,24.218597970844844,0
73.96780359625225,24.19331236881425,0
73.9679634332477,24.17344505010471,0
73.96848532817533,24.108424365767515,0
73.96851426813437,24.104812088987227,0
73.96857213095032,24.097587530207853,0
73.96865888242961,24.08675067899483,0
73.9689909549121,24.04520927109723,0
73.97001130659828,23.916971303821864,1
73.97006857849021,23.909746564676936,0
73.97016874979724,23.89710325453366,0
73.97018305432262,23.89529706564194,0
73.97019735743292,23.893490876318197,0
73.9702545557251,23.886266114703474,0
73.97026885176133,23.884459923219993,0
73.970283146383,23.88265373130463,0
73.97031173138302,23.879041346178386,0
73.97038316913448,23.870010375806736,0
73.97046884777981,23.85917319711582,0
73.97059727035324,23.84291739995332,0
73.97062579316251,23.839304995838962,0
73.97069707547043,23.830273978006673,0
73.97078256764638,23.819436742381175,0
73.97079681140185,23.81763053493505,0
73.97085377231109,23.810405700841315,0
73.97086800901067,23.8085994912407,0
73.97089647817717,23.80498707074704,0
73.97091071064426,23.80318085985405,0
73.97101029842031,23.790537371543582,0
73.97102451960457,23.788731157205316,0
73.97110981710372,23.777893862135187,0
73.97115244682456,23.772475208789462,0
73.97118085959235,23.76886277107401,1
73.97129445430957,23.754413003003478,1
73.97133702908869,23.748994332880226,0
73.97140795889358,23.739963207408636,0
73.9714504998841,23.73454452696709,0
73.97147885350738,23.730932071190388,0
73.97154971294081,23.72190092422864,0
73.97156388060682,23.720094693547342,0
73.9715780468661,23.718288462436462,0
73.97160637516492,23.71467599892603,0
73.97162053720464,23.71286976652653,0
73.97171963210944,23.70022612770576,0
73.9717337829007,23.69841989187105,0
73.97183279908556,23.68577622900951,0
73.97188934884919,23.67855126936192,0
73.97193174642194,23.673132545121533,0
73.97197413135446,23.66771381702075,0
73.97207298038678,23.65507010311003,0
73.97212943466666,23.64784511430093,0
73.97250991405836,23.59907626055939,0
73.97277704648988,23.56475725053488,0
73.97312776697562,23.519600423345306,0
73.9610980456234,25.242606194810453,0
73.96112875290049,25.238994471694138,0
73.96115945425697,25.235382746777244,1
73.9611748027152,25.233576883643632,1
73.96138952578748,25.208294752525845,0
73.96140485205767,25.206488882643583,0
73.96152740900341,25.192041907397595,0
73.96155803346117,25.188430159090327,0
73.9630059012512,25.016870046919024,1
73.96346036539911,24.962692329899472,0
73.96412452740543,24.883230951568198,0
73.96418476534004,24.87600714710954,0
73.96419982117048,24.87420119488148,0
73.96448560444624,24.839888017966903,0
73.9645006310724,24.83808205683722,0
73.96457574231641,24.829052244516905,0
73.9650106687217,24.77667911391402,0
73.96505559117773,24.77126118252934,0
73.96507056241799,24.76945520451321,0
73.9651304328228,24.762231288009865,0
73.9656682193236,24.697215720121598,0
73.96663445934162,24.57982504714986,0
73.96664927678768,24.57801902221454,0
73.96685656924502,24.55273462679114,0
73.96697489492682,24.538286362023456,0
73.96700446190557,24.534674291423098,0
73.9674030511648,24.48591116584581,0
73.96747674862883,24.476880922184343,0
73.96769762493042,24.449790125217632,0
73.96785939501216,24.42992347790847,0
73.96788878904955,24.426311354503692,0
73.96870948880361,24.325171186501393,0
73.96872410325913,24.323365099579743,0
73.96916187086234,24.269182288428674,0
73.96943845759114,24.234866304503733,0
73.97017832572615,24.142754200250643,0
73.97045301504204,24.108437636396832,0
73.97046745814224,24.106631497106324,0
73.97090009003297,24.05244711626998,0
73.97124527529276,24.009099330230544,0
73.97134580043473,23.99645617891177,1
73.97136015549958,23.994650012703897,1
73.97140321219152,23.98923151148016,1
73.97143190956814,23.985619175164494,1
73.97144625613132,23.983813006356794,0
73.97147494500783,23.98020066744175,0
73.97148928732133,23.97839449733447,0
73.97156097764494,23.969363640301403,1
73.97158964386216,23.96575129445688,1
73.97161830441632,23.96213894688048,1
73.9717185717692,23.94949571672748,1
73.97177583626784,23.942271004261997,1
73.97179014885567,23.940464825063952,1
73.97180446002898,23.938658645433293,1
73.97181876978782,23.936852465370045,1
73.97187599468027,23.92962774079159,1
73.972033246494,23.90975971252699,0
73.97209038657347,23.902534962008662,0
73.97210466806132,23.900728773298788,0
73.9724327525691,23.859186313771236,0
73.97253245620959,23.846542911202935,0
73.97311504815869,23.772488272022994,0
73.97341253290406,23.734557566850157,0
73.97353983668513,23.71830149231621,0
73.97356811096881,23.71468902658314,0
73.97430127346463,23.620764315117455,0
73.97486266922938,23.54851374904399,0
73.97505862980724,23.523225889368604,0
73.96300695811904,25.251649452502196,0
73.96303762151038,25.24803773161696,0
73.96319084981391,25.229979100180557,1
73.9640766646209,25.125238151207974,0
73.96433536118718,25.094537931689185,0
73.96509377336801,25.004242418091614,0
73.96515428796353,24.997018728687017,0
73.96521477912457,24.989795032131788,0
73.96530547193956,24.978959473894882,0
73.96538100903226,24.969929829747038,0
73.96544141236737,24.962706106390648,0
73.96548669950816,24.95728830918546,0
73.96556214882548,24.94825863824942,0
73.96559231831685,24.94464676675098,0
73.96562248196047,24.941034893467666,0
73.96563756158959,24.939228956156754,0
73.96569786549041,24.932005202451855,0
73.96572800867273,24.928393322923014,0
73.96580334106086,24.91936361629632,0
73.96587863693313,24.91033389852261,0
73.9658936917267,24.908527953630493,0
73.96593884734733,24.903110116279812,0
73.96601407752038,24.894080378449065,0
73.96602911917662,24.89227442954619,0
73.96608927121015,24.885050629479732,0
73.96613436991687,24.87963277475286,0
73.96617945549633,24.874214916017845,0
73.96620950525761,24.87060300796806,0
73.96629961954949,24.859767273133972,0
73.96637467470883,24.8507374818655,0
73.96646469281674,24.839901717659767,0
73.96647969073629,24.838095755401802,0
73.96655465848909,24.82906593744053,0
73.96662958984217,24.820036108362384,0
73.96664457174585,24.818230141212997,0
73.96670448480712,24.81100626817038,0
73.96676437458741,24.803782388016845,0
73.96677934339553,24.801976416867557,0
73.96682424109262,24.79655850075392,0
73.96686912570082,24.79114058064212,0
73.96688408432868,24.78933460638316,0
73.96749613727602,24.715289279636462,0
73.96767481328517,24.6936173356901,0
73.96838743223711,24.606928922608628,0
73.96850587818025,24.59248075475026,0
73.96853547522467,24.588868708370217,0
73.96859465198891,24.581644610312967,0
73.9686242317102,24.57803255863615,0
73.96866859046816,24.57261447781123,0
73.96868337383479,24.570808449987098,0
73.96874249287355,24.563584334278787,0
73.96883112815847,24.552748147483637,0
73.96884589565857,24.550942114807615,0
73.96894922779224,24.53829987373064,0
73.96897873828657,24.53468780088426,0
73.96902299322042,24.529269688309395,0
73.96903774198337,24.52746364990312,0
73.9691262043098,24.516627410213378,0
73.96914094298985,24.5148213687233,0
73.96927352631883,24.49856697549543,0
73.9696558902048,24.451609639264007,0
73.97000797931398,24.408264142056122,0
73.97006658045373,24.40103986792826,0
73.97011051624735,24.395621657723805,0
73.97012515864358,24.393815586777958,0
73.97019834911627,24.38478522546716,0
73.97021298290979,24.382979151888854,0
73.97024224619643,24.3793670034163,0
73.97025687568978,24.3775609285221,0
73.97028613037696,24.373948777417972,0
73.97033000166026,24.36853054747283,0
73.97040309181183,24.359500155462047,0
73.97053456385677,24.343245422229433,0
73.97056376411794,24.339633254468936,0
73.9705929586538,24.336021084956183,0
73.9706221474651,24.33240891369135,0
73.97065133055253,24.328796740674637,0
73.97066591995001,24.326990653509394,0
73.97069509445298,24.323378477865248,0
73.97072426323386,24.319766300469716,0
73.97073884547875,24.317960211115246,0
73.97075342629338,24.316154121323002,0
73.9708554519563,24.303511480521763,0
73.97087002133215,24.301705387228232,0
73.97124832362796,24.254746808088523,0
73.97129191178284,24.24932849148172,0
73.9716401549181,24.205981817148924,0
73.97169811562215,24.19875734698803,0
73.97200203554878,24.16082876419273,0
73.97216098128382,24.140961334615806,0
73.97243511883958,24.10664474129062,0
73.97255039179622,24.09219560238747,0
73.97299621701299,24.036204926488665,0
73.97306799675567,24.02717413324017,0
73.97315408571889,24.01633716702733,0
73.97346930941819,23.976601490727994,0
73.97355516073765,23.965764451710378,1
73.97374099744134,23.942284147044884,1
73.97495021153175,23.78875727874248,0
73.97510595531459,23.768888868162968,1
73.97526152925607,23.749020405528178,0
73.97565677004054,23.698445902337987,0
73.97575540862536,23.685802223938452,0
73.97585397862422,23.673158524515394,0
73.97607902408818,23.64425856122077,0
73.97614927739714,23.6352273001916,0
73.9761773689388,23.63161479278134,0
73.97619141261387,23.629808538433753,0
73.97621949577282,23.626196028453805,0
73.97634580085113,23.60993971235009,0
73.9767799864533,23.553945469419745,0
73.96511504959867,25.23721648017769,0
73.965435857206,25.19929322170815,0
73.96548163383684,25.193875597166084,0
73.96561888424478,25.17762269927012,1
73.96574078455866,25.163175648367023,1
73.9658778099198,25.146922681746823,0
73.96590824383134,25.14331090644862,1
73.96634887540243,25.09093996297645,1
73.96671260306857,25.04759820748225,1
73.96737724719856,24.968137653108865,0
73.96796399974396,24.8977059844657,0
73.96832397659806,24.854363082212746,0
73.9686233172764,24.818243801196154,0
73.96908614727734,24.762258564314774,0
73.96920536100032,24.747810691994935,0
73.96922025619399,24.746004705958708,0
73.96932448198388,24.733362791287615,0
73.96933936558843,24.73155680170382,0
73.96938400771307,24.726138830292516,0
73.96947325287016,24.71530287550246,0
73.96950298967568,24.711690887027235,0
73.96962187901634,24.69724291540549,0
73.96965158688484,24.693630918070813,0
73.96975551887087,24.680988913451678,0
73.96977036051408,24.679182911020984,0
73.96984454704837,24.670152892228487,0
73.96987421154567,24.666540881613738,0
73.96991869745486,24.661122862373208,0
73.96994834750423,24.65751084733421,0
73.9700668899301,24.643062769486484,0
73.97011131951554,24.637644732997508,0
73.97015573610977,24.632226692529866,0
73.97020013971523,24.62680864808422,0
73.97021493803109,24.625002632385115,0
73.97034805795734,24.60874847121048,0
73.97036284184898,24.60694245109344,0
73.9703924053066,24.603330409534408,0
73.97065821699951,24.570821956036585,0
73.97090883293636,24.540119396481977,0
73.97118844113332,24.505804620364056,0
73.97126193600182,24.49677438969808,0
73.9713060156855,24.491356246016245,0
73.97136476849178,24.484132048279225,0
73.97142349832589,24.476907843502218,0
73.97146753062945,24.471489685300412,0
73.97148220519358,24.469683631686785,0
73.97149687832268,24.467877577633356,0
73.97152622027612,24.464265468207184,0
73.97162887192262,24.451623071365386,0
73.97164353070627,24.44981701291527,0
73.97173145329627,24.43898065298521,0
73.97176074935723,24.43536852949317,0
73.97180468269892,24.429950340960133,0
73.97184860314304,24.42453214847371,0
73.97186324042538,24.42272608343316,0
73.97192177522862,24.415501818879523,0
73.97198028711438,24.4082775473008,0
73.9720972421564,24.393828983074354,0
73.97212646660243,24.39021683762952,0
73.97222870708902,24.377574314754046,0
73.97257871395705,24.33422835894839,0
73.97266608707733,24.323391830567065,0
73.97285521919919,24.299912631677834,0
73.97346461468003,24.224056253312483,0
73.97381171331291,24.180709405597206,0
73.97424443591713,24.126525492942868,0
73.97425883800966,24.124719355772957,0
73.97453220843872,24.0904026669046,0
73.97494847244307,24.0380242604009,0
73.97497713645191,24.03441194304612,0
73.97572041792898,23.940491083272665,1
73.97573467442206,23.93868490141837,1
73.97594835277957,23.91159212171386,1
73.97665832799788,23.82128215424833,0
73.97667249167844,23.819475943900454,0
73.97722378144516,23.749033404493197,0
73.9773225053402,23.736389802521575,0
73.97746342053233,23.71832747746606,0
73.97802568358418,23.646077748020705,0
73.97803971153695,23.64427149599427,0
73.97816590034338,23.62801520847954,0
73.97834797369254,23.604533843061713,0
73.97866952678905,23.562989711750884,0
73.9787393322115,23.55395834893528,0
73.9791156809114,23.50518880527027,0
73.97914351830373,23.501576234105816,0
73.96710052445165,25.237230375524526,0
73.96731405809813,25.211948209419315,0
73.96743594792578,25.19750121778199,0
73.96761860634312,25.17583067638945,1
73.96767944548672,25.168607148214956,1
73.96774026114267,25.161383612854507,0
73.96784663204156,25.148742408687124,0
73.96795293106041,25.136101182525614,1
73.96855897669761,25.06386518293573,1
73.96901197495546,25.009687713036197,1
73.96953881268557,24.946480156382723,0
73.9695838871316,24.941062340365697,0
73.96959890903452,24.939256400801106,0
73.96985405868142,24.90855535997231,0
73.97027338904556,24.85798865906576,0
73.9706020642596,24.818257435006878,0
73.97084065996465,24.789361864195193,0
73.97113838322025,24.75324224082352,0
73.97116812370959,24.74963026872406,0
73.97174690778483,24.679196458407464,0
73.97189496025607,24.66113639854945,0
73.97320628556906,24.50039991982786,0
73.97323562283762,24.496787824004663,0
73.97333825812272,24.484145474760357,0
73.9735579544697,24.457054653795698,0
73.97363111498741,24.448024358156676,0
73.97421511198094,24.375781597771127,0
73.9743025143773,24.364945123162272,0
73.97453533631811,24.33604778040352,0
73.97469518966874,24.31618079221426,0
73.9747242353899,24.31256860685261,0
73.97479682476538,24.303538135790298,0
73.97481133836793,24.301732040265193,0
73.9748258505465,24.2999259443026,0
73.97546297801185,24.2204572892091,0
73.97580934288857,24.177110393848217,0
73.97649962376528,24.09041585043281,0
73.97651396994847,24.08860970345455,0
73.97681491339362,24.05068051656378,0
73.97752894105523,23.960372158719885,1
73.97765709205562,23.944116539308325,1
73.97767132402143,23.94231035721048,1
73.97777090840405,23.929667070415473,1
73.97781356633458,23.924248512445722,1
73.97811181775101,23.886318497754672,0
73.97814019034664,23.88270610546858,0
73.97864993761705,23.817682749210526,0
73.97917195307876,23.75085260679133,1
73.9797341422191,23.678603142171582,0
73.98016830440606,23.62260933501308,0
73.98026615588398,23.609965515140885,0
73.9806847478266,23.55577747829349,0
73.98078223941535,23.54313354768492,0
73.9690098155375,25.246273573506322,1
73.96907076666635,25.239050110958814,1
73.9690860007762,25.23724424419683,1
73.96910123341729,25.235438376984863,0
73.969146922529,25.230020772649205,0
73.96919259842532,25.224603164264465,0
73.9692078207878,25.22279729390319,0
73.96922304168226,25.220991423092123,0
73.96925347906759,25.217379680120665,0
73.96928391058208,25.213767935350276,0
73.96929912413799,25.21196206229054,0
73.9693295468476,25.208350314822116,0
73.96934475600152,25.20654444041347,0
73.96939037466076,25.201126814490095,0
73.96940557794666,25.199320938283236,0
73.96945117900414,25.193903306965776,0
73.96948157237658,25.190291550506988,0
73.96951195988383,25.186679792250697,0
73.96952715143826,25.184873912448545,0
73.96954234152668,25.18306803219709,0
73.96955753014917,25.181262151496362,0
73.96957271730585,25.179456270346368,0
73.96964863110526,25.1704268578584,0
73.96972450827333,25.161397434142597,0
73.96975484888642,25.15778566151315,0
73.96981551253826,25.15056211086709,0
73.96986099490255,25.145144443169514,0
73.96987615276265,25.143338553039406,0
73.96993676956562,25.13611498803163,0
73.96996706918596,25.13250320283568,0
73.97002765086809,25.12527962706063,0
73.97004279263115,25.123473731995514,0
73.97005793293141,25.1216678364819,0
73.97013361249391,25.112638352187286,0
73.9701790026838,25.107220656230133,0
73.97025462376241,25.09819115400295,0
73.97026974359329,25.096385252212944,0
73.97031509431797,25.090967544154196,1
73.97042086154099,25.078326209669374,1
73.97046616844217,25.072908488171244,0
73.97051146220178,25.06749076264269,0
73.97060201030645,25.056655299496928,0
73.97063218133236,25.053043474867206,1
73.97075280707779,25.03859615844781,1
73.97078294892833,25.03498432486879,1
73.97084321513167,25.027760652343076,1
73.97093357070354,25.016925130138222,1
73.97163954256929,24.932046316434633,0
73.97166951266495,24.92843443015233,0
73.97186417668028,24.904957125850213,0
73.97283382124405,24.787569475821865,0
73.97330893971132,24.729777943193522,0
73.97409260669455,24.63405971924176,0
73.97446085829539,24.588909182469834,0
73.97506284936053,24.514861705188558,0
73.97516538761148,24.50221937894399,0
73.97528248831654,24.48777097968263,0
73.97529711946677,24.48596492779476,0
73.97624508024391,24.368570612485914,0
73.97644846780678,24.3432854403864,0
73.97679648331767,24.299939231371347,0
73.9770135772467,24.27284772276607,0
73.97774930882298,24.18073585842842,0
73.9778643833824,24.166286835598953,0
73.97845272047653,24.09223515630548,0
73.9784670405055,24.090429008652798,0
73.97853861948792,24.08139826387142,0
73.97856724120669,24.077785962917613,0
73.97875314490187,24.054305964373615,0
73.97919549299138,23.998314902682274,1
73.97920973976652,23.996508732465184,1
73.97923822909762,23.9928963907312,1
73.97940904698332,23.971222303943666,0
73.97956545228226,23.951354336289313,1
73.97992028713487,23.906199669708244,0
73.98004781308964,23.88994392361899,0
73.98013276732917,23.879106740127394,0
73.98058500536521,23.821308165861492,0
73.98061322267905,23.81769574031253,0
73.98082467434836,23.790602493782504,0
73.9815973108436,23.691259761922854,0
73.98205887074954,23.63165349957538,0
73.98236573673647,23.591915732222862,0
73.98276921614924,23.539533813599515,0
73.98285254917188,23.528696130416975,0
73.97094979925552,25.25170501670324,1
73.97098022788224,25.248093286776506,1
73.97134491407269,25.204752387277505,0
73.97139044051855,25.199334756627273,0
73.97151177996764,25.184887721785415,0
73.97154210019616,25.181275958581757,0
73.97157241457268,25.177664193581197,0
73.97208686434838,25.11626391383131,0
73.97238869343603,25.080145860036144,1
73.97300562098297,25.006103289881764,1
73.97302063743811,25.004297364144794,0
73.9731707220449,24.986238082200558,0
73.97347045548554,24.950119384343385,0
73.97420235096301,24.861627820749465,0
73.97430662369266,24.84898608152478,0
73.97543417404984,24.71173151160953,0
73.97605372583676,24.635879203546754,0
73.97621557080213,24.616012993960435,0
73.97640661841791,24.592534677366753,0
73.97643598886027,24.588922622038123,0
73.97671472233677,24.554608008399864,0
73.97672937820424,24.552801971693054,0
73.9768026360797,24.54377178154699,0
73.97728524168085,24.48417225039889,0
73.97744576459968,24.46430563351542,0
73.97776629273073,24.424572240192713,0
73.97779539744825,24.420960102984733,0
73.9782748032446,24.361359585648387,0
73.9782893065125,24.359553501910945,0
73.9783762962747,24.348716990284643,0
73.97928660430419,24.2349326670856,0
73.97943058051037,24.216871503916167,0
73.97970374571834,24.18255517372279,0
73.97971810870236,24.180749046721562,0
73.97974683043267,24.17713679141182,0
73.97987600831404,24.160881620952473,0
73.98000507185252,24.14462641521751,0
73.98029147066158,24.108503609602057,0
73.9804058723263,24.09405443864909,0
73.98043445865667,24.090442141564512,0
73.98047732759069,24.085023692678696,0
73.98050589984003,24.08141139124914,0
73.98052018385297,24.07960523988273,0
73.98063440528614,24.065156013315686,0
73.98138884994732,23.969429186048686,1
73.98161583210077,23.940530282100685,1
73.9817999909881,23.91704984111787,1
73.98184245558788,23.91163126744068,1
73.98196977381474,23.895375523080066,0
73.98211110561954,23.877313543877182,0
73.98337681099106,23.714753791883037,0
73.98400543659618,23.63347261063274,0
73.9842004360013,23.608184955066307,0
73.98435345931956,23.58831602400282,0
73.98500540059698,23.503420918002224,0
73.98501923852498,23.50161462890867,0
73.97307213182074,25.235466032054397,0
73.97320863192452,25.219213186642865,0
73.9732541056369,25.213795563410386,0
73.97329956619241,25.208377936131317,0
73.97343586894324,25.19212503002106,0
73.97349640996023,25.184901504510538,0
73.97352667170614,25.18128973905975,0
73.97372323072096,25.157813219841906,0
73.97397989743104,25.12711304179247,0
73.97414575142821,25.107248151628877,0
73.97443181153156,25.07293594089613,0
73.97486741743167,25.02056436029738,1
73.97489741418455,25.016952513286906,1
73.97509225157444,24.99347546414314,0
73.97530180232556,24.968192403716145,0
73.97577970930024,24.910402222888997,0
73.97591385368274,24.894148652283892,0
73.97619666299313,24.859835440333267,0
73.97686439685323,24.778566666372452,0
73.97720455684004,24.737028945793103,0
73.97752921573745,24.69729699363574,0
73.978117725432,24.625056531792847,0
73.97839646467722,24.590742064705328,0
73.9788501417521,24.53475496067099,0
73.97892318695037,24.52572474293151,0
73.97893779170921,24.523918698062204,0
73.97898159742583,24.5185005608119,0
73.97927330756951,24.4823795445635,0
73.97933158119164,24.4751553201947,0
73.97937527145277,24.469737147300606,0
73.97938983202494,24.467931088789843,0
73.97946261352848,24.45890078964171,0
73.97953535944457,24.449870479505243,0
73.98098282153818,24.269261973947852,0
73.98128498890026,24.231333631807953,0
73.98135684167798,24.222303045778737,0
73.98139993640115,24.216884688925262,0
73.9814286591583,24.21327244884172,0
73.98161521949392,24.18979284577915,0
73.98168690999435,24.18076220959964,0
73.98185882340843,24.15908863832886,0
73.98223060671131,24.11212901885538,0
73.9823448102102,24.0976798460179,0
73.98255869929382,24.070587571988433,0
73.98392011837804,23.89719470819304,0
73.98413167577564,23.870101713157585,0
73.98421621083402,23.85926448795641,0
73.98437106140395,23.839396201430247,0
73.98451168832482,23.821334077510123,0
73.98498877863706,23.75992253410194,1
73.98511479818733,23.74366645408443,0
73.98532458077656,23.716572910049948,0
73.98538047005377,23.70934794865596,0
73.98539443890432,23.70754170723432,0
73.9857571423114,23.660579279693884,0
73.98599378817823,23.629872920408086,0
73.98600769606595,23.62806666012519,0
73.98606331378136,23.620841614712898,0
73.98616059153001,23.608197768764484,0
73.98617448281979,23.60639150334608,0
73.98620226125156,23.602778971225934,0
73.98628556337086,23.591941364600416,0
73.98631331968751,23.588328825637568,0
73.98638268629952,23.579297470748905,0
73.98641042327424,23.575684925801358,0
73.98646588065009,23.568459830778078,0
73.98657672912613,23.554009620224463,0
73.98667364908151,23.541365663568882,0
73.98668748927035,23.53955938233892,0
73.98672900156012,23.534140536087964,0
73.9867843319705,23.52691540177852,0
73.9868258152992,23.521496546566187,0
73.98683964031795,23.51969026064216,0
73.9869225614829,23.508852536140722,0
73.98697781469649,23.501627377944185,0
73.97513328465391,25.22645045990506,0
73.97514842056151,25.22464458662065,0
73.97517868799797,25.22103283870266,0
73.97519381952701,25.219226964069122,0
73.97531481923133,25.20477995081513,0
73.97536017005132,25.199362313427983,0
73.97582802713137,25.14337982371194,0
73.97588829385076,25.136156245230623,0
73.97632453171622,25.08378508669833,1
73.97674456793459,25.033219472776445,1
73.97720828237203,24.97723570556162,0
73.97728294473721,24.968206025488247,0
73.97740232931575,24.953758514162498,0
73.97786407110975,24.89777413819092,0
73.97863549364475,24.80386390155586,0
73.97873904175758,24.791222047140725,0
73.97891638896762,24.76955024610588,0
73.97927046308298,24.7262064524048,0
73.97949133985973,24.69911645171161,0
73.9796825056357,24.675638370528638,0
73.98051784078086,24.57269513264019,0
73.98104303204342,24.50767761222785,0
73.9812467747545,24.482392866836758,0
73.98290985081383,24.274693487731955,0
73.98331194229999,24.224122327827644,0
73.98342662256468,24.20967336214603,0
73.9835555301102,24.19341824239252,0
73.98424111274612,24.106723674521284,0
73.98462533123322,24.05795753978659,0
73.9847105743363,24.047120577970713,0
73.98498017824703,24.012803429199852,0
73.98500852821509,24.009191088645803,0
73.98505104267561,24.003772574564618,0
73.98520682135263,23.983904656242693,0
73.98524927708984,23.97848612396942,0
73.985560235016,23.938750101619014,1
73.98568725034548,23.922494395779335,1
73.9857718644629,23.911657239104567,1
73.98578596193538,23.90985104481325,0
73.98580005801368,23.908044850089954,0
73.98591277645998,23.893595276755153,0
73.98632063358552,23.841215341871116,0
73.98658721592858,23.806897256909025,0
73.98661524804214,23.803284817868303,0
73.98737001694751,23.70574831349794,0
73.9874118300498,23.70032958208166,0
73.98742576498182,23.69852333741805,0
73.98745363069324,23.694910846803694,0
73.98773198342492,23.658785846313204,0
73.98774588654094,23.656979591787785,0
73.98802365869125,23.620854411333806,0
73.98812074844142,23.608210557721648,0
73.9882454787623,23.591954143706303,0
73.98853608181193,23.554022376353178,0
73.9885775469246,23.548603537066953,0
73.98863281446017,23.541378412041382,0
73.98864662790152,23.539572129717786,0
73.98878468660197,23.521509283010353,0
73.98879848490256,23.519702995993025,0
73.9770128039338,25.239105323395126,1
73.9770430360762,25.235493580433584,0
73.9773752050668,25.195764289140403,0
73.97791723546261,25.13075225259765,0
73.97899565555362,25.00072643701226,0
73.9800072835573,24.877922151221977,0
73.98058447773265,24.807489352234217,0
73.98246354598663,24.576320554467454,0
73.98279871314844,24.534781643742054,0
73.98291511667902,24.520333272331094,0
73.98324927039185,24.478794047600125,0
73.98329280029549,24.47337587069635,0
73.98348128236303,24.44989705839641,0
73.98395866136947,24.390296663061996,0
73.98446328910318,24.327083600712157,0
73.98450646239793,24.321665313262272,0
73.98488009915879,24.27470665712329,0
73.98519550933672,24.23497217888528,0
73.98525278344773,24.227747705594787,0
73.98526709845851,24.225941586181293,0
73.9852957242603,24.222329346045424,0
73.98532434443634,24.218717104164547,0
73.98533865241491,24.21691098256979,0
73.98539587026829,24.209686491829242,0
73.98541017121686,24.207880368053846,0
73.98548165487529,24.198849742636558,0
73.985524528206,24.19343136215482,0
73.98556738889133,24.188012977750375,0
73.98562451680526,24.180788459110286,0
73.98565307233527,24.17717619717604,0
73.98568162224826,24.17356393349926,0
73.98576723829206,24.162727132015704,0
73.9857815027197,24.160920996910942,0
73.98588131442096,24.148278038987478,0
73.98592406981967,24.142859621919783,0
73.98602378332959,24.130216633532275,0
73.98606649665933,24.124798203412283,0
73.98615188547434,24.11396133143024,0
73.98620878332561,24.106736741413208,0
73.98625144200464,24.101318294336327,0
73.98633672154874,24.09048138844922,0
73.98637934241845,24.085062929640333,0
73.98647874212458,24.07241984388445,0
73.986492936485,24.070613687039486,0
73.98650712944634,24.06880752976035,0
73.98654969993633,24.063389055318147,0
73.98659225783724,24.057970576969304,0
73.9866206227784,24.05435825590004,0
73.9866348031514,24.052552094714475,0
73.98671985602878,24.04171511848956,0
73.98677652999086,24.03449045899714,0
73.98681902078937,24.029071959824158,0
73.98751125888194,23.940569254744933,1
73.98755353205443,23.935150688025473,1
73.98773657099316,23.911670187290095,1
73.98836835251603,23.830390967512006,0
73.98850836651168,23.81232880010705,0
73.98880194457485,23.774398108424887,0
73.98919243195037,23.723823557855656,0
73.98933162891205,23.70576113675689,0
73.9893733610499,23.700342402058226,0
73.98959572249854,23.671442418466736,0
73.98980386543265,23.644348584187956,0
73.9899978522222,23.619060918587987,0
73.99006706775829,23.610029589115673,0
73.99008090673286,23.608223321937743,0
73.99023304456604,23.588354354753847,0
73.9903712071584,23.570291612427237,0
73.9904540386796,23.559453946522567,0
73.97889266385896,25.25176015383151,1
73.97898322797468,25.240924931735712,1
73.97914912617692,25.221060315833327,0
73.97934496090951,25.19758388144697,0
73.97946535256328,25.183136807156156,0
73.9794803949859,25.18133092084852,0
73.97949543595678,25.179525034091782,0
73.98054470197913,25.053111846538574,1
73.98067909320562,25.0368585632006,1
73.98093262417171,25.00615781808146,1
73.98121548892982,24.97184506780235,0
73.98124523389677,24.968233189976267,0
73.9814087282207,24.948367830029255,0
73.98152752375603,24.933920261623637,0
73.98157204833562,24.928502416114853,0
73.98195738588855,24.881547587061508,0
73.98241555793788,24.825562589960754,0
73.98247457650842,24.818338688245703,0
73.98359157920522,24.681083206818435,0
73.98381106558737,24.653993006867736,0
73.98388415645448,24.644962918109737,0
73.98389877035417,24.643156899032185,0
73.98426365516174,24.598006278529734,0
73.985005265606,24.505898157834928,0
73.98516473700636,24.48603155025298,0
73.9854397839493,24.451716375466543,0
73.98556989102975,24.435461763621223,0
73.98558434030036,24.433655693442464,0
73.9856132345997,24.43004355176769,0
73.98575762128088,24.41198281705474,0
73.98578648165899,24.408370664845705,0
73.98633375594814,24.33973943964382,0
73.98737939258113,24.20789347118728,0
73.98745073755448,24.1988628402689,0
73.98773576691221,24.162740207651222,0
73.98789229417164,24.14287268546216,0
73.98846005718067,24.070626706637373,0
73.98847422260626,24.068820548260234,0
73.98854502879091,24.05978974986329,0
73.98877137412344,24.030891122097575,0
73.98887028792653,24.018247937539655,0
73.98888441289346,24.01644176658321,0
73.98894089882369,24.009217078423724,0
73.98901147488358,24.000186208475373,0
73.9892793463846,23.965868803934853,1
73.98993981901582,23.88097771142148,0
73.99000990154236,23.87194668798898,0
73.99002391388635,23.87014048200818,0
73.99010795882832,23.859303237065337,0
73.99013596271689,23.85569081863432,0
73.99023393266533,23.843047340545013,0
73.99026191160722,23.83943491435441,0
73.99031785286616,23.83221005680198,0
73.99034581518455,23.828597625440562,0
73.99035979426628,23.82679140911364,0
73.99041569674539,23.81956653949845,1
73.99047157707207,23.81234166299246,1
73.99049950892994,23.808729222155915,1
73.99054139633682,23.803310557672223,0
73.99062513379123,23.79247321708338,0
73.99065303520908,23.788860766777766,0
73.99068093109457,23.78524831475116,0
73.99072276455114,23.77982963348483,0
73.9907506466087,23.776217177156607,0
73.9908063941346,23.76899225933949,1
73.99082032756046,23.76718602881022,1
73.99093174521985,23.752736169100015,1
73.99095958581901,23.749123699874485,0
73.99100133635878,23.743704992813537,0
73.99104307446976,23.738286281885994,0
73.99107089297331,23.734673805786525,0
73.9911126103747,23.729255088416167,0
73.9911960079116,23.718417642081775,0
73.99126546791383,23.70938642499797,0
73.99129324225851,23.70577393516027,0
73.99130712736198,23.70396768959776,0
73.99133489343166,23.700355197185576,0
73.991348774398,23.698548950335944,0
73.99139040902419,23.69313020721318,0
73.99141815854841,23.689517709653376,0
73.99145977249657,23.684098960097234,0
73.99150137404091,23.678680206681964,0
73.99154296318373,23.67326144940825,0
73.99161225086895,23.664230178712927,0
73.99165380695209,23.65881141115335,0
73.99166765622563,23.65700515444325,0
73.9917507229541,23.64616760518683,0
73.99176456259079,23.644361345478362,0
73.99183374013072,23.63533004051296,0
73.99198580965076,23.615461131919734,0
73.99204106640165,23.60823606141269,0
73.99223429185473,23.582948260754325,0
73.99224808336872,23.58114198607256,0
73.99233080361353,23.570304329008437,0
73.99244102039214,23.555854095667225,0
73.98102900140195,25.23371514773251,0
73.98104405519123,25.231909272893436,0
73.98111930236686,25.22287989195262,0
73.98116443325898,25.217462257992608,0
73.98128471847792,25.203015214321255,0
73.98144995913731,25.183150482318627,0
73.98149499433777,25.177732818703923,0
73.98152501056104,25.17412104071567,0
73.98155502099027,25.170509260931535,0
73.98210916974377,25.10369101122908,0
73.98221378604126,25.09104965171009,0
73.98251229991264,25.054931360758378,0
73.98286975504415,25.011589175409192,1
73.98298872235023,24.997141723083562,0
73.98312245045557,24.980888305050808,0
73.98404052572637,24.86891933253929,0
73.9842765533613,24.840023835965233,0
73.98429129291722,24.83821786364977,0
73.98465931685777,24.793068411359585,0
73.98468872016872,24.789456443185838,0
73.9848797024034,24.765978606788753,0
73.98502644761507,24.74791868162657,0
73.98645701392905,24.57092907283489,0
73.98650059151633,24.56551095666942,0
73.98723946022962,24.473402375341454,0
73.9872539110696,24.471596313286827,0
73.98731170029927,24.464372060672744,0
73.98748493238581,24.442699260646286,0
73.98798903207371,24.37948656615615,0
73.98840540732036,24.32710992676061,0
73.98857735451348,24.30543672690812,0
73.9886346252769,24.298212312960796,0
73.98876340233096,24.28195735600395,0
73.98892064208935,24.262090138321298,0
73.9892346124684,24.222355544454405,0
73.98924886773092,24.220549421533182,0
73.98936285940619,24.206100422463443,0
73.98967587458102,24.166365531189943,0
73.99041303998928,24.072445859988974,0
73.99042717927276,24.070639700950082,0
73.99045545365868,24.06702738156999,0
73.99051198570882,24.05980273760124,0
73.99056849546794,24.05257808668909,0
73.99082251368027,24.020067071702346,0
73.99083661258123,24.018260900084297,0
73.99094935371251,24.003811511539837,0
73.99097752508835,24.000199160071297,0
73.9910056909028,23.996586806870194,1
73.9910479291983,23.991168273820406,1
73.99109015498449,23.98574973687344,1
73.9911042274671,23.983943557025203,0
73.99120269594188,23.971300285967203,0
73.99121675731023,23.969494102656316,1
73.99125893308222,23.96407555012742,1
73.99128704332021,23.96046317961157,1
73.99134324713522,23.95323843338891,1
73.99137134071363,23.94962605768251,0
73.99142751121563,23.942401301080576,0
73.99148365951577,23.935176537561112,0
73.9914976931224,23.933370345600572,0
73.99151172534184,23.931564153207802,0
73.9915257561742,23.929757960382847,0
73.99155381367791,23.92614557343644,0
73.99165197125967,23.913502205513524,0
73.9916800038055,23.909889810790514,0
73.99176406817975,23.899052616256768,0
73.99180608166053,23.893634013160984,0
73.9918620802409,23.886409202989984,0
73.99187607642334,23.884602999368244,0
73.9918900712209,23.88279679531496,0
73.99190406463364,23.88099059083015,0
73.99258804724,23.792486042981473,0
73.99289406265272,23.752748970995835,1
73.99290795658223,23.75094273550726,1
73.9929218491331,23.74913649958898,0
73.99322713662951,23.709399200725624,0
73.99329642719235,23.700367967463638,0
73.99349025775707,23.67508045728458,0
73.99379430419219,23.635342771575427,0
73.99400122744512,23.608248776146418,0
73.99409768596779,23.595604878674507,0
73.99415277495032,23.588379784998697,0
73.99422160532946,23.57934840828703,0
73.99423536729292,23.5775421316627,0
73.99430415655289,23.568510742132425,0
73.99453778387497,23.537803937871683,0
73.9946613087558,23.521547344505617,0
73.98286410490422,25.251787562241812,1
73.98289418137833,25.248175818883098,1
73.98298437601495,25.237340578009857,1
73.98316460882008,25.21567004769347,0
73.98344955110232,25.181358242335925,0
73.98352444912308,25.172328792924834,0
73.98389839735778,25.127181377586552,0
73.98395814532736,25.119957765120343,0
73.98495549648472,24.998961191407943,1
73.98500000293727,24.99354338742731,0
73.98501483554845,24.99173745187397,0
73.98502966672328,24.9899315158741,0
73.985133444737,24.97728995137437,0
73.98520752881936,24.96826024905553,0
73.98525196204615,24.962842422309482,0
73.9853703875229,24.948394864691593,0
73.98538518425288,24.946588917982343,0
73.98541477341074,24.942977023226074,0
73.98548872121421,24.933947278533005,0
73.9855330726946,24.928529426367888,0
73.98565128025747,24.91408180098589,0
73.98569558445631,24.908663934116362,0
73.98575463667196,24.90144010538789,0
73.98581366597931,24.894216269534237,0
73.9858874204076,24.885186464699736,0
73.98593165589249,24.879768576457547,0
73.98600535308837,24.870738753820195,0
73.98609374252726,24.859902951973467,0
73.98619679849062,24.847261162915597,0
73.98624094389474,24.841843246649866,0
73.9862703670202,24.838231300250026,0
73.98635860211357,24.827395450383737,0
73.98643209208629,24.818365563275698,0
73.98649085836747,24.811141645593253,0
73.98652023294441,24.80752968408721,0
73.98654960181321,24.803917720804893,0
73.986637674178,24.793081820302167,0
73.98666702022149,24.789469849916646,0
73.98674036037454,24.780439916186264,0
73.9868283215119,24.76960398106769,0
73.98684297671296,24.767797990328642,0
73.98694552322432,24.75515604273761,0
73.98726735801749,24.715424066055117,0
73.98801078335966,24.623317296204192,0
73.9880253234244,24.621511269616963,0
73.98814159291051,24.607063041024457,0
73.98815612021868,24.605257010463927,0
73.98824325431481,24.594420817833107,0
73.98830131538281,24.587196680588026,0
73.98833033742012,24.583584609318713,0
73.98843186995529,24.570942345983866,0
73.98844636894144,24.56913630660083,0
73.98853333314311,24.558300061045223,0
73.98857679614527,24.552881932317327,0
73.98862024641817,24.547463799623582,0
73.98872158089914,24.534821474585787,0
73.98873605159898,24.533015426389994,0
73.98886622430595,24.51676097281362,0
73.98892404211139,24.509536759778847,0
73.98901072645457,24.498700427025234,0
73.98915508743376,24.480639837245047,0
73.98919836821275,24.47522165173625,0
73.98924163629685,24.469803462271038,0
73.98957293677877,24.42826387833465,0
73.98983169572068,24.395754476739466,0
73.98997525372366,24.377693636673104,0
73.99000394845211,24.374081463399715,0
73.99006132104255,24.366857111594385,0
73.99011867114898,24.359632752778978,0
73.99017599877708,24.352408386955048,0
73.99020465416349,24.348796201415382,0
73.99027626805457,24.339765729903664,0
73.99029058662066,24.337959634287937,0
73.99030490378289,24.336153538234477,0
73.99036215839509,24.328929149643727,0
73.99043369508439,24.31989865405916,0
73.99044799821299,24.31809255362967,0
73.99046229993873,24.316286452762714,0
73.99054808083748,24.30544983837555,0
73.9905623727455,24.30364373444702,0
73.9906052400568,24.29822542003789,0
73.99066237684542,24.291000994705083,0
73.99071949120896,24.28377656237871,0
73.99124673697506,24.216950232101283,0
73.99168700975663,24.160960144343235,0
73.99191372252332,24.1320618708054,0
73.99195619142962,24.12664343211863,0
73.99197034494428,24.12483728501998,0
73.99226724696874,24.086908095541514,0
73.99243662964751,24.065234186975164,0
73.99247894401992,24.059815700066725,0
73.99249304602965,24.058009536896012,0
73.99252124587802,24.054397209252887,0
73.99253534371684,24.052591044780524,0
73.99254944016553,24.050784879874325,0
73.99259172117165,24.04536638255298,0
73.99260581206067,24.043560215911693,0
73.99267624566193,24.034529376200123,0
73.99277479435659,24.02188618239402,0
73.99295763285566,23.998405908988516,1
73.993140236857,23.97492556239111,0
73.99316830897885,23.97131319488329,0
73.99318234296031,23.969507010480296,1
73.99322443658788,23.964088454675263,1
73.99323846502507,23.962282268541657,1
73.99330858642503,23.953251331385275,1
73.99333662528645,23.949638953495295,0
73.99350474211735,23.927964649839442,0
73.99353274220594,23.924352259846,0
73.99381243871045,23.88822826488995,0
73.99384037793772,23.884615855896573,0
73.99385434547801,23.88280965075259,0
73.99396603605166,23.868359994069152,0
73.99403579776097,23.85932894462419,0
73.99416128184147,23.843073028461827,0
73.99439800234273,23.812367313820598,1
73.99467598692237,23.776242784372684,0
73.99498113375547,23.736505603320815,0
73.99510577464955,23.720249423874378,0
73.99520264059106,23.70760570471119,0
73.99539617053499,23.682318203321536,0
73.99603016145763,23.59923010750893,0
73.99604391166993,23.597423834500187,0
73.9963186285696,23.561298284579138,0
73.99646948971751,23.541429159303032,0
73.98492486120618,25.242771859078776,1
73.9849698640104,25.237354233283202,1
73.98528451935404,25.199430739416457,0
73.98586719023974,25.12900086822261,0
73.98589701168825,25.12538906156353,0
73.9860162398748,25.110941816998608,0
73.98634364245218,25.07121174661838,0
73.9865070827555,25.051346630182802,1
73.98662583924333,25.03689923877979,1
73.98664067734204,25.035093312842257,1
73.98677415563252,25.01883995928922,1
73.98678897937782,25.017034028882083,1
73.98686307658369,25.008004370144437,1
73.98692232852909,25.00078063511343,1
73.98699636119638,24.99175095627605,0
73.98701116342882,24.989945019169003,0
73.98705556152578,24.98452720516914,0
73.987793632744,24.894229714193344,0
73.988190705433,24.845468606093412,0
73.98871851873307,24.78045329126035,0
73.98892328121566,24.755169402365116,0
73.98893789644211,24.753363406975346,0
73.98895251024703,24.75155741114225,0
73.98906936952174,24.73710942852113,0
73.98909857013132,24.733497428434397,0
73.98914236039182,24.728079424981487,0
73.98924448796076,24.71543740142168,0
73.98925907193416,24.713631396284576,0
73.98934654596692,24.702795356164366,0
73.98939026382536,24.69737733012833,0
73.98947766123835,24.686541266107696,0
73.98953589781495,24.67931721457858,0
73.98962321014608,24.668481124015734,0
73.98968139001934,24.661257054796668,0
73.98969593144506,24.659451036386642,0
73.98981221185105,24.645002873194507,0
73.98982674052817,24.643196850806866,0
73.98988484107703,24.63597275683817,0
73.99099886854304,24.4969075722242,0
73.99101328139932,24.495101513686812,0
73.99104210288569,24.491489395292554,0
73.99109972895612,24.48426515322675,0
73.99115733249484,24.47704090412588,0
73.99117172985959,24.475234840751604,0
73.9912149135075,24.469816647991486,0
73.99122930524165,24.468010582859083,0
73.99124369556833,24.46620451728721,0
73.99134438845444,24.453562045980945,0
73.99137314518856,24.449949907368154,0
73.99141626974085,24.444531696154826,0
73.99145938163652,24.43911348098911,0
73.99148811587004,24.43550133534986,0
73.99154556746761,24.42827703880317,0
73.99157428483306,24.424664887896125,0
73.99158864140777,24.42285881178426,0
73.99164605365516,24.41563450294845,0
73.9917034434245,24.40841018709245,0
73.99178948594444,24.39757370014901,0
73.99181815555148,24.393961534326124,0
73.99188980500372,24.384931112096165,0
73.99193277783374,24.379512853497843,0
73.99231896532407,24.330748348692328,0
73.99328706508109,24.20793262790289,0
73.99340053461242,24.193483586900886,0
73.99386765378078,24.13388099813144,0
73.99413591368494,24.099564141205118,0
73.99419232551044,24.09233951975657,0
73.99447405131386,24.05621630830152,0
73.99448812302862,24.054410143171644,0
73.99450219335586,24.05260397760795,0
73.99455846079154,24.04537931101536,0
73.99478330865668,24.016480575268094,0
73.99492365840818,23.99841880908963,1
73.9949517117375,23.994806450656444,1
73.9949657363251,23.99300027079032,1
73.99544174902621,23.93158989787969,0
73.99573495872531,23.893659712048773,0
73.99581862111724,23.88282248112634,0
73.99583256002079,23.88101627446234,0
73.99584649754502,23.879210067366895,0
73.99587436845582,23.875597651881794,0
73.99593009372926,23.868372815735444,0
73.99597187320734,23.862954184097333,0
73.99598579694295,23.86114797268888,0
73.9962083893084,23.83224853153258,0
73.99695703794298,23.73471210408861,0
73.99720569745173,23.702199683155445,0
73.99730227838255,23.68955592636194,0
73.99753655256384,23.658849572409416,0
73.99761914308714,23.64801200615763,0
73.99777043110501,23.628143094663166,0
73.99807251081899,23.58840511637157,0
73.99822330273605,23.5685360496416,0
73.99833286585029,23.554085786831727,0
73.99842866195418,23.54144178446101,0
73.99848337258386,23.53421663086097,0
73.99859272841131,23.519766303185214,0
73.98683555174836,25.251814863882085,1
73.98686551083675,25.24820311608079,1
73.98691043864052,25.24278549100506,1
73.98695535345198,25.23736786188134,1
73.98697032216906,25.235561984607326,1
73.9869852894429,25.23375610688363,1
73.98707506278363,25.22292083109948,1
73.98711992997809,25.217503187138625,0
73.98716478419196,25.21208553913279,0
73.98717973271245,25.210279655565394,0
73.9872693935584,25.199444344725553,1
73.98728433198744,25.197638458013227,1
73.98738886064051,25.184997238451118,1
73.98741871300304,25.181385457391873,1
73.98746348074386,25.175967782435798,1
73.98747840044369,25.17416188988595,1
73.98753806484346,25.16693831519806,1
73.98758279802625,25.161520629469884,1
73.98759770620825,25.159714733329714,1
73.98771691985667,25.14526754805778,1
73.98773181508817,25.14346164788033,1
73.9878360414364,25.130820334082333,1
73.987880688302,25.12540262144391,0
73.9878955677153,25.123596716334607,0
73.9879253222296,25.119984904771414,0
73.98798481401163,25.112761276267307,0
73.98802941776027,25.107343550184474,0
73.98814829788498,25.09289626092038,0
73.98817800355538,25.089284434125872,0
73.98825224260811,25.080254859304336,0
73.98831160801527,25.07303119138956,0
73.98832644577963,25.07122527329195,1
73.9884006130815,25.062195676091715,1
73.98843026996131,25.058583834079688,1
73.98902220385588,24.98634661832212,0
73.98908127126707,24.97912285743878,0
73.98959713571304,24.915914645283227,0
73.98981768515632,24.888825244397125,0
73.9907696969235,24.77143668435953,0
73.99104684329077,24.73712275104288,0
73.99120706244922,24.717256716532482,0
73.99130893081929,24.704614666672907,0
73.99145433668141,24.686554557823435,0
73.9919911083476,24.61973177061405,0
73.99220816749572,24.592641279224733,0
73.99225154122422,24.58722316903388,0
73.99256922749254,24.547490239720766,0
73.99262691535861,24.54026604784032,0
73.99264133380437,24.538459998769106,0
73.99267016647156,24.53484789930551,0
73.99281424534435,24.516787375570733,0
73.99287183749057,24.509563153752612,0
73.99304447890712,24.487890446064185,0
73.99307323279325,24.484278321959025,0
73.99314509291423,24.475248004002474,0
73.99320255571983,24.46802374172537,0
73.99324563807453,24.462605540403324,0
73.99325999605047,24.460799472417204,0
73.99344652197553,24.437320548626268,0
73.9935038668505,24.430096249453534,0
73.99354686077666,24.42467802046514,0
73.99357551638109,24.42106586561191,0
73.9937187102735,24.40300506502132,0
73.99376164110764,24.3975868162911,0
73.99390465281981,24.379525958692422,0
73.99420452169677,24.341598015116805,0
73.99518546700968,24.21697627116459,0
73.9953129270077,24.20072110786522,0
73.99608940204828,24.101383232463444,0
73.99637071558946,24.065260042630957,0
73.99646904438231,24.05261688517129,0
73.99652520179849,24.045392214222183,0
73.99655327220005,24.041779876145466,0
73.9968056567411,24.009268755426316,0
73.99711351841637,23.96953275063014,1
73.99739281271349,23.93340892819442,0
73.99740676294229,23.931602732533584,0
73.997615850942,23.904509745782136,0
73.99765763133409,23.899091136772345,0
73.99771331923931,23.891866318716197,0
73.99772723777255,23.8900601131232,0
73.99781072005689,23.879222870503902,0
73.99796364221767,23.859354552038035,0
73.99799142836059,23.855742124893403,0
73.99810251792108,23.841292399074515,0
73.99811639792877,23.83948618140803,0
73.99835214780082,23.80878041518064,1
73.99850448032785,23.78891191191944,0
73.99951121209693,23.65705598217268,0
73.99973089174699,23.628155747076708,0
73.99981318151355,23.617318130669116,0
73.99995022198043,23.599255402439688,0
74.00001869107436,23.590224022292475,0
74.000059756172,23.584805189075556,0
74.0001008090034,23.579386352013053,0
74.00016920313668,23.57035494836493,0
74.0001965512536,23.566742383915905,0
74.00021022326888,23.564936101050815,0
74.00022389392214,23.563129817758718,0
74.00033321012576,23.54867953605258,0
74.00034686852462,23.546873248918516,0
74.00046973287101,23.53061664551087,0
74.0004970210921,23.52700406228335,0
74.00056521784134,23.517972596751584,0
74.00064700906569,23.507134824044066,0
74.0006878863252,23.501715931936243,0
74.00070150936001,23.499909633714683,0
73.99001280443387,25.10735707247363,0
73.99011662577264,25.09471568820168,0
73.99039807264663,25.06040324888218,1
73.99163618032894,24.908704215785427,0
73.99195878433662,24.86897299681224,0
73.99213446005918,24.847301332071893,0
73.99248519793127,24.803957810605358,0
73.99252898269037,24.798539852436065,0
73.99271856918163,24.775061987549698,0
73.9929079161896,24.751584047704572,0
73.99311156075406,24.72630002871804,0
73.9941689351074,24.594460524833263,0
73.99432761408724,24.57459409419175,0
73.9943564465145,24.570982010161284,0
73.99450052424689,24.552921563564727,0
73.9947451337435,24.522218703255458,0
73.99477388463595,24.51860659367755,0
73.99478825797553,24.516800538228438,0
73.99493191414864,24.498739959537478,0
73.99494627204562,24.496933899248926,0
73.99510411631124,24.477067207053345,0
73.99513279703433,24.473455075484708,0
73.99526179088966,24.45720046167419,0
73.99531908505166,24.449976177447574,0
73.99533340508931,24.448170105292938,0
73.99550513629087,24.426497205191232,0
73.99551943812281,24.424691127329652,0
73.99556233522004,24.41927289111208,0
73.99570523458594,24.40121207520508,0
73.99571951682832,24.399405991202194,0
73.9957623551642,24.393987736562742,0
73.99586226234364,24.3813451270609,0
73.99587652920627,24.379539038236064,0
73.99599061379968,24.36509031186385,0
73.99609036447823,24.35244765329192,0
73.99715483411717,24.21698925250871,0
73.99721138591704,24.209764735487173,0
73.99731029807567,24.197121813918336,0
73.99736678875232,24.18989727772106,0
73.99743737085714,24.180866597673035,0
73.99756433120363,24.164611346151933,0
73.99766300044718,24.151968348369966,0
73.99847793441342,24.047211261648187,0
73.99865995376196,24.02373102465841,0
73.9986739455835,24.02192484954815,0
73.9987298990651,24.0147001447741,0
73.99906515639664,23.971351770622405,0
73.99913490171814,23.962320827963957,1
73.99951093153928,23.913553550846476,0
73.99953874569151,23.909941147419822,0
73.99964994729585,23.895491516444046,0
73.99977494394533,23.87923564858113,0
73.99996916201071,23.85394867357523,0
74.00002460346033,23.846723808054385,0
74.00008002295263,23.839498935639067,0
74.00039825919346,23.797955785535446,0
74.00117006670713,23.69680629509759,0
74.00170504525055,23.626362105313586,0
74.00184188531244,23.60829938766779,0
74.00200591369911,23.586624070053354,0
74.00203323271504,23.583011511134444,0
74.00218339006825,23.563142406538486,0
74.00225158903359,23.55411097827819,0
74.0022788591072,23.55049840398608,0
74.0023742615706,23.53785438052142,0
74.00238788506084,23.536048089748423,0
74.00252404528544,23.517985158560844,0
74.00266006978958,23.499922184740733,0
73.99189250488095,25.12001193828528,0
73.99214419614292,25.089311430112087,0
73.99267582565741,25.02429816232265,1
73.993132135864,24.968314050985384,0
73.99314683275021,24.96650810476876,0
73.99327904066305,24.950254568749127,0
73.9934258031575,24.932195041928104,0
73.99345513858785,24.92858313121584,0
73.9938506104979,24.879822162242135,0
73.99425963651731,24.829254888879767,0
73.99456567688763,24.7913292052696,0
73.99458023466603,24.789523215452988,0
73.99482750047737,24.75882132070338,0
73.99498727830002,24.73895532053175,0
73.99521937734093,24.710059224596634,0
73.99624496384206,24.58183143315969,0
73.99646072992186,24.55474077000255,0
73.99664747175953,24.53126211508286,0
73.99671923243082,24.522231843377146,0
73.99674792688596,24.518619731613892,0
73.99744919140392,24.430122444031078,0
73.99800494237446,24.359685074147325,0
73.99833169874063,24.318144774455753,0
73.99851606134165,24.29466537227177,0
73.99862939841036,24.280216472675598,0
73.9988840815968,24.247706346385144,0
73.99891235194836,24.244094101400275,0
73.99899712968471,24.23325735597438,0
73.99913831489229,24.215196078705336,0
73.99918064340419,24.20977768702261,0
73.99926526298833,24.198940891889357,0
73.99932164831884,24.19171635308578,0
73.99940618473997,24.180879531812234,0
73.99942026929423,24.179073393409006,0
73.9995610386608,24.161011985431106,0
73.99970166958576,24.14295053393299,0
73.99984216215493,24.124889038939404,0
74.0000806822386,24.094184397698236,0
74.00044470568739,24.047224115428516,0
74.00052857865747,24.036387085566986,0
74.00079384908602,24.00206972140995,0
74.000821743364,23.99845735819177,1
74.00112821711403,23.95872124853148,1
74.0011560453537,23.955108864543867,1
74.00119777740318,23.94969028531972,0
74.00258178137543,23.769068755667778,1
74.00270567044417,23.752812606810423,1
74.00273318632802,23.749200124560623,0
74.00274694222222,23.74739388279143,0
74.0029256446586,23.72391270071675,0
74.00296685094078,23.71849395608971,0
74.00309039615614,23.702237699040143,0
74.00320012144228,23.687787663610173,0
74.00336454590948,23.66611255902905,0
74.00340562139145,23.660693773243832,0
74.00344668462397,23.655274983603995,0
74.00346036964642,23.653468719534253,0
74.00352877434959,23.644437392763184,0
74.00367914500424,23.624568436201642,0
74.00414288757364,23.563154970629615,0
73.99292671116599,25.235602707034758,1
73.99353558728806,25.161561216066833,1
73.99374294497257,25.13627858293838,1
73.99442229150017,25.05320645581417,1
73.99455485404901,25.036953102800513,1
73.9945695760968,25.03514717245274,1
73.99471671824074,25.017087844397082,1
73.99525990705374,24.95026794237031,0
73.99527456082703,24.948461990596304,0
73.99533316171961,24.941238179042617,0
73.99596168780305,24.86358175477974,0
73.99599085780314,24.859969808045214,0
73.99671826923687,24.769670562184036,0
73.99676180161838,24.764252572151296,0
73.99705169309065,24.728132536663804,0
73.99729765762926,24.697430367214622,0
73.99744215259038,24.679370207801455,0
73.99788919336635,24.623383432711158,0
73.99900804307477,24.482511607515598,0
73.99910803639784,24.469869133292008,0
73.99932207741753,24.442778044612417,0
73.99945035132835,24.426523343986446,0
73.99956427776006,24.412074691369636,0
74.0001751052333,24.334412702951024,0
74.0002034532111,24.330800497738874,0
74.0004017334368,24.305515012266103,0
74.00041588589283,24.303708902881525,0
74.00044418663951,24.300096682801012,0
74.00069864354354,24.267586623427324,0
74.00088213851082,24.24410704811306,0
74.00089624380634,24.242300923880197,0
74.00114990227809,24.20979061310807,0
74.00116398126266,24.207984480590046,0
74.0011921350801,24.204372214246558,0
74.00122028336253,24.200759946160016,0
74.00123435542834,24.19895381146316,0
74.00124842611064,24.197147676330616,0
74.0012624954095,24.195341540762396,0
74.00133282115581,24.18631085638719,0
74.0015014619121,24.164637169469685,0
74.00152954935469,24.161024882222506,0
74.0015435910034,24.15921873794615,0
74.00158570766024,24.15380030250628,0
74.00164184386419,24.146575715828874,0
74.00165587446244,24.14476956807202,0
74.00179610450834,24.12670806658536,0
74.00182413395397,24.123095761070807,0
74.00193619654753,24.108646521628447,0
74.00209013849489,24.088778771997248,0
74.00216005696956,24.07974795934106,0
74.0021880147139,24.076135631240014,0
74.00222994099805,24.070717135833416,0
74.00231375637826,24.059880133304677,0
74.00235564547891,24.05446162618387,0
74.00245333853482,24.041818427723246,0
74.00246728918076,24.04001225478024,0
74.002509132863,24.03459373335024,0
74.00253702177243,24.030981383563,0
74.00255096416377,24.02917520801929,0
74.00263458963005,24.018338145657257,0
74.00267638380012,24.012919608627513,0
74.00288516911155,23.9858268650183,1
74.00331567982028,23.929834886424466,0
74.00337113357912,23.922610084737663,0
74.0034404199426,23.913579072911713,0
74.00411761535426,23.8250745862695,0
74.00425541522536,23.807012319031426,1
74.00483268496036,23.7311503270404,0
74.00501087662607,23.707669080740324,0
74.00502457415126,23.705862828021814,0
74.00512041873986,23.693219046984733,0
74.00516147459251,23.687800277251895,0
74.00520251820862,23.682381503661304,0
74.00521619669514,23.68057524494062,0
74.00525722399934,23.675156466207405,0
74.00529823907223,23.66973768361803,0
74.00569408796511,23.6173559199166,0
74.00576222242472,23.608324544979375,0
74.00610238643561,23.563167510032034,0
74.00614314922673,23.55774864790076,0
74.00615673411632,23.55594235966999,0
73.99541627376819,25.174215983055223,1
73.99671333392344,25.015295295888624,1
73.99696263244341,24.98459430945727,0
73.99702123129691,24.97737052919754,0
73.99724077486465,24.950281289660396,0
73.99731388516634,24.941251520854752,0
73.9978392342848,24.876236856736103,0
73.99814484154074,24.838311369715232,0
73.99837726721073,24.809415629033303,0
73.99839178182273,24.807609641466428,0
73.99842080681584,24.80399766500105,0
73.99852234987668,24.79135573339263,0
73.99853685038943,24.78954974138799,0
73.99941871980808,24.679383391088376,0
73.99956278961055,24.66132317654633,0
73.99983613575303,24.627008647185928,0
74.00030969277643,24.56740934909116,0
74.00078172682385,24.50780957111537,0
74.00083883973433,24.500585323036216,0
74.0008531144736,24.49877925991697,0
74.0008816597667,24.49516713235928,0
74.00093873361372,24.48794287196786,0
74.00208968568174,24.34165008791502,0
74.00224528467119,24.32178294490562,0
74.00240071587837,24.301915748978555,0
74.00245719474093,24.294691300982286,0
74.0025418714765,24.283854615879353,0
74.00285192645893,24.244119969335195,0
74.00306294376756,24.217028043790133,0
74.00311916253601,24.209803513743495,0
74.00313321377469,24.20799738014225,0
74.00314726363216,24.20619124610522,0
74.0032034492518,24.198966705599744,0
74.00321749220458,24.19716056938416,0
74.00324557396816,24.193548295646103,0
74.00325961277913,24.19174215812368,0
74.00331575421961,24.18451760367861,0
74.00349806143026,24.16103775362154,0
74.00354009922287,24.155619316239886,0
74.00355410906288,24.153813169575834,0
74.00366613815936,24.13936398060388,0
74.00386197690091,24.11407783294426,0
74.00387595505406,24.112271676280443,0
74.00390390723042,24.108659361649426,0
74.00397376358417,24.09962856746986,0
74.00401566088291,24.0942100857503,0
74.00405754579934,24.0887916001227,0
74.00411337309716,24.081566946541198,0
74.00422496168781,24.067117618545208,0
74.00437825236965,24.047249747215407,0
74.00443395322174,24.040025053722633,0
74.00457310923532,24.02196328965035,0
74.00471212800727,24.00390148225458,0
74.00512836171902,23.94971580037493,1
74.00519761415202,23.940684815555844,1
74.00521146053245,23.938878617295586,1
74.00528067190822,23.929847619513414,1
74.00529451007871,23.928041418660992,1
74.0053221823157,23.924429015660333,1
74.00540516620069,23.91359179629377,1
74.00543281655595,23.90997938638406,1
74.00554336329628,23.895529729479534,1
74.00555717548863,23.89372352042449,1
74.00561241059454,23.886498679889904,1
74.00562621595556,23.884692468677777,1
74.00564001995058,23.88288625703431,1
74.00566762384291,23.879273832453457,1
74.00572281523912,23.872048978116723,1
74.00577798478855,23.864824116881316,1
74.00580556137238,23.861211683677112,1
74.00581934761688,23.85940546642847,1
74.00584691601144,23.85579303063823,1
74.00588825836844,23.85037437372087,1
74.00597090624538,23.839537048253415,1
74.00598467611732,23.837730825834516,1
74.00606726671143,23.82689348227745,1
74.00612229983972,23.819668577961565,1
74.00613605471408,23.817862350806422,1
74.00620480864382,23.80883120857497,1
74.00624604465101,23.803412518072392,1
74.00631474408578,23.794381358630762,1
74.00635594740399,23.788962657804483,1
74.00641086609984,23.78173771734933,1
74.00643831727993,23.77812524454216,1
74.00650692141268,23.769094055002007,1
74.00652063815689,23.767287815804654,1
74.00656178022636,23.761869095634403,1
74.00660291005282,23.75645037159739,1
74.00672622609657,23.740194176292537,0
74.00679468742906,23.731162941650673,0
74.0068904762221,23.718519195125797,0
74.00690415490135,23.716712943905886,0
74.00691783222234,23.714906692256964,0
74.00695885603659,23.709487934736377,0
74.007013535445,23.70226291870426,0
74.00702720190289,23.70045666362415,0
74.00712282910236,23.68781286605868,0
74.00724568066339,23.671556524044313,0
74.00740931187491,23.649881347385225,0
74.00746381223857,23.642656274798075,0
74.0074774339421,23.64085000558127,0
74.00755913571554,23.630012381294247,0
74.00804832312971,23.564986312341848,0
74.00808900964141,23.55956744827275,0
73.99689764434237,25.235629721953114,1
73.99701616961781,25.22118264346788,1
73.99704578665136,25.217570869352766,0
73.99729730086285,25.186870716833848,1
73.99732686365601,25.183258925653547,1
73.99734164291291,25.18145302939014,1
73.99763692864607,25.145335009903302,1
73.99788747349,25.114634552330706,0
73.99790219861126,25.112828639029214,0
73.99794636543838,25.107410896437408,0
73.99819640236248,25.076710278970843,0
73.9983139246691,25.06226288482474,1
73.99876846547062,25.00627896226382,1
73.99878310538324,25.004473022130203,0
73.99906099452636,24.970160074788886,0
73.99974621015329,24.885279987307182,0
74.00109288305562,24.71732287782485,0
74.00152470152021,24.663142347470004,0
74.00165400117633,24.646888110776874,0
74.0016827190351,24.643276053319067,0
74.00179753449915,24.628827805823654,0
74.00181188013688,24.627021772899912,0
74.00196958986015,24.6071553816094,0
74.00198391871986,24.605349343390042,0
74.00231309693486,24.563810342638728,0
74.00276985614575,24.50601656264013,0
74.00372158002085,24.38500937810535,0
74.00432910615802,24.307347013994164,0
74.00441367375957,24.296510340748757,0
74.00521458599175,24.19356116110278,0
74.0054805611888,24.15924445318908,0
74.00550852966838,24.15563215900573,0
74.00552251184412,24.153826011261483,0
74.00563431972465,24.139376813649054,0
74.0058716192898,24.108672176339862,0
74.00628941497486,24.0544872160913,0
74.00631722411582,24.05087487152377,0
74.00640061863598,24.04003782741552,0
74.00641451292525,24.038231651880245,0
74.00642840584405,24.03642547591154,0
74.00644229739245,24.034619299509437,0
74.00656725967488,24.018363692391365,0
74.00705217012558,23.955147109123537,1
74.0072732856893,23.926247923192925,1
74.00728709380391,23.92444172040016,1
74.00739750958209,23.909992082513146,1
74.00757674898816,23.8865113620305,1
74.00768693562394,23.872061651651443,1
74.00815425635435,23.810650074862373,1
74.0087293648675,23.734788028666404,0
74.0090160214775,23.69685672151312,0
74.0091931761387,23.67337534137327,0
74.00941089862924,23.64447508182259,0
74.00942449478701,23.642668811961787,0
74.01002138821866,23.563192514770478,0
74.01004845765043,23.559579936156187,0
74.01014315819039,23.5469358975635,0
73.99874992684764,25.25189612817665,1
73.99877953377441,25.248284367151854,1
73.99882393346306,25.24286672224228,1
73.99883873050591,25.24106083970655,1
73.99886832031207,25.237449073286434,1
73.99894226986801,25.22841964937003,1
73.99917866895434,25.19952541735356,1
73.99978277807463,25.125483423366727,0
74.00022329577654,25.071305877338688,1
74.00075023273962,25.00629229073816,0
74.0008816803474,24.990038803635066,0
74.00162438888427,24.89793502780074,0
74.00165343994155,24.894323091415693,0
74.00226221127808,24.81847201646515,0
74.00335750067912,24.681215700837534,0
74.00351535928816,24.661349443343695,1
74.00380194177791,24.62522883821751,1
74.00381625624063,24.6234228033251,1
74.00394502360868,24.60716846943532,0
74.00398792095297,24.601750350197396,0
74.0040879659475,24.589108056539466,1
74.00411653768398,24.585495968668788,1
74.00423076888237,24.571047599554234,0
74.00424504151202,24.569241551431727,0
74.00428785104287,24.563823404420564,0
74.0043734325011,24.55298709850395,0
74.00443045895975,24.54576288575109,0
74.00451595689145,24.53492655341298,0
74.0045302016763,24.533120496482574,0
74.00458716690338,24.525896264359833,0
74.00465834214103,24.516865964305655,1
74.0047437065396,24.50602958972355,1
74.00477215021813,24.502417461344397,1
74.00498530065157,24.475326442449393,0
74.00501369709802,24.471714299125825,0
74.00502789323868,24.46990822680507,0
74.00509885311976,24.4608778586125,0
74.00511304093214,24.45907178365639,0
74.00519813866697,24.448235324698725,0
74.00525484274465,24.441011009946784,0
74.00532569163784,24.431980606631925,0
74.00535402148945,24.428368442234408,0
74.00536818433584,24.426562359377545,0
74.00539650587015,24.422950192347766,0
74.00542482186046,24.419338023563377,0
74.00543897777682,24.417531938513278,0
74.00546728545244,24.41391976709736,0
74.00549558758577,24.410307593927335,0
74.00550973657431,24.4085015066846,0
74.00559460141712,24.397664974021488,0
74.00562287861884,24.3940527929604,0
74.00569354739393,24.385022332638606,0
74.00573593204815,24.379604051187705,0
74.00579242554596,24.37237966978709,0
74.0058347811415,24.36696137913792,0
74.0058912359029,24.35973698547535,0
74.00591945498543,24.35612478601722,0
74.0060322760107,24.341675970676913,0
74.00604637241848,24.33986986679015,0
74.00613092184581,24.329033234282505,0
74.00615909393535,24.325421019947374,0
74.00621542153917,24.318196586029373,0
74.00625765274141,24.312778255999905,0
74.00627172704726,24.310972145115738,0
74.00631394168133,24.30555380984056,0
74.00637020853517,24.298329356688342,0
74.00677748322165,24.245951862348793,0
74.00704369007047,24.211635373989452,0
74.00729542784268,24.179124871480518,0
74.00730940021326,24.17731872831527,0
74.00739320557965,24.166481860183207,0
74.0074211297106,24.162869567324332,0
74.00744904834711,24.159257272725014,0
74.0075327712968,24.14842037848644,0
74.00756066796234,24.14480807692736,0
74.00821466033788,24.059918489973334,0
74.00840888171399,24.034632044724283,0
74.00867203917241,24.000314590329666,0
74.00889326295348,23.97141556015291,0
74.00900374381709,23.95696600354004,1
74.00921066018576,23.929873010332418,1
74.00959608394126,23.87929916306818,1
74.00973347671749,23.86123699280131,1
74.00989816859796,23.839562331596625,1
74.01035006299072,23.77995669364903,1
74.01041840296433,23.77092549552784,1
74.01108634314662,23.682419185922857,0
74.01135803882389,23.64629386577679,0
74.01192684323581,23.570430136487236,0
74.01195386987729,23.566817559150536,0
74.01230472647877,23.5198538984678,0
74.00073566104214,25.25190957880029,1
74.00076520927469,25.24829781558677,1
74.0007799812548,25.246491933305567,1
74.00080952094318,25.242880167394365,1
74.00086858323506,25.235656630177495,1
74.00091286500765,25.230238972545422,1
74.00095713397185,25.224821310868858,1
74.00100139013014,25.21940364514843,1
74.00101613933758,25.21759775567643,0
74.00106037842518,25.212180084565194,0
74.00110460471265,25.206762409411585,0
74.00113408179435,25.203150623730405,1
74.00128138191084,25.185091668386345,1
74.00132554423485,25.179673973030532,1
74.00144324793308,25.165226765672923,1
74.00156086076065,25.15077952960914,1
74.00159024977448,25.147167716109283,1
74.00169306663112,25.134526354739698,1
74.00182515761922,25.118273143571763,1
74.00189849188544,25.109243566133657,1
74.00195713379144,25.102019896122698,1
74.00208899521418,25.085766612409877,1
74.00216220200147,25.076736994684065,1
74.0022207419538,25.069513292450676,1
74.00226463205999,25.064095511079195,1
74.00235237407654,25.05325993626249,1
74.00244006518169,25.04242434535174,1
74.00245467541752,25.040618411968953,1
74.002498497644,25.03520060913933,1
74.00262988801501,25.0189471765249,1
74.00264447988148,25.017141237334407,1
74.0027174180298,25.008111534683753,1
74.00303792668784,24.968380710462817,0
74.00351741044005,24.908784069527695,0
74.00357542550151,24.901560201305244,0
74.0036479126799,24.892530356013868,0
74.00395197507298,24.854604884360704,0
74.00422654548707,24.820291193503323,0
74.00477416790982,24.75166333114331,1
74.00480293413116,24.748051320654135,1
74.00491794306207,24.733603260979493,1
74.00497541396471,24.726379220514126,1
74.00503286249973,24.719155172965447,1
74.00506157838115,24.71554314653536,1
74.00511899337533,24.70831908836463,1
74.00517638601607,24.701095023114473,1
74.00520507395565,24.697482987835087,1
74.005233756309,24.693870950786426,1
74.00533410056421,24.681228807185857,1
74.00534842987405,24.67942278490289,0
74.00543437642692,24.668586641922328,0
74.00546301411575,24.664974590726423,0
74.0055775090793,24.65052636826942,1
74.00559181467462,24.648720338474448,1
74.00563472309585,24.64330224643961,1
74.00570620925417,24.634272084216704,1
74.00572050230507,24.63246605044761,1
74.00576337309778,24.627047946491754,1
74.00589191025686,24.610793610792626,1
74.00617714470582,24.574672736885404,1
74.00630531869582,24.55841828610822,0
74.00647604224706,24.536745629578345,0
74.00660395366657,24.520491095583736,0
74.00677432735506,24.49881832816175,0
74.00680270354908,24.495206194101904,0
74.00685943929706,24.487981920707256,0
74.0068877988524,24.484369781372827,0
74.00695867348368,24.475339425346817,0
74.00700118163249,24.469921206459077,0
74.00734079811434,24.426575313093835,0
74.00739732335701,24.419350972958384,0
74.00756676633145,24.397677910455524,0
74.00784872910941,24.361555999389704,0
74.00808796333492,24.330852237292085,0
74.00813013976193,24.325433913209146,0
74.00814419581364,24.32362780430688,0
74.00831276093548,24.301954463379502,0
74.00936180481803,24.166494658632917,0
74.00950109385025,24.148433166176492,0
74.00952893521146,24.144820862465828,0
74.00957068697822,24.13940240363867,0
74.00964024586159,24.130371630231892,0
74.00965415352984,24.128565474246535,0
74.00990425749467,24.096054592215847,0
74.00994589839136,24.090636098197333,0
74.01037546740311,24.034644764695877,0
74.01040313646503,24.031032406291494,0
74.0105690362246,24.009358219477363,0
74.01059666708882,24.00574584894556,0
74.01062429249892,24.002133476682047,0
74.01063810315888,24.000327289900973,0
74.01066572038906,23.9967149150403,1
74.01087267586526,23.96962204841704,1
74.01101047593387,23.951560083276377,1
74.01116189881563,23.931691871706093,1
74.01124442374298,23.920854643365832,1
74.01132689972508,23.910017399482413,1
74.0113406409648,23.90821119065775,1
74.01142305986693,23.897373928647475,1
74.01145052196539,23.893761504525678,1
74.01182072877715,23.84499361007755,1
74.01213531031989,23.803450341206062,1
74.01307476080171,23.67881917057727,0
74.01334586393781,23.642693811942888,0
74.01373800672386,23.590311737956508,0
74.01387296610028,23.572248870494896,0
74.01400779111053,23.554185960341968,0
74.01412901880397,23.53792930472414,0
74.01415594352605,23.534316709895435,0
74.00272139666092,25.251923002730745,1
74.00275088619902,25.248311237332853,1
74.00278037005215,25.24469947013659,1
74.00280984822102,25.241087701142124,1
74.0028245851741,25.239281815970635,1
74.00286878750897,25.233864157759403,1
74.0028982486295,25.230252383371518,1
74.00301603630588,25.215805267847568,1
74.0031043174376,25.204969912338896,1
74.00313373312817,25.201358123576885,1
74.00316314314328,25.197746333018962,1
74.00317784602278,25.19594043706659,1
74.00319254748369,25.194134540665313,1
74.00331010811277,25.17968735329732,1
74.00355962323279,25.148986984808253,1
74.00360361281363,25.14356925926996,1
74.0037501527275,25.12551014501178,1
74.00389655113848,25.107450985955673,1
74.00394044308233,25.10203322950681,1
74.00402818879859,25.09119770452263,1
74.00424733053717,25.06410882158803,1
74.00433489826317,25.053273240238042,1
74.00500456423968,24.97019991562664,0
74.00501908909366,24.968393963299576,0
74.0050336125405,24.966588010526614,0
74.00514974946837,24.952140372293318,0
74.00517876963508,24.948528458277657,1
74.00529479406252,24.934080784391426,1
74.00533828003046,24.92866289933357,1
74.00539624164898,24.92143904635463,1
74.00549762039931,24.908797286499222,1
74.00551209746045,24.90699131902496,1
74.00552657311749,24.905185351105615,1
74.00556999166487,24.8997674446773,1
74.00561339757857,24.894349534244064,0
74.0056278634094,24.89254356320979,0
74.00567125248195,24.88712564743769,0
74.00572908493544,24.87990175351417,0
74.00578689494479,24.872677852475036,0
74.00581579153469,24.869065899287605,0
74.00590244765392,24.858230029056113,0
74.00591688543403,24.856424049128513,0
74.00598905331242,24.847394142824886,0
74.00603233722491,24.841976193710995,0
74.00606118616201,24.838364225413933,0
74.00611886722844,24.831140283489923,0
74.00619093705431,24.822110346093393,0
74.0062197551847,24.81849836802692,0
74.00626297188256,24.81308039759797,0
74.00630617598532,24.807662423174506,0
74.00633497172437,24.804050438006676,0
74.00634936749533,24.802244444757182,0
74.00636376186736,24.800438451063993,0
74.00643571274678,24.791408475943538,0
74.00645009872714,24.78960247958872,0
74.00653638524801,24.778766492146673,0
74.00660825224257,24.769736490418552,1
74.0066369892585,24.766124486624346,1
74.00669444652527,24.758900473717627,1
74.00673752480868,24.753482459384838,1
74.00675188144332,24.751676453721135,1
74.00699573064902,24.720974289676633,1
74.00709602194614,24.708332184943433,1
74.00816629017369,24.572879704005715,1
74.0084219916274,24.540370739399986,0
74.00846456485877,24.534952564762968,0
74.00920052107739,24.441036908943026,0
74.00938392602568,24.41755780944636,0
74.00959525728005,24.39046644871133,0
74.00983439097587,24.35976278737281,0
74.00984844526235,24.35795668570624,0
74.01029745563214,24.300161201400112,0
74.01092649552452,24.21888554481118,0
74.01099621735324,24.20985486178337,0
74.01123301537407,24.17915045803294,0
74.01128867504488,24.17192587415867,0
74.01145552269435,24.150252080765547,0
74.01158052918787,24.133996694622486,0
74.0120241005191,24.07619948110487,0
74.01223154356519,24.04910688428251,0
74.01245247817032,24.020208006835066,0
74.01246627500687,24.018401823312253,0
74.01253523877013,24.009370899202644,0
74.01261795037429,23.99853377598423,0
74.01292080736398,23.958797524256564,1
74.01297580159559,23.951572728730504,1
74.01408476617263,23.805269133858516,1
74.01418018570276,23.792625480645075,1
74.01484627043335,23.704119318738666,0
74.0149005017887,23.69689428044546,0
74.01503598592446,23.678831654712393,0
74.01560355062331,23.602968159145508,0
74.01569791435877,23.590324169883008,0
74.01583260564848,23.57226129177492,0
74.01620902811067,23.52168500605017,0
74.00510397160932,25.203177385999727,1
74.00514800095146,25.197759697568834,1
74.00520668691944,25.19053610670982,1
74.0052946734085,25.179700706957664,1
74.00532399091766,25.176088903450733,1
74.00544120437117,25.16164167148033,1
74.00545584968876,25.159835765465875,1
74.0055436919047,25.149000319963555,1
74.00577768910979,25.120105719744664,1
74.00587994920386,25.10746429608907,1
74.0060259150993,25.089405081384886,1
74.00641931877918,25.04064497823896,1
74.00672458971775,25.002720228344824,1
74.0067391109558,25.000914282962334,1
74.00682620886187,24.99007860129594,1
74.00684072026,24.988272652789853,0
74.00802588076644,24.840183359298447,0
74.00848582974811,24.782391604608122,0
74.00860059365345,24.76794359496155,1
74.00875824831179,24.74807753538549,1
74.00901586501621,24.715569322305868,1
74.01001342541541,24.589147132053856,1
74.01012699939939,24.574698744052164,1
74.0110324038588,24.459110625922925,0
74.01104650591091,24.457304547291404,0
74.01111699548217,24.448274147548958,0
74.01131418291327,24.422988969905838,0
74.0113423304966,24.41937679465257,0
74.01153920932894,24.39409151877747,0
74.01159541086389,24.38686713846472,0
74.0116235033748,24.38325494567983,0
74.01165159038227,24.37964275114284,0
74.01173581839087,24.368806157021332,0
74.01194617186304,24.341714602771617,0
74.01196018443356,24.33990849565439,0
74.01198820545329,24.33629628010767,0
74.01242182907207,24.280306715532813,0
74.01286805863565,24.222510595864463,0
74.01314624044798,24.186387794386402,0
74.0131879205574,24.180969359140576,0
74.01320181119452,24.17916321318807,0
74.01356248846892,24.132203265724804,0
74.01404655976386,24.06898748797509,0
74.01434997954001,24.029251584228096,0
74.01436375571042,24.027445401801383,0
74.0143775305217,24.025639218941507,0
74.01448768009368,24.011189740471597,0
74.01492740945615,23.9533915496374,1
74.01617031186461,23.78902552869936,1
74.01652337358898,23.74206315377081,0
74.01688905156567,23.693294226550847,0
74.01699721239301,23.67884411402285,0
74.01717279041856,23.655362622701816,0
74.01729421156058,23.63910616325654,0
74.01767127168048,23.58853029013687,0
74.01776537260643,23.575886269517586,0
74.0182081083199,23.51627846212671,0
74.00704496438956,25.208608414833733,1
74.00773212094528,25.123730844427612,1
74.00786334868052,25.10747757970266,1
74.00829995086781,25.053299768824797,1
74.00844520365385,25.03524040910762,1
74.00888011944456,24.981062062016726,0
74.00915491324285,24.946748901201822,1
74.0093137732707,24.92688331351913,1
74.00968858766646,24.879928073961203,0
74.00984687857166,24.860062305173056,0
74.01023469478744,24.81130064478174,0
74.01027772272514,24.805882662538625,0
74.01054994184723,24.771568682297115,0
74.01085023105993,24.7336425179901,1
74.0119460532252,24.59457824688253,0
74.012172726072,24.565681446607396,0
74.01246969738926,24.52775422514441,0
74.01261089834844,24.50969357528988,1
74.01286471258462,24.47718429476313,0
74.01290697154923,24.47176606750136,0
74.01324459720301,24.428420107165017,0
74.01328674468682,24.423001844352594,0
74.01339907748277,24.408553124225907,0
74.01351132232205,24.39410437604581,0
74.01409916643341,24.31824798834597,0
74.0141969053199,24.305605182049344,0
74.0144479258327,24.273095010424562,0
74.01454542520248,24.260452127702624,0
74.01467068309333,24.244196961360377,0
74.01496252115331,24.2062681025543,0
74.01501804109348,24.19904353623364,0
74.0150319176673,24.197237393564702,0
74.01504579287676,24.195431250460306,0
74.01507353920306,24.191818962945224,0
74.01512901548743,24.184594382690616,0
74.01532301068752,24.159308296963605,0
74.01543374516815,24.144859066840343,0
74.01551673882749,24.134022125987936,0
74.01617892529617,24.047326036380916,0
74.0163027368234,24.031070408327906,0
74.01644017631476,24.01300855822838,0
74.01656375593875,23.996752856122054,1
74.01664608137652,23.985915701911317,1
74.01667351235233,23.982303313713633,1
74.01675577277871,23.971466138741043,1
74.0168516816786,23.958822748267472,1
74.0169338365298,23.947985539577232,1
74.01783432973764,23.828775218638878,1
74.01790230948178,23.819744057234104,1
74.01863434732275,23.72220682929399,0
74.01868841646916,23.714981799643727,0
74.01907977591742,23.6626001295907,0
74.01917407311109,23.649956224236288,0
74.01929521594529,23.63369974368644,0
74.01930866956702,23.631893465931025,0
74.01960431079074,23.592155247158548,0
74.01963115517549,23.58854267156102,0
74.01967141172995,23.583123804961883,0
74.0197116562591,23.57770493451991,0
74.01976529692914,23.57047976795409,0
74.0197787037575,23.568673475245557,0
74.01987251416675,23.556029414337498,0
74.01989930512528,23.552416821666835,0
74.01999303143923,23.53977273388448,0
74.02003317984489,23.534353832724502,0
74.02012681277336,23.521709715098613,0
74.02016692116878,23.516290801152337,0
74.02023374183257,23.50725926938797,0
74.02028717437368,23.50003403630978,0
74.0087518850733,25.242933681178656,1
74.00917617270173,25.190562747238506,1
74.00967210358576,25.129161861369266,1
74.01052883214197,25.02261203694058,1
74.01057226412053,25.01719420768932,1
74.01077477998665,24.99191095139903,1
74.01078923490336,24.99010500117447,1
74.0110780393927,24.95398590303486,0
74.0110924649318,24.952179943447298,0
74.01110688907298,24.950373983414153,0
74.01126546238667,24.930508393647138,1
74.0115389637042,24.89619497533741,1
74.01165397143842,24.88174717220631,0
74.01281340614374,24.73546156484496,1
74.01302711601333,24.708371318425183,1
74.01333999313955,24.668638776998698,0
74.01339680789108,24.661414655575793,1
74.01358130296218,24.63793621214999,1
74.01372306324113,24.61987582028955,1
74.01410512607927,24.571112541977566,0
74.01421813669646,24.55666410152687,0
74.01424637556242,24.553051987010647,0
74.01478186715762,24.484421476829155,0
74.01488029361225,24.471778945192952,0
74.01489434903529,24.46997286748808,0
74.01511904892992,24.441075564504334,0
74.01551142811223,24.390505014075966,0
74.01577707327345,24.35618908780143,0
74.01580500716089,24.352576875843276,0
74.01605616582454,24.32006688948521,0
74.01607010608892,24.31826077497817,0
74.01632079712257,24.28575063913465,0
74.01713940693132,24.179188647255813,0
74.01715324080202,24.17738249873041,0
74.01729150468582,24.159320989546607,0
74.017581416318,24.12139167872594,0
74.0181319727663,24.04914484263138,0
74.01832415517066,24.023858286090586,0
74.0195532888249,23.861299827429235,1
74.02000123614387,23.801694183951515,1
74.02005543332257,23.794469225632135,1
74.02009606710467,23.789050502378654,1
74.02013668880191,23.78363177525683,1
74.02024495426303,23.769181817358543,1
74.02031257656306,23.760150579711233,1
74.02038016532677,23.751119331328546,0
74.02039367905606,23.749313080364033,0
74.02048823761874,23.73666931159446,0
74.02051524228622,23.733056802369553,0
74.02056923553914,23.72583177877145,0
74.02063669695822,23.716800489622894,0
74.02065018522325,23.714994230506644,0
74.02067715773515,23.7113817109878,0
74.0206906419822,23.709575450585255,0
74.02071760645889,23.705962928494063,0
74.02078499421957,23.696931615764907,0
74.02081193995315,23.693319087673313,0
74.020838880333,23.68970655786777,0
74.02091966935686,23.678868958169453,0
74.0209600458077,23.673450152538102,0
74.02100041022078,23.66803134305285,0
74.02102731314292,23.664418801255295,0
74.02105421071658,23.660806257745403,0
74.02113487135307,23.649968616943703,0
74.0211886183802,23.642743514517896,0
74.02121548387653,23.639130960738193,0
74.02124234402893,23.635518405247566,0
74.02130947103446,23.62648700903698,0
74.021322892429,23.624680728512093,0
74.02133631248819,23.622874447559674,0
74.02134973121213,23.621068166179747,0
74.02141680480584,23.61203675286842,0
74.02143021551996,23.61023046892399,0
74.0214570329442,23.606617899753157,0
74.0107521006792,25.241141103849884,1
74.01078133852074,25.23752932436486,1
74.01079595532738,25.235723433948344,1
74.01094204589764,25.21766450507539,1
74.011248377774,25.179740608299273,1
74.01146680645866,25.152651989475743,1
74.01153954574907,25.143622427453334,1
74.0120477381461,25.080415179797765,1
74.01213468434969,25.06957959658694,1
74.01291493293502,24.97205862397896,0
74.01294375276052,24.96844671111508,0
74.0151603590912,24.68851805505076,1
74.01584004238245,24.601828313389962,0
74.01626323148662,24.54764670884801,0
74.01650248899689,24.51694362372385,1
74.01651655059797,24.515137555934185,1
74.01674134942243,24.486240411514732,0
74.01690971793671,24.464567479387938,0
74.01706388224382,24.44470056939965,0
74.01707788895582,24.442894484040362,0
74.01734375619392,24.408578778881225,0
74.01742761157891,24.397742207531305,0
74.01806886772037,24.314661303570443,0
74.01898389018649,24.195456652902642,0
74.01910820684222,24.179201326168297,0
74.01913581782519,24.1755890265511,0
74.01930136968589,24.153915192305927,0
74.01942540535074,24.137659775530185,0
74.01949426658611,24.128628973220827,0
74.01961813140915,24.11237350169484,0
74.0196456420191,24.108761169911784,0
74.0197968535269,24.088893314065523,0
74.01997534684708,24.065413053103768,0
74.02000278706213,24.061800698758177,0
74.02004393724057,24.056382163988225,0
74.02005765126196,24.0545759848646,0
74.02009878521301,24.049157444893115,0
74.02011249382592,24.047351264035836,0
74.02019471711631,24.0365141697927,0
74.02020841626764,24.034707985902493,0
74.02029058280067,24.02387087346543,0
74.02030427249447,24.022064686543512,0
74.02033164782996,24.018452311400694,0
74.0203453334718,24.01664612317984,0
74.02040006253507,24.009421365967405,0
74.02042741896545,24.005808984764116,0
74.0204410951556,24.00400279351329,0
74.0204684434863,24.000390409713397,0
74.02085075352763,23.949816854869407,1
74.02086438790934,23.948010650214748,1
74.02087802094373,23.946204445128107,1
74.02089165263085,23.944398239609516,1
74.02097341446607,23.933560997428177,1
74.02100065763693,23.929948579913187,1
74.0210687420017,23.9209175285708,1
74.02110957646683,23.915498892585845,1
74.02116400357897,23.908274038564524,1
74.02120480978492,23.90285539351837,1
74.02127279322407,23.893824309814555,1
74.0213135671487,23.88840565441723,1
74.02132715576761,23.8865994350891,1
74.02138149679884,23.87937455346546,1
74.021408659249,23.87576211006731,1
74.02149011434557,23.864924769529996,1
74.02153082375511,23.85950609344469,1
74.02155795664493,23.855893640567302,1
74.0216122063078,23.848668729644178,1
74.02167998817431,23.83963758130168,1
74.02174773648142,23.83060642219699,1
74.02182899016601,23.819769017069657,1
74.0218560639949,23.816156545251914,1
74.02192372509566,23.807125358180134,1
74.02234247609645,23.751131758495106,0
74.02284059222815,23.68430014795548,0
74.02288089984677,23.67888134300547,0
74.02328331552184,23.624693081629843,0
74.02329670870927,23.622886799620588,0
74.02372458754496,23.56508554975342,0
74.02420432345069,23.500058621448368,0
74.01343641627552,25.154471132650855,1
74.0139004532282,25.09668172200332,1
74.01408855871709,25.073204643006413,1
74.01423309442748,25.055145300047194,1
74.01538435682502,24.910668949557284,1
74.01539869120265,24.90886297712887,1
74.01710874897012,24.692143062254033,1
74.01720788761442,24.679500870317195,0
74.01747663768221,24.645186240221328,1
74.01775899531945,24.609065404805666,1
74.01853264362481,24.50973219853628,1
74.01867286099149,24.49167147258525,0
74.01881294135488,24.473610702697275,0
74.0189808570677,24.451937720869278,0
74.01903678518408,24.44471337954855,0
74.02001198949904,24.318286271505762,0
74.0200536346419,24.3128679189616,0
74.02006751363292,24.31106180057295,0
74.0200813912625,24.309255681747384,0
74.02012301598312,24.303837322649386,0
74.0201368881676,24.302031202076368,0
74.0202339553541,24.28938834583623,0
74.02038635482971,24.269520957093075,0
74.02040020116863,24.267714828225053,0
74.02052475705386,24.25145964878087,0
74.02066302340961,24.23339829685748,0
74.02067684257568,24.231592159267475,0
74.02070447683464,24.227979882779962,0
74.02077353872576,24.21894918393526,0
74.02078734703217,24.21714304285921,0
74.0208425666878,24.209918474198833,0
74.02085636820965,24.208112330944815,0
74.02092535547072,24.199081608142393,0
74.02096673155185,24.193663169235972,0
74.02098052086683,24.191857022063157,0
74.02102188067668,24.186438577933004,0
74.02104944710487,24.182826279670056,0
74.02106322828571,24.18102012988582,0
74.02107700811116,24.179213979666418,0
74.0210907865813,24.1774078290119,0
74.02110456369621,24.175601677922277,0
74.02113211386069,24.171989374437825,0
74.02115965860528,24.16837706921326,0
74.02117342894533,24.166570915948498,0
74.02122849675915,24.15934629854016,0
74.02125602253943,24.155733987226764,0
74.02128354290284,24.152121674174143,0
74.02129730105342,24.15031551699569,0
74.02133856738173,24.144897042852037,0
74.02135232011696,24.143090883934804,0
74.0214210634904,24.13406008282964,0
74.02144855136672,24.13044775934584,0
74.02146229327526,24.12864159695224,0
74.02148977303358,24.125029270861752,0
74.02155844875703,24.115998448034226,0
74.02161336499262,24.108773781955346,0
74.02166825959561,24.101549108929856,0
74.0217642731136,24.08890591442473,0
74.02181910825462,24.081681222304237,0
74.02191501774958,24.069037994393334,0
74.02192871370453,24.067231817242824,0
74.02227067400865,24.02207724762647,0
74.02243451561182,24.000402958066573,0
74.02288408028004,23.94079834064415,1
74.0233457369955,23.87938703081994,1
74.02417011862305,23.769206667940068,1
74.02472141544919,23.695150115802228,0
74.02477508043165,23.6879250477365,0
74.01478147079915,25.233944075713314,1
74.01486878182769,25.223108708125892,1
74.01527556577871,25.172543445707223,1
74.01638856616212,25.03348716292203,1
74.01789298635991,24.84386069420947,0
74.01829158338724,24.79329280789536,0
74.01832001312715,24.789680802707874,0
74.01904310618765,24.697574071786008,1
74.01942446929047,24.64881121908387,1
74.01993139470429,24.583793581620792,0
74.01995950506637,24.58018147389808,0
74.02002975697175,24.571151196882425,0
74.02005784813582,24.567539082993108,0
74.02011401401388,24.56031484993033,0
74.02017015796312,24.55309060982331,0
74.02021225153759,24.547672425121203,0
74.02028238009723,24.538642108482772,0
74.02031042193387,24.53502997874742,1
74.02033845829312,24.53141784725237,1
74.0204505489702,24.51696930367908,0
74.0205065614624,24.509745021339302,0
74.02052056116489,24.50793894965535,0
74.02059053915825,24.49890858464264,0
74.02061852078164,24.49529643556132,0
74.02070243283572,24.484459977772826,0
74.02075834686526,24.477235663795323,0
74.02081423902932,24.470011342791498,0
74.0208282086545,24.468205261442865,0
74.02093991648125,24.453756594851015,0
74.02098178438355,24.448338337637743,0
74.02100968949216,24.444726163968422,0
74.02103758914059,24.441113988544274,0
74.02109337205958,24.4338896324323,0
74.02113519492089,24.428471360743362,0
74.02116307000689,24.42485917742494,0
74.02119093963645,24.421246992352764,0
74.02126058984297,24.41221652200097,0
74.0212884403804,24.408604330792222,0
74.0213162854645,24.40499213783061,0
74.02139978800341,24.39415554843053,0
74.02142761128088,24.390543348459403,0
74.02148324148669,24.38331894326169,0
74.02151104841637,24.37970673803549,0
74.02156664593274,24.372482322329382,0
74.02165000135997,24.36164568563889,0
74.02166388916675,24.359839577992144,0
74.02177494263074,24.345390701068148,0
74.0218165652315,24.33997236500455,0
74.02184430683134,24.336360138775678,0
74.02189977371253,24.329135681071275,0
74.02191363703363,24.327329565552265,0
74.02203834575585,24.311074506213984,0
74.02237036445317,24.267727508350657,0
74.02300455031036,24.18464506028706,0
74.02307331092237,24.1756143038833,0
74.02323819846464,24.153940444145245,0
74.02329311772644,24.146715810318387,0
74.0233617364051,24.137685008255318,0
74.0234440342488,24.12684803144042,0
74.02345774583004,24.12504186711746,0
74.02371800945569,24.090724662481627,0
74.02423707687086,24.022089783480595,0
74.024359729185,24.005834062624928,0
74.02437335049592,24.004027869254802,0
74.02438697046236,24.002221675451985,0
74.0244142063621,23.998609286548348,1
74.02442782229556,23.996803091447585,1
74.0244550501301,23.99319069994829,1
74.02450948967191,23.985965911759322,1
74.02469985880158,23.960679098619867,1
74.02493066758815,23.92997356881286,1
74.02535055670624,23.87398081102434,1
74.02583655574968,23.80895644364868,1
74.02640136718846,23.733093977442806,0
74.02665610476792,23.698774994040257,0
74.02685687404453,23.671680950504733,0
74.02688362067535,23.668068404087105,0
74.02689699199685,23.66626213023619,0
74.02778984672483,23.54524080844407,0
74.01667973737209,25.24479265989713,1
74.01734687235943,25.161721169839883,1
74.01778036713495,25.107543599970953,1
74.01857184984017,25.008217009585742,1
74.01858620148366,25.006411059072725,1
74.01974407820519,24.86012758784292,0
74.02000015090712,24.82761975351762,0
74.02001436404727,24.825813758504232,0
74.020071202803,24.81858977401299,0
74.02008540904114,24.816783776780888,0
74.02018481406915,24.804141783734707,1
74.02025577627307,24.795111775396155,1
74.02029833704567,24.789693765072254,1
74.02032670399981,24.786081755973058,1
74.02042594491645,24.773439710164425,1
74.02045428706042,24.769827693088043,1
74.02053928042646,24.758991631226618,1
74.02059591512258,24.751767581127346,1
74.02062422420838,24.748155553420794,1
74.02068082585892,24.740931492694834,1
74.02073740548603,24.733707424886333,0
74.02080809905802,24.724677330168248,0
74.02086462915288,24.7174532464297,0
74.02087875823806,24.715647224389137,0
74.02090701228276,24.71203517898109,0
74.02101997346584,24.69758697965994,1
74.02110463662711,24.686750811601105,1
74.02116105125648,24.679526690722895,0
74.02123153864004,24.670496529683998,0
74.02130199169692,24.661466357602205,1
74.0213864900692,24.650630136531717,1
74.02142872073067,24.645212020036585,1
74.02144279487399,24.64340598032209,1
74.02156940044489,24.627151603033695,1
74.02158346087445,24.625345558906762,0
74.02170994306044,24.609091141917414,0
74.0217239897849,24.607285093380476,1
74.02182227850001,24.594642741279056,1
74.02241060268257,24.51878817548486,1
74.02302435829047,24.439320655674546,0
74.02327467969586,24.406810970893805,0
74.0233857921314,24.392362176524948,0
74.02351068959679,24.37610724935612,0
74.02358002950643,24.367076718940048,0
74.02457476331212,24.237035869371656,0
74.0249597089358,24.18646381716876,0
74.0253846640551,24.13047293286366,0
74.02539835070974,24.12866676835105,0
74.02552146997326,24.112411268193547,0
74.02561715397837,24.09976807709079,0
74.0258356126239,24.070869274731244,0
74.02618987378482,24.02390848420435,0
74.02623069163778,24.018489912610036,0
74.02629869454492,24.009458951295834,0
74.02701746469118,23.913730096850617,1
74.02705803731519,23.90831144617352,1
74.02749006346465,23.85051226419653,1
74.02762479120472,23.83244992937431,1
74.02784007815696,23.803550104166213,1
74.02798789001584,23.7836814104889,1
74.02808186819964,23.771037669261975,1
74.02809528832903,23.76923141879726,1
74.02937743502913,23.595829378468363,0
74.0294704469611,23.583185325486,0
74.01860733254495,25.25202943321073,1
74.01940334563459,25.152704754171722,1
74.0194466431302,25.147287005386424,1
74.0194755011592,25.143675170622775,1
74.0195476218489,25.134645575874575,1
74.01956204180763,25.132839655581286,1
74.01961970771485,25.12561596993009,1
74.01966294252368,25.120198200990426,1
74.01967735134204,25.118392277115184,1
74.01976377502035,25.10755672446417,1
74.01985014860081,25.096721155703367,1
74.01990770316523,25.08949743424881,1
74.01992208832932,25.08769150276697,1
74.01993647210278,25.085885570837892,1
74.02005149223886,25.071438099307798,1
74.0201664234265,25.05699059916855,1
74.02019514233058,25.05337871966498,1
74.02026691528607,25.04434901308784,1
74.0203386535295,25.035319295344188,1
74.02042469361737,25.02448361931621,1
74.0204820259247,25.01725982636928,1
74.02053933603766,25.01003602628151,1
74.02058230406075,25.00461817153043,1
74.02059662396195,25.002812219054437,1
74.02071113326718,24.988364583188467,0
74.02081125615705,24.975722878394524,0
74.02086843876266,24.968499037276615,1
74.02091131117666,24.963081151758704,1
74.02095417113027,24.957663262230522,1
74.02102557670305,24.94863343744028,0
74.02113975366758,24.93418569461667,0
74.02118254720617,24.92876778371132,0
74.02128235040207,24.91612597602041,0
74.02131085315986,24.912514026960842,0
74.02133935038962,24.908902076121624,0
74.02142480891763,24.89806621292793,0
74.02145328404222,24.894454254971993,0
74.02152444768548,24.885424352300785,0
74.02158135374712,24.878200422161687,0
74.02163823772334,24.87097648491126,0
74.02168088621532,24.865558527307552,0
74.02173773155559,24.85833457761599,0
74.021751939442,24.85652858908256,0
74.0217945548259,24.851110620817323,0
74.02189394246005,24.83846867932281,0
74.0219932625523,24.825826716075746,0
74.02216336851593,24.804154728496574,1
74.022502985842,24.7608105617998,1
74.02257363974981,24.75178049495043,1
74.02285591193791,24.715660116889804,0
74.02400749574682,24.56756471927506,0
74.02425905194306,24.5350555767185,1
74.02495550220071,24.444751655620806,0
74.02496939650176,24.4429455660032,0
74.02506661854879,24.430302926399918,0
74.02520539169079,24.412241975414663,0
74.02521926153449,24.410435877905595,0
74.02533017140564,24.395987082060547,0
74.025344029031,24.394180980608713,0
74.02599380800531,24.309293718774686,0
74.02613167289536,24.291232474658273,0
74.02662686736359,24.226211634539496,0
74.02669550597932,24.21718091761751,0
74.02691492298682,24.18828255030874,0
74.02698342003892,24.17925178767395,0
74.0269971154076,24.177445633841785,0
74.02712031311835,24.16119022977951,0
74.02713399502025,24.1593840715983,0
74.02819704226222,24.018502395897162,0
74.02850894704198,23.97695986004956,1
74.02853603573638,23.973347454817002,1
74.02871198185638,23.949866778673055,1
74.02906319661957,23.902905207469406,1
74.02913063445448,23.89387410264892,1
74.02944041908681,23.85233088170138,1
74.02950767028544,23.84329971656388,1
74.02953456144198,23.839687247495732,1
74.02970922415707,23.816206156600227,1
74.03032545712195,23.733118636381562,0
74.03176124506689,23.53804002651237,0
74.03178768842743,23.53442741268504,0
74.02059308085475,25.25204261689916,1
74.02063652068104,25.24662493893245,1
74.02065099783161,25.244819045378264,1
74.02066547358656,25.243013151374814,1
74.020679947946,25.241207256922117,1
74.02073783143034,25.233983674619363,1
74.02075229881353,25.232177777920803,1
74.02086798766732,25.217730588166646,1
74.02088244249893,25.21592468742702,1
74.02095469574624,25.20689517699605,1
74.02102691415057,25.197865655345822,1
74.02108466379461,25.190642029949764,1
74.02112796140176,25.1852243061928,1
74.02117124647515,25.179806578399457,1
74.02120009622872,25.17619475762845,1
74.0213154395625,25.161747456611657,1
74.02135867035085,25.156329711334784,1
74.02171844022789,25.111181677251476,1
74.02184774479821,25.094928316492815,1
74.02189082133141,25.089510521521053,1
74.02190517739989,25.087704588969313,1
74.02287813891363,24.96490012756434,1
74.02300643384292,24.948646441351883,0
74.02316308685512,24.928780775881783,0
74.02374550520187,24.854735548545147,0
74.0240287717292,24.81861565444088,0
74.02459365589453,24.7463753340631,1
74.02473453392608,24.728315143240625,0
74.02495965379049,24.699418745909366,0
74.02687293223448,24.45198872117405,0
74.0272469900531,24.40322416636549,0
74.02739910072151,24.383357033936747,0
74.0275786566732,24.35987762731973,0
74.02760626036891,24.356265404353746,0
74.02768903899525,24.345428724958513,0
74.02774419770226,24.33820426328259,0
74.0279233141541,24.314724714536244,0
74.0280059062844,24.30388797482622,0
74.02801966691328,24.30208185001259,0
74.02810220233705,24.291245091961347,0
74.02811595351689,24.28943896409145,0
74.02829459607874,24.2659592620692,0
74.02862379916445,24.222611926244923,0
74.02895222671275,24.179264339513963,0
74.02896589438078,24.17745818462684,0
74.0289932256839,24.17384587354767,0
74.02919803912292,24.146753485013075,0
74.02921168260579,24.14494732229998,0
74.03019048958613,24.014902466518492,0
74.03046114918277,23.97877849693375,1
74.0305017020413,23.97335988657809,1
74.03070428615773,23.946266776467684,1
74.03227416462879,23.73493718966423,0
74.03268707226924,23.67894289481,0
74.03287313020641,23.653655013844986,0
74.03299260218644,23.637398474660813,0
74.03304566652447,23.630173335017403,0
74.03308545092258,23.624754475796642,0
74.03320473288362,23.60849787505946,0
74.03335037690982,23.588628649397474,0
74.02269440746731,25.237608615100555,1
74.02270884831381,25.235802718230033,1
74.02285318021534,25.217743724827162,1
74.02286760575113,25.215937823017637,1
74.02424599228456,25.04256916291953,1
74.02438883999129,25.02450969044568,1
74.02444594037605,25.017285888957357,1
74.02456007483741,25.002838264562644,1
74.02467412092568,24.988390611620694,0
74.0261204815369,24.80418053954872,1
74.02737084450106,24.643444452100518,1
74.02749668339742,24.627190046128806,1
74.02760844752959,24.612741655273457,0
74.0278456569407,24.58203873104049,0
74.02859653953077,24.484510951495988,0
74.02901198720156,24.430328298206643,0
74.02917782509148,24.408655126379024,0
74.02937105651127,24.38336967951566,0
74.02970169436814,24.340022999598386,0
74.03038802866635,24.249716608067178,0
74.03071627417252,24.206369152826564,0
74.03077090652113,24.199144552564245,0
74.03092103473098,24.17927686593926,0
74.03103011690898,24.164827606242405,0
74.03139763587576,24.116061149403635,0
74.03145200008635,24.108836462204163,0
74.03149275919031,24.103417942247273,0
74.03150634288178,24.101611768060383,0
74.03189968819021,24.049232527985804,0
74.0324268990127,23.978790906672067,1
74.03256175461566,23.960728846532664,1
74.03264260405116,23.949891589712067,1
74.0335956883878,23.821649538381262,1
74.03378283097398,23.796362117157514,1
74.03478096627254,23.66089235668739,0
74.0348869957909,23.646442106675476,0
74.03517814228735,23.60670377806109,0
74.03544226825255,23.57057784539299,0
74.03556095339219,23.554321120011583,0
74.02463668095197,25.243039427976427,1
74.02514040372198,25.179832780190285,1
74.02588565619648,25.085924746752074,1
74.02628539724373,25.035358381608525,1
74.02664139483822,24.990209545512858,1
74.02676934315672,24.973955896283385,0
74.02695396055526,24.95047833923027,1
74.02696815226284,24.94867237018515,0
74.02750641879388,24.880045216719893,0
74.02752055692652,24.878239230325708,0
74.02807087482975,24.807805414582607,0
74.02825385130136,24.784327326051525,1
74.02832416532247,24.775297272057934,1
74.02836633733045,24.769879234345606,1
74.02948639401397,24.625396760229975,0
74.02972328338616,24.594693870464123,1
74.03007093708288,24.549542330715038,0
74.03025138193028,24.526063421348518,1
74.03057006960123,24.484523630485523,0
74.03068074964101,24.470074953113723,0
74.03069457855888,24.468268866466943,0
74.03145308868727,24.36893342570137,0
74.03164551247067,24.343647829289694,0
74.03170044220774,24.336423357430313,0
74.03176907408935,24.327392757771708,0
74.03268549937177,24.206381669600646,0
74.03269913173142,24.204575519136924,0
74.03279452073004,24.191932453703938,0
74.03313466010633,24.14677847459498,0
74.03325690558133,24.13052297561572,0
74.03333834240838,24.11968595675218,0
74.03356881891219,24.088980985115736,0
74.03366360885391,24.07633772506144,0
74.03385299263203,24.051051141230168,0
74.03397460135766,24.034795435355424,0
74.0342040123279,24.004090117474515,0
74.03424445667675,23.99867151898602,1
74.03441957715692,23.975190880566554,1
74.0346079171467,23.94990395751562,1
74.0347557158882,23.93003560145555,1
74.03476914417023,23.928229384678563,1
74.0352516788333,23.863205293514113,1
74.03633111105319,23.716899049704978,0
74.0366227950449,23.677161065237645,0
74.03712511278881,23.6085222406214,0
74.03713830604961,23.60671594742894,0
74.03717787795343,23.60129706528932,0
74.0373887285971,23.572396295660212,0
74.03792750149667,23.498337575275148,0
74.02738285431006,25.147339332078104,1
74.02798280989613,25.071490246743664,1
74.02816801728709,25.048012989054268,1
74.02826764791145,25.035371357495567,1
74.02859453084031,24.99383441411747,1
74.02883567247574,24.96313304348658,1
74.03059661274717,24.73738372536421,1
74.03080649171942,24.710293341678387,0
74.03111376032368,24.67056059902788,0
74.03118350231766,24.661530400428642,1
74.0316012412964,24.60734897718,1
74.03174021626646,24.58928841458762,0
74.03196229434029,24.56039142283077,0
74.03236392761238,24.508015338182744,0
74.03237775675085,24.506209259704185,0
74.03252978809799,24.486342367447676,0
74.03334244297228,24.379782675792065,0
74.03364426704229,24.340048163265006,0
74.03380862418817,24.318374703608296,0
74.0339864595852,24.294895051332016,0
74.0341504140964,24.27322146067791,0
74.03417772107643,24.269609189460883,0
74.0348586547898,24.17930184254547,0
74.03511653313303,24.144984765457796,0
74.03515720670767,24.13956626526046,0
74.03517076189694,24.137760097659214,0
74.03529269856523,24.12150456970492,0
74.03537392966216,24.110667531531544,0
74.03538746351201,24.108861356983546,0
74.03553624789967,24.08899340831955,0
74.03594120457875,24.03480782715833,0
74.03635840266736,23.97881565061449,1
74.03708209056872,23.881279900061475,1
74.0377620318413,23.78916164868978,1
74.03798791626922,23.758455316448604,1
74.03804101020928,23.75123027906943,0
74.03830616396155,23.715104989236778,0
74.0386897025717,23.662723014558267,0
74.03870290833555,23.660916733148717,0
74.03900627871343,23.61937214271184,0
74.03920375525396,23.59227772282837,0
74.03923006318621,23.588665126252657,0
74.0392563658797,23.585052527969832,0
74.03933524253414,23.57421472288074,0
74.03936152427904,23.570602117771507,0
74.0394534691604,23.55795798645497,0
74.03946659890948,23.556151680275583,0
74.03947972735031,23.554345373669864,0
74.03949285448296,23.55253906663786,0
74.03957158981164,23.541701215494964,0
74.0395847077893,23.539894905479578,0
74.0396240538773,23.53447597287693,0
74.03971581566405,23.52183178189455,0
74.03975512254127,23.51641283651394,0
74.03982060787409,23.507381252364556,0
74.03987297262975,23.500155977383347,0
74.02890910069387,25.205141630425185,1
74.02896640427895,25.19791799514537,1
74.02939547675221,25.143740501901583,1
74.02945259256995,25.13651680567015,1
74.02993718678951,25.075115098627773,1
74.0308450519478,24.95953401400918,1
74.0312827799252,24.90354876992859,0
74.03143778670525,24.88368293540837,0
74.03297877856156,24.68502163813429,1
74.03385394357946,24.571240485879617,0
74.0339785286922,24.554985892789787,0
74.034144471964,24.533313046568182,1
74.03440681797495,24.498997577244065,0
74.03444819651915,24.493579330746595,0
74.03461358939103,24.471906305238946,0
74.03490256024456,24.43397835855869,0
74.0356292312691,24.338254586407015,0
74.03580689563016,24.314774982958266,0
74.03629770814607,24.24975415760028,0
74.03631131707915,24.247948015493925,0
74.03681390862685,24.18112045137689,0
74.03694943060947,24.163058845303055,0
74.03757111639781,24.079974897884632,0
74.03765199835675,24.06913779358149,0
74.03789435735183,24.03662638708132,0
74.03793470870401,24.031207805689657,0
74.03828392047026,23.984246603841733,1
74.03831074580572,23.980634191591736,1
74.03839119002733,23.969796944470325,1
74.03844479302767,23.962572104415198,1
74.03905970663591,23.87948594746575,1
74.03972492344072,23.789173873506268,1
74.04000333292754,23.751242482045445,0
74.04002981787859,23.747629958702134,0
74.04008277201295,23.740404906868207,0
74.0401357051279,23.733179848172536,0
74.04022828751654,23.72053597894887,0
74.04026794598903,23.715117171423763,0
74.04034722749623,23.704279544804518,0
74.04040005559108,23.697054451824197,0
74.0404792583812,23.686216799506507,0
74.040532034014,23.67899168939891,0
74.04054522464452,23.67718541080193,0
74.04058478867091,23.671766572443207,0
74.04065070250252,23.66273516662089,0
74.04066388133771,23.660928884172982,0
74.04069023507756,23.65731631799393,0
74.0407165835773,23.65370375010406,0
74.040756096503,23.648284895061902,0
74.04079559764199,23.64286603617153,0
74.04086140668674,23.633834596137834,0
74.04092718300652,23.624803145419683,0
74.04095348437367,23.62119056214148,0
74.04104549794691,23.608546507212203,0
74.0410586375109,23.606740211942576,0
74.04129492610478,23.574226824096428,0
74.04143911629298,23.554357463480034,0
74.04145221665726,23.55255115541133,0
74.0414915099179,23.547132228647826,0
74.04155697258284,23.538100675518937,0
74.04158314851469,23.5344880512849,0
74.04167472318422,23.521843853048313,0
74.03122261488272,25.16361862781417,1
74.03152193251925,25.125694223857394,1
74.03206201341669,25.05706861038342,1
74.03209038379472,25.053456718112795,1
74.03307989441377,24.92703936457703,0
74.03385267010768,24.827709914099888,0
74.03444001627422,24.7518574298985,1
74.03473279094925,24.71393089490978,0
74.03499716712346,24.67961624287278,0
74.03607738469604,24.538743897208114,0
74.03624284338227,24.517070990897395,0
74.03625662285229,24.51526491251452,0
74.03691645566619,24.428572633825194,0
74.03790040905811,24.298532323388553,0
74.03791402623153,24.296726192012766,0
74.03814531381128,24.266021891865233,0
74.03815890694612,24.264215752636822,0
74.03837621564274,24.235317465699758,0
74.03857963253385,24.20822522041028,0
74.03891799476654,24.163071260671483,0
74.03901258717089,24.150428103247755,0
74.03916110077111,24.130560241429468,0
74.03917459403445,24.12875406956756,0
74.03918808596933,24.12694789727147,0
74.03922855380388,24.121529377778398,0
74.03945764581245,24.090824360210636,0
74.03947110986822,24.08901817880254,0
74.03961912693933,24.06915015469914,0
74.03964602189585,24.06553778104568,0
74.03971323609052,24.056506839329504,0
74.0399951740485,24.0185767658973,0
74.04000858510128,24.01677056716317,0
74.04008902362945,24.00593336567378,0
74.04014262285565,23.998708556030635,1
74.04019620092055,23.991483739469174,1
74.04022298201913,23.98787132859457,1
74.04035680819955,23.969809248290733,1
74.04039693028504,23.964390615774494,1
74.04041030167137,23.96258440407187,1
74.0404771387903,23.95355333908075,1
74.04050386439349,23.949940910061713,1
74.04051722521444,23.948134694904585,1
74.04054394289557,23.944522263295273,1
74.04058400951642,23.939103612643986,1
74.04061071399735,23.935491176718543,1
74.04066410712308,23.92826629968954,1
74.04073081884412,23.919235193696387,1
74.04077083004805,23.913816524924673,1
74.04081082938313,23.908397852271907,1
74.04085081685156,23.902979175738768,1
74.04091743626786,23.893948039562314,1
74.04095739210256,23.888529352684802,1
74.0410239588089,23.87949819927169,1
74.04105057627034,23.875885734890996,1
74.04113039704771,23.865048331412797,1
74.04117028966154,23.859629623860865,1
74.04125003935033,23.848792197134724,1
74.04127661205227,23.845179718116427,1
74.04131646123773,23.839760996361946,1
74.04134302078398,23.836148513041223,1
74.04143593776865,23.823504807870084,1
74.04146247364486,23.819892316808133,1
74.0415420497266,23.809054833304707,1
74.0415685645737,23.805442335365047,1
74.04158182002634,23.803636085750615,1
74.04159507416513,23.801829835706464,1
74.04168781635605,23.789186073367766,1
74.04175402138071,23.780154801668722,1
74.04179372864137,23.77473603349651,1
74.04183342408905,23.76931726146054,1
74.04188633298067,23.76209222607013,1
74.04230884883782,23.70429169590172,0
74.0432284312077,23.577851508156304,0
74.04338543164243,23.556175837287846,0
74.0436205805488,23.523662215906313,0
74.04367277857915,23.516436947969403,0
74.03257911233855,25.243091660980497,1
74.03310723376312,25.17627303094744,1
74.03333502721901,25.147378298130064,1
74.03384627712258,25.082364730294156,1
74.03466622282099,24.977619430874846,0
74.03503229244491,24.930664154644276,0
74.0355516491015,24.863842666144365,0
74.03559367743537,24.858424680957626,0
74.0356916959572,24.845782699983552,0
74.03611102132648,24.791602535307238,1
74.03636203032671,24.759094245042725,1
74.03640382246094,24.753676182717665,1
74.03665431928252,24.721167725140692,0
74.03683496093582,24.69768930556606,1
74.03755524424007,24.60377488108694,1
74.03778993043896,24.573071829901227,0
74.03787266794589,24.56223542851661,0
74.03790023634764,24.558623291201275,0
74.03882067163549,24.437615675350653,0
74.0390122407915,24.412330253103537,0
74.0391079269538,24.399687509782545,0
74.0394082281381,24.359953034001325,0
74.04000689099097,24.280483447748313,0
74.04003404158102,24.27687117374599,0
74.0400883267714,24.269646620507537,0
74.04012902667576,24.26422820099989,0
74.04023750115418,24.249779063130852,0
74.04025105447232,24.247972918935865,0
74.04034589043003,24.2353298973707,0
74.04035943310083,24.233523749690217,0
74.04046772657449,24.219074552567623,0
74.04054889082235,24.208237636438994,0
74.04057593493566,24.20462532758066,0
74.04061649113666,24.19920686102935,0
74.04065703537692,24.193788390562048,0
74.04075159210258,24.181145277579894,0
74.040765094893,24.17933911684279,0
74.04083258892574,24.170308306635196,0
74.04088656025365,24.163083650644086,0
74.04090004976712,24.161277485559697,0
74.04091353795334,24.15947132004073,0
74.0409270248124,24.157665154087184,0
74.04096747742744,24.152246653619397,0
74.04103487191702,24.143215810817363,0
74.04104834683535,24.141409640953817,0
74.04112916849512,24.13057261265268,0
74.04114263413081,24.12876643974941,0
74.04115609844074,24.12696026641199,0
74.0411964834168,24.121541743795085,0
74.04123685646397,24.116123217271728,0
74.04129066864128,24.108898509165044,0
74.04130411837325,24.107092331053618,0
74.04139822940796,24.094449072127173,0
74.04143854284386,24.089030526081583,0
74.04147884436416,24.083611976133557,0
74.04158625684768,24.069162490531923,0
74.0415996774535,24.067356302881464,0
74.04163993133346,24.061937737330332,0
74.04168017330886,24.05651916788009,0
74.0417204033819,24.05110059453141,0
74.04173381076167,24.049294402548977,0
74.04180082782975,24.040263436141412,0
74.04184102220896,24.03484485110143,0
74.04188120469463,24.029426262165686,0
74.04196153399418,24.018589072609576,0
74.04202843875522,24.009558069415,0
74.04214878414909,23.993302236418366,1
74.04236246762785,23.964402891310762,1
74.04237581163602,23.96259667856937,1
74.04257581361414,23.935503435637948,1
74.0428021243045,23.90479764295279,1
74.04354493128453,23.803648268946507,1
74.04375640601224,23.77474820011531,1
74.045162039617,23.5814761699385,0
74.04537094491948,23.552575258926318,0
74.04574873769083,23.500192079698717,0
74.03467883720388,25.228657424756655,1
74.0349495043134,25.194345143706396,1
74.03514862596279,25.16906230671354,1
74.03516283864418,25.167256386424263,1
74.03635181453735,25.015557484985,1
74.03670381476735,24.970408394049866,0
74.03709704416107,24.91984108170367,0
74.03729325889829,24.89455729473526,0
74.03772678697608,24.83857145654955,0
74.0380754569983,24.79342127642771,1
74.03840938407902,24.75007684296925,1
74.0388118404835,24.697701979167604,1
74.03984741841671,24.562248023577983,0
74.03990243672378,24.555023743003215,0
74.0399161879436,24.553217671759718,0
74.04001240889407,24.540575160740126,0
74.04005362631233,24.535156935135678,0
74.04009483165473,24.529738705574548,0
74.04019093050472,24.517096154548515,1
74.04027324865064,24.506259665104032,1
74.04028696364968,24.504453581992465,1
74.04032810060517,24.499035330022544,0
74.04035551854165,24.495423159846837,0
74.04043774019596,24.484586638782186,0
74.04053360451775,24.47194401090157,0
74.04054729406494,24.470137919449026,0
74.04056098227339,24.46833182755773,0
74.04067043975678,24.453883076635083,0
74.04071146423415,24.44846478780258,0
74.0407251363844,24.44665869064812,0
74.0407661448096,24.44124039655421,0
74.04080714119831,24.43582209851502,0
74.04086178433045,24.428597694993464,0
74.04091640607373,24.42137328446079,0
74.0409710064336,24.41414886691857,0
74.04101194267383,24.40873054916284,0
74.04106650562554,24.40150611935768,0
74.04112104720855,24.394281682547277,0
74.04114830998844,24.390669461515596,0
74.04121644357639,24.38163890127739,0
74.04123006628977,24.379832787916982,0
74.04131177454758,24.368996098567113,0
74.0413389999603,24.365383865284457,0
74.0413798280755,24.359965512080503,0
74.04144784826282,24.350934914662247,0
74.04147504700471,24.34732267263477,0
74.04152942849267,24.340098183334884,0
74.04154302053267,24.338292059917354,0
74.04159737536729,24.33106756187779,0
74.04169244503782,24.31842467348984,0
74.04177388138909,24.307587894982742,0
74.04180101618894,24.30397563198767,0
74.04184170840608,24.298557234221324,0
74.04186882989671,24.294944966861557,0
74.04188238864606,24.29313883252709,0
74.04242364845392,24.220893101595397,0
74.04284166390676,24.16490218091032,0
74.04288204941705,24.15948368253798,0
74.04289550860484,24.157677515544755,0
74.04316441435515,24.121554084464965,0
74.04370063925327,24.04930670167744,0
74.04427472661219,23.97163999247886,1
74.04443450249775,23.949965419371264,1
74.0444478086056,23.94815920213919,1
74.04474021045255,23.908422313871768,1
74.04484638077739,23.893972484574437,1
74.04503197674967,23.868685216953537,1
74.0453495434217,23.825335419025286,1
74.04560041541805,23.791016653347015,1
74.04575861758586,23.769341563551567,1
74.04594294892868,23.74405388068323,0
74.04627147559577,23.69889709512486,0
74.04628459970439,23.69709081813333,0
74.04645509450398,23.67360917828864,0
74.04649440818612,23.668190328054116,0
74.04663845807923,23.648321177594173,0
74.04679542379871,23.626645681735372,0
74.04680849581916,23.624839387636438,0
74.04704356986441,23.592326020833887,0
74.04706966321115,23.588713415985467,0
74.04720005201735,23.57065036614735,0
74.04744743315602,23.536330453998364,0
74.04746044024402,23.534524138571754,0
74.03701952118793,25.183522582951063,1
74.03718976380826,25.161851540276142,1
74.03750136341326,25.12212112787439,1
74.03768517940429,25.09864396419824,1
74.03822116489543,25.030017975786663,1
74.03829154272871,25.020988192474874,1
74.03854462105714,24.988480880235535,0
74.03867099488807,24.97222716996077,0
74.0398591021974,24.818718129166662,0
74.03987302167464,24.81691212135646,0
74.04001214208552,24.798852018872914,0
74.04003994994784,24.795239993057848,0
74.04008165160711,24.789821951012176,1
74.04020668364042,24.773567800955085,1
74.04023445368203,24.76995576273769,1
74.04026221832345,24.766343722749312,1
74.04034547985326,24.75550759216017,1
74.04037322290067,24.75189554508976,0
74.04042869280582,24.744671445639053,0
74.0404841411293,24.73744733910979,0
74.04051185719962,24.73383528319118,0
74.04059497305315,24.722999104821742,0
74.04065035666446,24.715774977066058,0
74.04069188022403,24.710356876607953,0
74.04077489097024,24.699520663759703,0
74.04078872138061,24.69771462673853,1
74.04084402955654,24.690490474236253,1
74.04092695143336,24.67965423223274,0
74.04098220576782,24.67243006206592,0
74.04106504690796,24.661593793572845,1
74.04112024743497,24.65436960575115,1
74.0412030078895,24.643533310783017,1
74.0412305839541,24.639921208931586,1
74.04134083446293,24.625472783887464,1
74.04136838365612,24.62186067321779,1
74.04147852671314,24.607412212910376,1
74.04149228855364,24.605606153389115,1
74.04156107762338,24.596575849175075,1
74.04161608472491,24.589351597876,1
74.04165732596458,24.583933404778136,1
74.04172603453951,24.574903074143535,1
74.04175350858286,24.57129093880857,0
74.04241127834412,24.484599163110826,0
74.04254792577365,24.466538249130654,0
74.0430115283485,24.405130813613237,0
74.04305236043048,24.399712486164784,0
74.04317478471873,24.38345748018222,0
74.04320197546237,24.379845251816807,0
74.0432699290164,24.37081467324735,0
74.04339216154358,24.354559604269213,0
74.04344645251113,24.3473351178005,0
74.04346002192706,24.345528995090604,0
74.04352784905511,24.336498374985972,0
74.04356852937363,24.331079997679964,0
74.04435266623959,24.226323931112976,0
74.04455473430478,24.199231606345574,0
74.04485056220521,24.159496019643548,0
74.04490428034143,24.152271344913643,0
74.04506530791795,24.13059727902664,0
74.04601416857243,24.00235777816925,0
74.0470621552246,23.85966619474972,1
74.04714141504473,23.84882874939457,1
74.04720742893049,23.839797533099922,1
74.04735254444489,23.81992881940532,1
74.0487689360281,23.624851418851087,0
74.04915968720412,23.570662366494844,0
74.03857857726621,25.237712842187605,1
74.03889079801273,25.19798282073962,1
74.03891914887419,25.19437098984313,1
74.03934375570229,25.140193311303292,1
74.03940027707127,25.13296959037923,1
74.03945677660516,25.12574586229477,1
74.03948501818573,25.12213399556787,1
74.03959792994834,25.10768651076691,1
74.03962614425262,25.104074635094285,1
74.03965435310373,25.100462757633075,1
74.03969665615725,25.095044938088094,1
74.03973894694514,25.089627114519885,1
74.03975304114914,25.08782117243654,1
74.03983757776369,25.076985510551786,1
74.03987982768312,25.071567673577455,1
74.0399502169824,25.062537936352907,1
74.04002057224979,25.05350818796342,1
74.04006276907944,25.04809033357181,1
74.0401611807325,25.03544865770159,1
74.04017523409951,25.033642702220693,1
74.04024548053812,25.024612918123456,1
74.04030165321849,25.017389082815786,1
74.04038587146792,25.006553316474704,1
74.04041393334822,25.002941390793897,0
74.04052612654037,24.988493670240132,0
74.0405401445788,24.986687703165376,0
74.04055416125964,24.984881735645015,0
74.04062422430252,24.975851891360147,0
74.0406802503086,24.96862800791397,1
74.04069425341802,24.96682203593897,1
74.04080622946091,24.95237424410902,1
74.04083420991022,24.948762291699634,0
74.04090413730859,24.93973240288746,0
74.04091811872183,24.937926423790003,0
74.04098800546065,24.92889652162896,1
74.04104389046401,24.921672591893024,1
74.04114163707511,24.909030697733765,1
74.04125326625604,24.89458279202105,0
74.04126721381334,24.892776801807024,0
74.04137874556693,24.878328864100126,0
74.04139268094931,24.876522869887797,0
74.04146233757787,24.867492892164577,0
74.04153196040876,24.858462903340957,0
74.04158763434637,24.851238904291787,0
74.04168501172191,24.838596888870363,0
74.04171282167313,24.834984880471193,0
74.04183789962083,24.818730820720315,0
74.04189345472687,24.811506782635767,0
74.04205999053966,24.789834625834224,1
74.04294490628831,24.674248713240633,0
74.04339904048307,24.614649020136827,1
74.04345398783471,24.607424782287385,1
74.0438654101393,24.553242773846332,0
74.04412535504024,24.51892729705785,0
74.04427562906362,24.499060369570852,0
74.04501099784586,24.401531046468058,0
74.04526881564584,24.367214869733246,0
74.04548555337608,24.338316914240856,0
74.04549908819995,24.336510788307773,0
74.04562084190691,24.32025563525285,0
74.04568843643023,24.311224979382192,0
74.04626838207801,24.233560888698413,0
74.04652385787548,24.199243940845605,0
74.04653729075721,24.19743778134373,0
74.0467654477444,24.166733003277006,0
74.04687268378186,24.152283652485973,0
74.04718051743119,24.110741614147706,0
74.04719388569427,24.10893543335981,0
74.04758099288793,24.056556001911517,0
74.04835189315797,23.951796046970156,1
74.04848436127658,23.93373383888161,1
74.04849760088847,23.931927615699706,1
74.04946056278389,23.800072159918734,1
74.05018149405119,23.70072749577714,0
74.05065124848731,23.635701195828744,0
74.05084648368342,23.60860674068705,0
74.05117122854476,23.563449102048278,0
74.04045064026451,25.252172985605466,1
74.04049319967734,25.24675527581825,1
74.04050738341333,25.244949371657842,1
74.04052156578199,25.24314346704847,1
74.0405357467834,25.241337561990154,1
74.04054992641768,25.239531656482928,1
74.04059245711842,25.234113937267985,1
74.04071997542302,25.21786075538939,1
74.0407341372923,25.216054844048408,1
74.04076245693325,25.212443020020725,1
74.04087568087436,25.197995705970392,1
74.04088982772342,25.19618978969629,1
74.0409888174531,25.183548363225803,1
74.0410170879527,25.179936523057602,1
74.0411018667145,25.169100991799088,1
74.04115835861528,25.161877295333717,1
74.04120071322612,25.156459518281935,1
74.04121482870357,25.154653591702374,1
74.04129949294997,25.14381802282246,1
74.04131359888879,25.14201209310894,1
74.04170801239648,25.09144587948627,1
74.0420452324899,25.04810313175166,1
74.04238167050791,25.004760126904085,1
74.04312187323617,24.909043415339294,1
74.04380283492306,24.820549495555426,0
74.04414901785042,24.775399126194355,1
74.04417667615874,24.77178708468594,1
74.04454953719755,24.7230243510789,0
74.04529232538795,24.62549791755042,1
74.04560751282908,24.583958490535878,1
74.04582635683961,24.55506136047014,0
74.04622214114173,24.502685025317685,1
74.04635835864767,24.484624134436864,0
74.04648084058786,24.468369295120603,0
74.04769974311162,24.30581895073239,0
74.04782104300769,24.28956372156287,0
74.04783451416193,24.28775758280703,0
74.04823803438542,24.233573217409056,0
74.04834543910347,24.21912398708509,0
74.04934825872749,24.083661099740926,0
74.0494414779084,24.071017772370563,0
74.04993314032768,24.004188403809945,0
74.05048907173,23.928327322332603,1
74.05063429189832,23.908458818055525,1
74.05088475486437,23.874140369666176,1
74.05118731733697,23.832596776838827,1
74.05193418033866,23.729639936673703,0
74.05213002218193,23.702545799764863,0
74.05216915555145,23.697126960819872,0
74.05242974677101,23.661001269424805,0
74.05255984822135,23.64293835957617,0
74.05281966319666,23.606812411702236,0
74.05309191282252,23.56887998268501,0
74.053466941398,23.516496795493598,0
74.04263449844585,25.22690318073588,1
74.04270518175822,25.21787362551915,1
74.04271931433081,25.216067713129974,1
74.04326942231708,25.145636780313627,1
74.04360692206585,25.10229432931308,1
74.04363501173135,25.098682446768258,1
74.04411170588565,25.037280170089584,1
74.04420965432539,25.02463846083001,1
74.04462868234484,24.970459459411195,0
74.04464262898838,24.968653485791172,1
74.04476808798908,24.95239970317548,1
74.04532436105751,24.880160233389454,0
74.04567093699725,24.83501020382446,0
74.0471722045701,24.638152840778044,1
74.0472406885948,24.62912256061545,1
74.04780099955072,24.555073847904012,0
74.04781463768337,24.55326777249809,0
74.04831831320563,24.486442673533777,0
74.04882017004587,24.419616973771742,0
74.0490095884302,24.39433141744427,0
74.04922574878125,24.365433533760488,0
74.04945504808653,24.33472940970726,0
74.04946852438347,24.332923280830496,0
74.04967051031346,24.305831295278697,0
74.0496974193216,24.30221902311757,0
74.04980500256005,24.287769917020302,0
74.04984532450275,24.282351495036313,0
74.05019428427134,24.235391673503695,0
74.05048886249872,24.19565620995912,0
74.05068934627498,24.168563727745532,0
74.05119591598451,24.099929002069928,0
74.05170059280537,24.03129365025823,0
74.05179335348002,24.01865022779088,0
74.05224299469947,23.957239017367055,1
74.05258582031794,23.910277166769973,1
74.05273059680546,23.89040860378145,1
74.05449460506038,23.646562914170637,0
74.05452056119356,23.642950326734876,0
74.04450692304721,25.2413633028266,1
74.04567433850914,25.091471446641368,1
74.0458003641827,25.075217927584035,1
74.0458283549977,25.071606029546164,1
74.04634520941335,25.00478559380467,1
74.04677682643769,24.948800434533982,0
74.0471794249142,24.896426833854516,1
74.04719328743467,24.89462084095617,0
74.0472902874277,24.881978878229056,0
74.04749792279684,24.854888884830345,0
74.04784331041925,24.809738673992644,0
74.04788470059398,24.804320630072024,0
74.04803636136336,24.784454434916956,1
74.04898399521446,24.659837989856893,1
74.0495031672015,24.59120774591944,1
74.0497348060378,24.560504536161734,0
74.04996606075157,24.529801199294127,0
74.05003400380077,24.520770781924668,0
74.050142643664,24.50632209129159,1
74.0522843032927,24.21914855156975,0
74.05244458618856,24.19747462911534,0
74.05353480144875,24.04936781839519,0
74.05358775770726,24.04214302135306,0
74.05373327972494,24.022274793786497,0
74.05390505677043,23.998794093737104,1
74.05405023449211,23.97892575202745,1
74.05476064082384,23.88138949895545,1
74.05613115910911,23.691732082773072,0
74.05633874889413,23.662831490083224,0
74.05648127545643,23.64296226910995,0
74.05716581176266,23.547228025796592,0
74.04640793488598,25.252211575674927,1
74.04645023016957,25.2467938564686,1
74.04668967249428,25.216093371339127,1
74.0473776363067,25.127603012923576,1
74.04767148276706,25.08967824464986,1
74.04785308902181,25.066200908382612,1
74.04822954234777,25.01744004584064,1
74.04834089529491,25.00299232042055,0
74.04889636761621,24.93075326570027,0
74.04891022685462,24.9289472802088,1
74.04929774031905,24.878379505981602,0
74.04958768523711,24.84045344682277,0
74.05013832778137,24.76821279320794,1
74.05053620658188,24.71583787645071,0
74.05079627754174,24.681523074283515,1
74.05093296381682,24.663462588073884,0
74.05158720644,24.57677164057412,1
74.05162799498197,24.57135342266634,0
74.0517231218095,24.55871089881797,0
74.05203522396597,24.51717102592466,1
74.05241422890809,24.466600432310027,0
74.05349139509651,24.32211112934208,0
74.05351821620887,24.31849886091615,0
74.05387978655921,24.269733066343804,0
74.05424039967949,24.220966954022394,0
74.0545202157913,24.18303753618118,0
74.05454683482232,24.179425200671023,0
74.05469314591726,24.15955732429363,0
74.05477288524894,24.148720278660075,0
74.05554127445888,24.04396136574559,0
74.05559410507496,24.036736559409626,0
74.05560730947226,24.034930356743843,0
74.05593699629235,23.989775149546983,1
74.0564365639512,23.92113871757567,1
74.05662014267814,23.895851454065635,1
74.05692118479888,23.854307909329844,1
74.05720849732255,23.814570392724523,1
74.05727370832953,23.80553910994066,1
74.0573910067277,23.78928277387266,1
74.05744310576183,23.7820577244577,1
74.05756025305116,23.765801338169105,1
74.05765129532962,23.753157458144116,1
74.05793701678581,23.713419412751296,0
74.0580796436211,23.693550312313477,0
74.05854533367062,23.62852380354866,0
74.05879044304488,23.594204034044616,0
74.05882910216525,23.58878510898875,0
74.05889350837394,23.579753558699228,0
74.05895788251786,23.57072199775026,0
74.05899649161715,23.56530305606565,0
74.05906081447765,23.55627147806809,0
74.05908653465023,23.552658843886537,0
74.05911224969712,23.549046208000984,0
74.05917651489347,23.54001461083341,0
74.05921505864008,23.53459564742277,0
74.05926643237349,23.52737035691489,0
74.05934345456498,23.516532408384144,0
74.0593562871169,23.51472608213964,0
74.05945890146596,23.50027545686872,0
74.04840777291821,25.25041847864635,1
74.04843590972196,25.246806663308778,1
74.04864676289507,25.219717991059586,1
74.04880119480337,25.199852900601815,1
74.0489694791514,25.178181830972076,1
74.05033652324967,25.001199018116484,0
74.05105664566713,24.907288031066294,1
74.0513740050313,24.865750095610796,0
74.05141534753187,24.860332086713452,0
74.05218486695328,24.759195188216918,1
74.0523218408631,24.741134881648286,0
74.05237659312589,24.733910746638248,0
74.05270465944817,24.69056578808967,1
74.05365714922863,24.564141540969338,0
74.05380623571371,24.544274677413647,0
74.05381978109163,24.54246859627079,0
74.05386040928902,24.537050350205174,0
74.05463008605405,24.43410292424069,0
74.05487225162457,24.401592914869383,0
74.05500660373603,24.38353173727498,0
74.05519447570587,24.358246015167822,0
74.05582330591683,24.273357607694777,0
74.05583665380087,24.27155146089517,0
74.05589003223362,24.264326869338312,0
74.05598339405543,24.25168381733769,0
74.05628970269143,24.210142210528648,0
74.05635619995562,24.20111139597721,0
74.05671472070958,24.15234480959697,0
74.05675449759225,24.14692628044933,0
74.05678100898983,24.143313925513336,0
74.05680751516881,24.13970156884087,0
74.05717805408332,24.089128393206128,0
74.05731014189452,24.071066462394707,0
74.05732334351647,24.06926026693093,0
74.05738933210775,24.060229283115873,0
74.057863490483,23.995205880293053,1
74.05820489175194,23.94824418547554,1
74.05934091049735,23.791101011436073,1
74.05962663194771,23.751363141722837,0
74.05975629930876,23.733300405057975,0
74.05988583801391,23.715237625544745,0
74.0599246745493,23.709818783339088,0
74.05993761748991,23.708012501747522,0
74.05998937639853,23.700787371100162,0
74.06001524814165,23.697174803208178,0
74.06004111474482,23.693562233604265,0
74.06006697620863,23.689949662288626,0
74.06014452977034,23.679111938073316,0
74.0602349504954,23.666467907027343,0
74.06026077343417,23.662855322880112,0
74.06027368297823,23.661049030165216,0
74.06037691313412,23.646598673058865,0
74.06040270784351,23.64298607950896,0
74.06048006119069,23.632148288606533,0
74.06050583538149,23.62853568822215,0
74.06053160444421,23.624923086129645,0
74.06055736837946,23.621310482329225,0
74.06057024842447,23.6195041797886,0
74.06060888087006,23.61408526960543,0
74.06066037285828,23.606860050052372,0
74.06084043343269,23.58157172785946,0
74.06090467996964,23.572540163962678,0
74.06113570269272,23.540026445722987,0
74.0611741662039,23.534607479266462,0
74.06121261821322,23.529188508978443,0
74.05091208194247,25.183612348198427,1
74.0512055825589,25.145687827547096,1
74.05135908360796,25.12582252366813,1
74.0514845541002,25.10956905296774,1
74.05241518785341,24.98856985632379,0
74.05262271312982,24.961480209739896,1
74.0529817097676,24.914524585144683,1
74.05423108827058,24.750177535729478,0
74.05502164596102,24.64542695464626,1
74.05532034597502,24.605693587386355,1
74.05571310872824,24.553317459494828,0
74.05632037022839,24.4720434258035,0
74.05689815083954,24.394380741620548,0
74.05691155868104,24.392574623053502,0
74.05693837042456,24.388962384607012,0
74.05703217017152,24.376319536266575,0
74.05719282013615,24.35464603212594,0
74.05729981518806,24.34019699440576,0
74.05766030438404,24.291431285800098,0
74.05796663527417,24.249889875836804,0
74.05812618561443,24.22821600524245,0
74.05815275905373,24.224603687382096,0
74.05819260942107,24.219185207327623,0
74.05866989811405,24.154163141405174,0
74.05880217859004,24.13610135650232,0
74.05943531445834,24.04940418528377,0
74.05976388796734,24.00424901349635,0
74.06001306214571,23.96993090226164,1
74.0600654603146,23.96270601687375,1
74.06017019454983,23.94825622538178,1
74.06019636517429,23.94464377319408,1
74.06024869090652,23.937418863642396,1
74.06031406898452,23.928387716999342,1
74.06035328032189,23.922969023839528,1
74.0604316681105,23.912131625881575,1
74.06045778703904,23.90851915644792,1
74.06053611283066,23.89768173780675,1
74.06056221109863,23.894069261480293,1
74.06065351437763,23.881425580772667,1
74.06066655254124,23.879619338949375,1
74.06077081140747,23.8651693888679,1
74.0607968632262,23.861556897044256,1
74.06080988720134,23.859750650487076,1
74.06088800397784,23.8489131621106,1
74.0609530658458,23.83988190997015,1
74.06096607435352,23.838075658252166,1
74.06107009603822,23.82362562903387,1
74.06110908291902,23.818206860986187,1
74.06121299128718,23.80375679395712,1
74.06129086850964,23.792919225648525,1
74.06131681729123,23.789306699444477,1
74.06135573081649,23.783887906919233,1
74.06140759751217,23.776662844210843,1
74.06144648403318,23.771244042674365,1
74.0614594436357,23.76943777463755,1
74.06157602222281,23.753181343006112,1
74.06210578645332,23.679123826397678,0
74.06253061705056,23.619516034622848,0
74.06255631956778,23.615903426232176,0
74.06287716963745,23.570745677359568,0
74.06291561799361,23.565326729586783,0
74.06299248023896,23.554488822536555,0
74.0523652417402,25.25224992549059,1
74.05240727289221,25.246832196923787,1
74.0527710340092,25.199878380213043,1
74.05278500661112,25.198072458132458,1
74.05320355819418,25.14389458742285,1
74.05337063963194,25.122223326343775,1
74.05441051824337,24.986776487324445,0
74.054424332367,24.98497051252374,0
74.05549771864744,24.84410310778827,0
74.0558400367667,24.798952727028315,0
74.0558947305404,24.79172864040883,0
74.05623608514365,24.74657793858213,0
74.05694344815606,24.652663593930217,1
74.05815928720887,24.490116720190635,0
74.05842802517996,24.453994709428454,0
74.05846829055336,24.448576392688768,0
74.05860242313392,24.430515308410193,0
74.05861582917379,24.428709197573145,0
74.05892380612607,24.38716852749977,0
74.05941779343392,24.320341746803656,0
74.05953768177012,24.304086493534772,0
74.05976384884549,24.273382029852034,0
74.05979043193331,24.269769731723816,0
74.06000290878862,24.240871283961475,0
74.06005597584651,24.233646654601248,0
74.06008250155563,24.230034337309267,0
74.06012228034635,24.224615858107015,0
74.0601620474115,24.219197374988216,0
74.06021505192896,24.211972724738544,0
74.06025479164288,24.206554232483718,0
74.06029451963846,24.20113573631455,0
74.06030775969998,24.199329570055085,0
74.06042686168627,24.183074054155636,0
74.06045331448145,24.17946171250779,0
74.06054585829291,24.166818503053058,0
74.06059871186348,24.159593802379057,0
74.06061192200609,24.157787626124776,0
74.06067795322292,24.148756738339955,0
74.06069115556761,24.14695055948047,0
74.06070435661293,24.14514438018687,0
74.06071755635897,24.143338200459194,0
74.06075714780215,24.13791965867185,0
74.06078353560262,24.13430729531029,0
74.06080991820788,24.130694930212965,0
74.0608231075625,24.128888747013452,0
74.06084948237613,24.12527637931285,0
74.06090221642319,24.11805163870601,0
74.06096810477578,24.10902070318896,0
74.06100762221453,24.103602136675374,0
74.06111294496979,24.089152606899297,0
74.06112610447776,24.08734641372706,0
74.06123133386654,24.072896852752482,0
74.06125762825138,24.069284458177314,0
74.0613233415364,24.06025346416139,0
74.06140215472732,24.049416257055878,0
74.06142841542983,24.045803851224864,0
74.06145467095284,24.04219144366291,0
74.06150716646295,24.034966623347028,0
74.06154652450412,24.029548003567896,0
74.06159898377454,24.022323171140705,0
74.06162520564644,24.01871075233255,0
74.06171694145144,24.006067272885932,0
74.06176933346113,23.998842417979205,1
74.06183479438589,23.989811339623976,1
74.0618740554313,23.98439268742707,1
74.06196561931539,23.97174915051928,1
74.06220077875791,23.93923710135487,1
74.06303351899251,23.823637573672997,1
74.06337031495936,23.77667476246006,1
74.06379653787069,23.71706769985595,0
74.0640799116089,23.677329399000897,0
74.06441400995512,23.630365685701157,0
74.06445250419969,23.624946777122123,0
74.0644653330614,23.62314047340856,0
74.06455509935742,23.61049633546181,0
74.06458073538631,23.606883720778978,0
74.06483681511388,23.570757480115503,0
74.06495188467167,23.554500616189515,0
74.06496466380956,23.552694295845455,0
74.06521997925086,23.51656779955458,0
74.06523273166303,23.51476147027149,0
74.06533470518193,23.500310820694835,0
74.05449077659291,25.234203534086557,1
74.0554237196461,25.11320626543704,1
74.05546535219523,25.107788430297816,1
74.0558533409934,25.057221775106232,1
74.05588101430043,25.053609857769132,1
74.0559916540007,25.03916217057301,1
74.05607457759089,25.028326386441123,1
74.0563782190481,24.98859504065706,0
74.05725786823317,24.873011719055356,0
74.05917665710643,24.618360807774902,1
74.05977005284677,24.538893479334742,0
74.0597969648671,24.535281307814337,0
74.05987766939043,24.524444782709658,0
74.05993144613119,24.517220423855584,1
74.06001207184329,24.506383872401923,1
74.06002550486649,24.504577778956495,1
74.06005236697465,24.500965590748873,1
74.06006579605975,24.49915949598672,0
74.06010607544023,24.493741209067235,0
74.06017318149652,24.484710722092693,0
74.06020001473536,24.481098524232067,0
74.06025366547324,24.473874123247626,0
74.06029388975692,24.468455817904776,0
74.06038770053317,24.455813090093695,0
74.06044127785704,24.448588664559086,0
74.06049483421734,24.441364232013644,0
74.06057512946255,24.430527570053595,0
74.06058850742002,24.428721458194016,0
74.06060188406819,24.42691534589652,0
74.06072221499575,24.410660315517216,0
74.06073557855521,24.408854198841976,0
74.06074894080625,24.407048081729105,0
74.06084243993473,24.394405249687054,0
74.06089583923554,24.38718076461012,0
74.06090918579196,24.385374642247456,0
74.06094921761739,24.379956272535626,0
74.06097589896534,24.37634402387478,0
74.0610025750855,24.37273177346513,0
74.0611092273014,24.358282754342376,0
74.06122911112755,24.342027574402703,0
74.06125573761638,24.338415307389145,0
74.0612956675606,24.332996903593717,0
74.06137549221661,24.32216008421493,0
74.06140208999844,24.318547807596666,0
74.0614286825629,24.31493552923272,0
74.06150842895883,24.304098683668798,0
74.06161468448349,24.289649531822654,0
74.06172085661402,24.275200352070765,0
74.06173412226875,24.273394202640286,0
74.0617606496714,24.269781902471923,0
74.06178717186548,24.266169600560538,0
74.06184020063054,24.258944991509438,0
74.0619064573003,24.24991422039454,0
74.06202563733397,24.233658804954043,0
74.06217115876832,24.213791027093663,0
74.06250130463671,24.168636790805028,0
74.06255405268134,24.161412087794716,0
74.06264631181676,24.148768840807694,0
74.06277800036658,24.13070702250033,0
74.06279116209265,24.128900838282927,0
74.06285695128693,24.119869910688827,0
74.06293585557133,24.109032783263533,0
74.06347378805225,24.03497866172464,0
74.06394432855225,23.969954931037858,1
74.06412686523389,23.944667773513505,1
74.06423105857682,23.930217931253594,1
74.06424407695202,23.928411699030818,1
74.06443919818483,23.901318163971723,1
74.06482857299507,23.84713080320076,1
74.06488040231578,23.839905792511683,1
74.06503576711755,23.818230719182836,1
74.06513924106869,23.803780635928202,1
74.06550075425496,23.75320512821512,1
74.06562962293819,23.735142365411868,0
74.06587412125016,23.700822998074635,0
74.06589983108609,23.697210424101797,0
74.06660485210612,23.597863969806937,0
74.06701327374913,23.540061802412684,0
74.0565041340438,25.23060439523112,1
74.05660166411562,25.217962970126305,1
74.0567269632014,25.20170967699582,1
74.05726867002076,25.131278320844082,1
74.05764250423539,25.08251775263166,1
74.0581118722404,25.02111509256509,1
74.05813943406552,25.017503155327365,1
74.05835973664976,24.98860759325564,0
74.05868955104387,24.94526403640855,0
74.0596198674398,24.822455901829432,0
74.0596471368289,24.818843866813577,0
74.06000115700905,24.771887250387138,1
74.06002835228661,24.768275190574876,1
74.06006913528695,24.76285709753831,1
74.06016424935821,24.750214864971507,0
74.06017783179671,24.748408829978718,0
74.06024572417239,24.739378648382743,0
74.06028644374732,24.733960534120392,1
74.06035428329527,24.72493033484397,1
74.06042208983952,24.715900124521184,0
74.06048986339053,24.70686990315504,0
74.06054405848319,24.699645718112944,0
74.06055760395871,24.697839670748564,0
74.0606929861884,24.67977917282665,0
74.06070651716067,24.677973120607174,0
74.06076062787078,24.67074890731725,0
74.0608147174986,24.663524686969218,0
74.06082823661208,24.661718630779564,1
74.06090932363406,24.650882284381275,1
74.06093634210669,24.647270165388008,1
74.06094984936811,24.645464105230122,1
74.06096335531306,24.64365804463146,1
74.06105786007333,24.63101560810061,1
74.0610983423746,24.62559741440649,0
74.0611523003588,24.618373149980396,0
74.06123319787982,24.607536740128836,1
74.06134098761922,24.593088169005036,1
74.06136792191171,24.589476021822687,1
74.06144869325816,24.578639569715406,1
74.06150251455321,24.571415259512268,0
74.06155631483905,24.56419094227233,0
74.06156976162845,24.562384861863023,0
74.0616369758871,24.553354453221797,0
74.06165041480176,24.55154837017478,0
74.06166385240427,24.549742286688232,0
74.06203957286957,24.499171770712625,0
74.06290782535825,24.38177460459959,0
74.06304091293423,24.363713337985622,0
74.06333324683773,24.323978397644535,0
74.0634659175382,24.30591699127591,0
74.06359845813577,24.287855541285342,0
74.06374410262113,24.26798789594158,0
74.06391602523547,24.244507883476963,0
74.06398209088584,24.235477089856797,0
74.06478548223423,24.12530053242863,0
74.06506094541926,24.087370524151616,0
74.06510025079933,24.081951935938463,0
74.06563626071555,24.00789750658748,0
74.06575363148758,23.991641558947375,1
74.06708946526727,23.805598782375252,1
74.06747598775179,23.751410708087878,0
74.06772019093265,23.717091394804868,0
74.0680920347966,23.66470898712272,0
74.06850110301731,23.60690729253926,0
74.06861591895641,23.59065048719061,0
74.0690106092124,23.534654560072713,0
74.06904874037366,23.52923557766556,0
74.05860077947287,25.21616970632969,1
74.05869802931373,25.20352824890187,1
74.05940458404942,25.111425539626364,1
74.05943222122274,25.1078136449659,1
74.05947366696802,25.102395799623558,1
74.05957032698383,25.08975414485369,1
74.05961173268625,25.084336286109117,1
74.05966692161098,25.077112468197587,1
74.05970829929868,25.0716946000757,1
74.05980480056444,25.059052892167692,1
74.05984613825295,25.053635010655697,1
74.05990123651286,25.04641116239326,1
74.05998384393217,25.035575376617455,1
74.06006640340325,25.02473957478765,1
74.06012141642184,25.017515697984763,1
74.06014891494453,25.01390375690898,1
74.06023137857441,25.0030679229866,0
74.06034125558392,24.988620119475428,0
74.0603687115378,24.985008164143903,0
74.06046476550132,24.972366306458582,0
74.06047848217978,24.970560325008623,0
74.0604921975294,24.968754343113574,1
74.06061557589274,24.952500486033166,1
74.06064297869688,24.948888512899128,1
74.06065667810716,24.947082525664904,1
74.06076622559864,24.93263461178114,1
74.06079359919936,24.929022628863873,1
74.06086200998226,24.91999266379171,1
74.06094405914972,24.90915669103959,1
74.06098506583206,24.903738698665503,1
74.06099873207467,24.901932700319037,1
74.06105338378988,24.894708702491627,1
74.06109435866068,24.889290699458112,1
74.06113532160634,24.8838726924285,1
74.06116262361283,24.88026068552235,1
74.06117627262915,24.878454681403426,0
74.06124449784478,24.869424654151285,0
74.06132632440959,24.858588606805302,1
74.06138084898008,24.851364566368908,1
74.0614762160368,24.838722478531086,1
74.06151706779103,24.833304434235725,1
74.06157151828346,24.826080368969592,1
74.06162594762286,24.818856296612708,1
74.06166675574894,24.813438237692658,1
74.06173474286405,24.804408130632808,1
74.06182986934317,24.79176596214855,1
74.06184345355764,24.789959936308307,1
74.06246690144549,24.706882269497278,0
74.06320867227313,24.60754905027089,1
74.06332967474101,24.59129439658777,1
74.0634102840442,24.5804579409962,1
74.06456050751126,24.425133673192164,0
74.06466701406549,24.41068473924206,0
74.06468032152037,24.408878620528792,0
74.06489306365602,24.379980661621797,0
74.06494619711201,24.372756154403383,0
74.06510547257635,24.351082590793162,0
74.06542346190686,24.307735274916023,0
74.06543669522488,24.305929131299425,0
74.06555573667347,24.2896738191244,0
74.06559539379728,24.284255373884356,0
74.06696297089293,24.09641351815854,0
74.06701529101868,24.08918873762091,0
74.06731573177308,24.047646115056388,0
74.06751130459209,24.02055297700953,0
74.06761549180092,24.006103263607343,0
74.06766755456302,23.998878396534938,1
74.06791457206796,23.964560183574722,1
74.06830365678884,23.910373214420694,1
74.06851069716814,23.8814733389649,1
74.06852362631236,23.879667093089516,1
74.06993803837345,23.680977424925803,0
74.07004030359708,23.666527065002036,0
74.07015525479969,23.650270377390655,0
74.07046128873975,23.60691904130687,0
74.07048675859248,23.603306418870314,0
74.07058858730662,23.58885591206438,0
74.07072846939944,23.56898642065602,0
74.07075388604476,23.56537378031466,0
74.07079200151824,23.55995481660756,0
74.07109651538366,23.51660296900315,0
74.0603083364426,25.25230068484669,1
74.06035001541548,25.24688294389047,1
74.06044721948653,25.234241532622974,1
74.0604749800302,25.2306296967952,1
74.06057209977932,25.21798825727227,1
74.06058596867749,25.21618233554699,1
74.0606691539786,25.205346795782145,1
74.06072458410188,25.19812309364237,1
74.06080768918444,25.187287526991675,1
74.06084922368471,25.18186973761924,1
74.06086306584595,25.18006380693273,1
74.06095992357318,25.16742227958967,1
74.06098758519019,25.163810410605322,1
74.06100141399591,25.16200447544173,1
74.06108435879649,25.15116885506193,1
74.06113962863776,25.143945099193047,1
74.0611948771315,25.136721336166726,1
74.06125010428318,25.129497565984472,1
74.06127770985748,25.125885678210356,1
74.06129151064454,25.12407973365263,1
74.06164986337835,25.077125018296282,1
74.06219941881373,25.004886405487603,1
74.06230907481927,24.990438597339093,0
74.06245971316828,24.97057281460145,0
74.06247339960578,24.968766831681748,1
74.06259651788599,24.9525129653808,1
74.06262386292467,24.94890099019808,1
74.06330576813541,24.85860103292471,1
74.06369975951515,24.806226549399,1
74.06399790981972,24.76649393409963,1
74.06430893112876,24.724955061919722,1
74.06531830520436,24.589500595786536,1
74.06545233159258,24.571439813085405,0
74.06578682568897,24.526287663997717,0
74.06715634956247,24.340257919130472,0
74.06716957831814,24.338451782354802,0
74.067275361678,24.32400267243382,0
74.06742067833613,24.30413510069034,0
74.06856448708899,24.146998813014022,0
74.06859066666595,24.14338644587339,0
74.06865609306412,24.13435552042805,0
74.06932160491384,24.042239461914782,0
74.0693736605594,24.035014625386253,0
74.06938667126171,24.03320841517287,0
74.06942569566816,24.02778978193814,0
74.06973747533172,23.984440576026994,1
74.06997082567497,23.951928508361856,1
74.070384647091,23.89412893198227,1
74.07039755791976,23.892322688112262,1
74.07043628274246,23.88690395391925,1
74.07059106711665,23.86522897841427,1
74.07081003044229,23.83452265709575,1
74.07161827324069,23.720727560869648,0
74.07203962573834,23.661119927124172,0
74.07206511786765,23.657507328295548,0
74.07280218717082,23.552741219630686,0
74.07316912792076,23.50035762782848,0
74.06270948182365,25.198135685944436,1
74.06283385810939,25.181882320686857,1
74.06284767102952,25.180076388974438,1
74.06295812640549,25.165628919156845,1
74.06298572692344,25.162017047226026,1
74.06367400971502,25.07171966763655,1
74.06368774147168,25.06991370865265,1
74.06412645701903,25.012122785631103,1
74.06588129614413,24.779148508124976,1
74.0659623828779,24.768312315610892,1
74.06608392430154,24.752057996983034,1
74.0664882945768,24.697876676342823,0
74.06675721933529,24.661755575172265,1
74.06685121927434,24.649113148085302,1
74.06686464260305,24.64730708530966,1
74.0668914853358,24.64369495843621,1
74.06695856927757,24.634664633541053,1
74.06741387362185,24.57325813231612,1
74.06753414273435,24.557003385098504,0
74.06756085485621,24.553391214214784,0
74.06766765119151,24.538942513102928,0
74.06769433724057,24.535330333431684,0
74.06784101735285,24.51546331384008,1
74.06813390497068,24.475729115345423,0
74.06824025345945,24.461280263267724,0
74.0691012548361,24.34388230152313,0
74.06916725888735,24.33485161258214,0
74.06928598465734,24.318596344989192,0
74.06929916994156,24.31679020196366,0
74.06939143072316,24.304147188570454,0
74.06948362816057,24.291504153807775,0
74.06969412744469,24.2626057084365,0
74.06999614128695,24.22106399789765,0
74.07000925684802,24.21925783134791,0
74.07015344296617,24.19938997059884,0
74.07021893058122,24.190359107414274,0
74.0710673437389,24.072956898496415,0
74.07115838773201,24.060313474462543,0
74.07132730280097,24.036832773571646,0
74.07136625245313,24.031414139907852,0
74.07144411718122,24.020576860906214,0
74.07145709015471,24.018770646226265,0
74.07215573180297,23.921234412306244,1
74.07259370778822,23.859822064615944,1
74.07323511723699,23.769508885795226,1
74.07342692083394,23.742414722969976,0
74.07347802025886,23.735189596599824,0
74.07349079194526,23.73338331393642,0
74.07356739544312,23.722545608962704,0
74.07378419098318,23.691838694519515,0
74.07412776146117,23.64306863521178,0
74.07414046858949,23.64126233073726,0
74.07462240366023,23.57262244451491,0
74.07490058621846,23.532883281727546,0
74.07500159235977,23.518432626002333,0
74.07514034428428,23.498562929938085,0
74.06432139472325,25.246908157241005,1
74.06452872915901,25.21981936112964,1
74.06480470885796,25.18370080943206,1
74.0648322775462,25.18008894440754,1
74.06491495168652,25.169253338588604,1
74.06542371841225,25.102433413490377,1
74.06550604987659,25.091597692300365,1
74.06677609416658,24.923641961134727,1
74.06697987047178,24.89655196662646,1
74.06725111132035,24.86043181855565,0
74.0672646595466,24.858625806493336,1
74.06816939884303,24.737621989186923,0
74.06833082021744,24.71594945402557,0
74.06884074538871,24.647319340007655,1
74.06886753129658,24.64370721110384,1
74.06978845224005,24.519087685861383,0
74.07014712677034,24.470322954446967,0
74.07037247353362,24.43961907070254,0
74.07088803086359,24.369180271163856,0
74.0709671727133,24.35834347374698,0
74.071072622807,24.343894386063635,0
74.07157238244476,24.27526083817409,0
74.07158550886487,24.273454683675123,0
74.07193943536636,24.22468834760084,0
74.07240987878063,24.159666072956096,0
74.07306051347123,24.06935642505986,0
74.07335873058112,24.027813623431552,0
74.07489090498001,23.812871134251164,1
74.07578378446986,23.68643153297088,0
74.0759996915708,23.65572445611019,0
74.07634185350275,23.606954139158763,0
74.07678403018134,23.543732895230352,0
74.07682185934186,23.538313907188602,0
74.0769730628915,23.51663791672813,0
74.06654154430608,25.216220063286983,1
74.06799480998518,25.024789497637475,1
74.068158394072,25.003117796774816,0
74.06817201750277,25.001311818807256,0
74.06819926040725,24.99769986153605,0
74.06851217479722,24.956162224933205,1
74.06867515785414,24.934490321109585,1
74.068715874004,24.929072335150966,1
74.06881083230842,24.916430352360543,1
74.06885150899636,24.911012353071776,1
74.06937922990082,24.840577998767216,1
74.06975687589146,24.79000932854461,1
74.06977034425323,24.788203298187582,1
74.07032142084432,24.71415567278687,0
74.07054927194532,24.68345278105267,0
74.07057605316645,24.67984066775848,0
74.07194824857021,24.49381445220832,0
74.07241139483561,24.43060059993187,0
74.07253023345348,24.41434552262733,0
74.07288612154129,24.3655800781377,0
74.07289928451175,24.36377394444463,0
74.07320167697691,24.322232748979438,0
74.07337229298611,24.298752840733542,0
74.0735819833492,24.26985439098093,0
74.07394814966447,24.219281835650364,0
74.07423514575436,24.179546017237843,0
74.07436539339149,24.16148421208187,0
74.07437841110863,24.159678029178217,0
74.07444348048284,24.150647108149055,0
74.07517007271916,24.049500052116755,0
74.07657287021021,23.852620646215225,1
74.07702011078271,23.78940140349835,1
74.07827678416558,23.61057841769288,0
74.078390415088,23.594321574956844,0
74.07841565258059,23.59070893854765,0
74.07842826944231,23.588902619703646,0
74.078453499397,23.58528998073696,0
74.07852915911653,23.574452053609228,0
74.0785543689769,23.570839407824764,0
74.07860477363205,23.563614111144215,0
74.07862996842807,23.560001460248536,0
74.07868034296003,23.552776153347356,0
74.0787306974159,23.54555083963444,0
74.07874328289356,23.54374451014207,0
74.07879361226121,23.536519187916742,0
74.07880619146776,23.534712856296583,0
74.07889421080603,23.522068523043348,0
74.07893191457613,23.51664951669759,0
74.07895704415655,23.513036843674218,0
74.07903240282626,23.502198814400604,0
74.0790449582199,23.500392474700583,0
74.06825145257531,25.252351017076997,1
74.06841668804064,25.230679979891157,1
74.06924000189575,25.122323826325445,1
74.06934941711033,25.107876217504366,1
74.06952703650296,25.08439879219424,1
74.07110209238002,24.87490458603725,0
74.07111559360251,24.873098575492815,0
74.07126402058846,24.853232430228328,1
74.07157385608473,24.811693953166113,1
74.07207083624186,24.74487069429357,0
74.07295291044572,24.625670947347594,0
74.07299287010656,24.620252731402477,0
74.07308606386395,24.607610212121727,1
74.07311267896729,24.603998059794403,1
74.07392194864309,24.49382656913806,0
74.07398806862699,24.4847960466425,0
74.07463433593757,24.396296346566725,0
74.07464749281829,24.394490219297058,0
74.07467380271413,24.390877963445995,0
74.07581330400801,24.233743143980927,0
74.07622998831853,24.17594559954181,0
74.07646379758614,24.143434285314033,0
74.07648975083642,24.139821908386992,0
74.0765027255456,24.13801571927277,0
74.07712401105326,24.05131813212982,0
74.07713692327245,24.04951192178982,0
74.07714983421832,24.04770571101726,0
74.07718855941671,24.04228707610446,0
74.07721436985041,24.03867465066691,0
74.07749794872352,23.998937856740014,1
74.07793499715831,23.93752603689808,1
74.07814015943164,23.90862618450195,1
74.07886841576827,23.8056695651206,1
74.07888115553189,23.80386329617959,1
74.07897029852505,23.791219401576583,1
74.07925005970233,23.751481310294604,0
74.07928816166695,23.74606246359191,0
74.0793770221455,23.733418472959823,0
74.07942777184616,23.7261933260345,0
74.07950385861619,23.715355592803597,0
74.07951653533773,23.71354930243376,0
74.0795292108004,23.711743011635974,0
74.0795799000638,23.704517844165963,0
74.07963056919128,23.69729266985093,0
74.07965589620558,23.693680080127027,0
74.07971919172704,23.684648598333574,0
74.0797445011315,23.68103600262324,0
74.07975715394747,23.67922970412683,0
74.07982039916742,23.670198205233316,0
74.0798836129614,23.66116669565633,0
74.07992152615728,23.655747784783376,0
74.07997205949549,23.648522564306287,0
74.08000994630959,23.643103644464475,0
74.08009830492315,23.630459483224392,0
74.08013615406848,23.62504055057633,0
74.08014876793992,23.62323423884018,0
74.08021181847272,23.614202673759653,0
74.08026223631441,23.606977414016967,0
74.08068997813908,23.545562430872465,0
74.08075275922816,23.5365307741838,0
74.08076531169148,23.53472444156952,0
74.08084060019607,23.523886436950157,0
74.08089076751398,23.51666109203083,0
74.08092837987115,23.5112420788766,0
74.08097851217626,23.504016722052615,0
74.08100357082826,23.500404041090352,0
74.07037465104214,25.23430433004312,1
74.0703883853672,25.232498407241415,1
74.07118271310424,25.12775411837949,1
74.07142832538625,25.095246964161237,1
74.07187750596265,25.035650139085714,1
74.07201333841341,25.017590399243645,1
74.07252830388282,24.94896298172091,1
74.0730413762404,24.880334922157207,1
74.07424902273574,24.71779222765792,1
74.07482228724398,24.640131676572587,1
74.07492867635341,24.625683112028174,0
74.07494196915835,24.623877039478387,0
74.07656712529133,24.40172676560414,0
74.07675086619894,24.37644094834121,0
74.07685574790908,24.3619918714469,0
74.07688195549143,24.358379597855006,0
74.07710451260834,24.327675201811115,0
74.07737892429743,24.28974606791409,0
74.07765277099735,24.25181674182709,0
74.07766579723628,24.250010578652002,0
74.07796504777852,24.208468705541133,0
74.07803001278093,24.19943783312106,0
74.07860032911991,24.119965687692613,0
74.0787166807394,24.10370991812475,0
74.07883292924738,24.087454113461593,0
74.07900066183885,24.06397344480401,0
74.079116658538,24.04771755442806,0
74.0793226208199,24.01881810726918,0
74.07933548267023,24.01701188814772,0
74.07941262712153,24.006174564345944,0
74.07946403137987,23.998949673172266,1
74.07996416008577,23.92850662237083,1
74.08000255174647,23.92308789899136,1
74.08009208801145,23.910444196029026,1
74.08010487384739,23.90863795102598,1
74.08014322376835,23.903219213433317,1
74.0801943392965,23.89599422394915,1
74.08020711501837,23.894187975501968,1
74.08025820526755,23.88696297740945,1
74.08030927529916,23.879737972432036,1
74.08032203964865,23.877931720112105,1
74.08038584244947,23.868900452060235,1
74.0804496136797,23.85986917325693,1
74.080487861268,23.854450400815555,1
74.08058979930549,23.840000322059964,1
74.08060253588224,23.83819406028179,1
74.08071710831432,23.821937684947653,1
74.08072983227946,23.820131418874254,1
74.08074255498387,23.81832515237147,1
74.08083157862062,23.805681274831294,1
74.08084429124192,23.80387500489433,1
74.08093324431422,23.791231103320438,1
74.08094594685736,23.78942482995088,1
74.08100944068322,23.780393456669174,1
74.08108559172682,23.769555794579773,1
74.08111096533857,23.76594323712021,1
74.08112365025677,23.764136957747464,1
74.08213437321304,23.619633221355766,0
74.08233555484343,23.590732146030103,0
74.08234811805849,23.588925825198405,0
74.08288715392555,23.511253626598524,0
74.08292467491958,23.50583460664332,0
74.08296218468652,23.500415582862882,0
74.07226416931788,25.24695826367367,1
74.0726613462422,25.19458638199175,1
74.07313921983759,25.13137843706908,1
74.07383266335425,25.039274451618564,1
74.07398178168668,25.019408734007182,1
74.07409013170349,25.004960905518825,1
74.07436063981085,24.96884120963025,1
74.07440117084525,24.963423239894617,1
74.07454968387083,24.943557316620087,1
74.07487316309545,24.900213297363372,1
74.07492700313433,24.89298926928361,1
74.07531671900271,24.84061485341473,1
74.07533013792099,24.83880883242361,1
74.07558484986588,24.80449434942323,1
74.07563841354217,24.797270227369946,1
74.0759727150311,24.752119304159663,1
74.07689117783985,24.62750132387871,1
74.07735470889493,24.56428850300738,0
74.07777712504472,24.506493452778784,1
74.07780348223247,24.502881247215377,1
74.07782983426864,24.49926903989735,0
74.07805361867203,24.46856520687905,0
74.07834267022591,24.428830646770695,0
74.0787096549225,24.37825908212527,0
74.07906258086679,24.329493320328968,0
74.07918001538202,24.313237995690024,0
74.0795967214028,24.255440999907048,0
74.07964871766463,24.248216344075235,0
74.07973966197723,24.235573179614768,0
74.08001211987025,24.197643558364508,0
74.08014166415205,24.17958176659395,0
74.08016755772297,24.175969403027683,0
74.08023226936682,24.166938486513345,0
74.080284015767,24.159713745487768,0
74.08033574180388,24.15248899751801,0
74.08040037072175,24.14345805279296,0
74.0804391328079,24.13803948075226,0
74.08045205095964,24.136233289204558,0
74.08046496783972,24.13442709722316,0
74.08050371085062,24.129008518677086,0
74.08054244241923,24.12358993622868,0
74.08058116254769,24.118171349878594,0
74.08060696961205,24.114558956811276,0
74.08064567067827,24.109140363959895,0
74.08065856849257,24.107334165476086,0
74.08073592870228,24.09649696547487,0
74.08077459166174,24.09107835962641,0
74.08078747677537,24.089272156810747,0
74.08085188330053,24.080241136237124,0
74.08092912924657,24.06940389726245,0
74.08095486774423,24.0657914808084,0
74.08100632951681,24.05856664270772,0
74.08103205279298,24.054954221061497,0
74.08107062819633,24.049535585347847,0
74.08114774477161,24.038698302243525,0
74.08116059309766,24.036892086879394,0
74.08118628594777,24.033279654854166,0
74.08121197372903,24.029667221099796,0
74.0812890066662,24.0188299094638,0
74.08130184105556,24.017023689345347,0
74.08137882079802,24.006186359562186,0
74.08139164632354,24.004380136419808,0
74.08143011530464,23.998961464401447,1
74.08146857289425,23.993542788496736,1
74.08153264356828,23.98451165335439,1
74.08155826298166,23.980899196275956,1
74.08164789108699,23.968255582908323,1
74.08176303618968,23.951999477519255,1
74.08178861008764,23.948387004911492,1
74.08183974272174,23.94116205452269,1
74.08192917620008,23.928518374748844,1
74.08194194735992,23.926712133057553,1
74.08214611425551,23.897812207421598,1
74.08217161240636,23.89419970896732,1
74.08226081621027,23.881555950821728,1
74.0830861907746,23.764148619631477,1
74.08355364858522,23.697315945004824,0
74.08366709505599,23.68105925989984,0
74.08367969395768,23.679252959417326,0
74.08408219813691,23.621451118440543,0
74.08474603208474,23.525715858781712,0
74.08475852358649,23.52390952163351,0
74.08480847713875,23.516684168788437,0
74.07427723478182,25.243358879725147,1
74.07433195595813,25.236135186676716,1
74.07445500146187,25.219881851092072,1
74.07452331393907,25.210852204526102,1
74.07502780317306,25.14403247202939,1
74.07555761409563,25.073600199468405,1
74.0756524971153,25.060958437640753,1
74.07566604658926,25.059152469881,1
74.07573377430282,25.050122624392404,1
74.07574731591485,25.048316653956878,1
74.07689357337038,24.894807539684628,1
74.07690700262621,24.893001530990524,1
74.07736282267783,24.831596971469178,1
74.07740296989549,24.826178897498554,1
74.07744310541521,24.82076081954144,1
74.07784381771562,24.766579820855664,1
74.07925033368642,24.57513710953334,1
74.07961944522589,24.52456651087209,0
74.0796589330552,24.51914821202507,0
74.07968525184525,24.515536010599455,0
74.07969840931167,24.513729909228445,0
74.07971156549249,24.51192380741866,0
74.0797510263219,24.50650549935693,0
74.07977732711488,24.50289329178903,0
74.0800006763697,24.472189456643413,0
74.08002692835332,24.468577232415573,0
74.08014499875017,24.452322201703968,0
74.08017122250233,24.448709967838923,0
74.0801974411236,24.44509773222229,0
74.08031536144169,24.428842650276753,0
74.08032845728899,24.42703652787211,0
74.08038082786139,24.419812033877733,0
74.0804200923353,24.41439365878805,0
74.08045934527843,24.40897527976144,0
74.08047242703078,24.407169152544487,0
74.08053781658104,24.398138509900132,0
74.08055089064933,24.396332380059526,0
74.08056396343724,24.39452624978172,0
74.08064237328087,24.383689458935255,0
74.08066849965589,24.380077191823343,0
74.08068156092384,24.37827105761191,0
74.08073379320052,24.371046516396987,0
74.0807468480713,24.369240380001077,0
74.08082515043573,24.358403552453105,0
74.08086428435422,24.35298513278363,0
74.08094251767454,24.342148281656993,0
74.08096858522318,24.338535994456173,0
74.08104675720354,24.327699122380672,0
74.08111186539249,24.318668383653623,0
74.0811509149817,24.313249935183503,0
74.0812159720971,24.304219179012257,0
74.08122897969088,24.302413026470077,0
74.08126799481515,24.296994566228094,0
74.08131999711716,24.289769946470365,0
74.08133299450326,24.28796379044149,0
74.0813589854487,24.284351477076605,0
74.08137197900821,24.282545319740635,0
74.08146289821904,24.269902206191944,0
74.08150184447136,24.26448372242408,0
74.08154077925255,24.259065234737555,0
74.08160564506889,24.250034413220344,0
74.08161861441003,24.24822824761117,0
74.08167047903682,24.241003580822845,0
74.08170936413445,24.235585076163076,0
74.08172232328695,24.233778907073095,0
74.08180005146704,24.222941883399244,0
74.08182595067757,24.21932953869562,0
74.08189067643494,24.210298669328076,0
74.08196830536224,24.19946161174313,0
74.08260056281576,24.110958389752252,0
74.08302465287156,24.051353592565132,0
74.08311443413473,24.03871009015684,0
74.08316570988795,24.03148522212595,0
74.08351129231427,23.982717182106892,1
74.08361351031454,23.96826733203041,1
74.08376668592453,23.946592505155476,1
74.08451716122264,23.84002370428998,1
74.08452984341223,23.838217440525263,1
74.08498556625862,23.77319165908822,1
74.08507399029249,23.760547692588943,1
74.08513711273051,23.75151627509082,0
74.08526326368323,23.73345340796887,0
74.08538928946855,23.71539049803344,0
74.0858795954899,23.644944740672315,0
74.08600500905655,23.626881621312375,0
74.08609272434123,23.61423741237277,0
74.08648044382211,23.558241378845995,0
74.08660525943029,23.540178054919075,0
74.08681716060806,23.50947030661542,0
74.07646753023319,25.216282409809747,1
74.07649479531818,25.212670548712747,1
74.07687595456157,25.162104305278476,1
74.07698466811819,25.147656742714194,1
74.07726964185865,25.109731754855645,1
74.07737805127258,25.09528408860919,1
74.07751344519893,25.077224465620468,1
74.07775682456558,25.04471703180669,1
74.07801326558999,25.01040347275079,1
74.07826923534364,24.976089752923155,0
74.07832306371553,24.96886579143599,1
74.0787529403002,24.911073843460148,1
74.07979518916022,24.77020406691222,1
74.07994153844798,24.750337599668267,0
74.0800611623517,24.734083177604674,0
74.0801408534415,24.723246876351784,0
74.08019395498762,24.71602266668527,0
74.0802603028515,24.706992394669687,0
74.08032661842628,24.69796211162086,0
74.08037964764483,24.690737877239886,0
74.08045915274946,24.679901512435524,0
74.0804988878811,24.674483324079937,0
74.08059155803886,24.661840869153345,1
74.08060479147407,24.66003480240073,1
74.08072383437607,24.643780181798455,1
74.08081635112922,24.631137674439678,1
74.0808427728928,24.627525525516813,1
74.08085598184257,24.625719450394968,0
74.08089560096492,24.620301222388054,0
74.08098800051978,24.60765867496703,0
74.08100119530721,24.605852595003824,0
74.08110670728153,24.59140393946096,0
74.0811198904889,24.589597855538816,1
74.08114625304492,24.585985686375267,1
74.08117261045649,24.582373515452865,1
74.08118578723332,24.580567429332156,1
74.08125165183115,24.571536992134497,0
74.08134380828115,24.558894361598647,0
74.08138328462758,24.55347608477827,0
74.08143590177144,24.546251709534676,0
74.08151478895913,24.535415133494357,0
74.08154107441676,24.531802937968386,0
74.08155421522002,24.529996839546904,0
74.08161989998399,24.520966340855566,0
74.08163303308687,24.51916023980068,0
74.08177741255086,24.49929309924038,0
74.08181676183706,24.49387477896759,0
74.0818560995854,24.4884564547485,0
74.08188231834208,24.48484423641038,0
74.08234031733264,24.42163013183134,0
74.08243172904133,24.40898724656902,0
74.08269256032867,24.372864599196504,0
74.08286182679228,24.34938478468862,0
74.08287483835822,24.347578642054707,0
74.08301788141856,24.327711044277684,0
74.08317375249977,24.30603724104875,0
74.0832775646523,24.2915880040181,0
74.08334240587162,24.282557216711364,0
74.0834978950084,24.2608832827473,0
74.08366613492939,24.237403116879605,0
74.08441412997222,24.132644558844916,0
74.08497873256923,24.05317157607349,0
74.08504273715735,24.044140502283078,0
74.08506833015629,24.040528069740077,0
74.08520900142742,24.02065965984727,0
74.08540057996683,23.993566289384784,1
74.0854516196838,23.9863413741872,1
74.08563009999584,23.961054116625885,1
74.08591007070406,23.9213168268552,1
74.08626551728698,23.870741792966715,1
74.0862908686642,23.8671292776396,1
74.08663262130861,23.818360152478437,1
74.08732596113526,23.719014670758764,0
74.08757714775511,23.682888719892777,0
74.08797800921155,23.625086842986835,0
74.0882279003581,23.588960448033006,0
74.08834018913633,23.572703514685077,0
74.08835265945501,23.570897186627796,0
74.08843991690922,23.55825287830436,0
74.0884648364345,23.554640214951895,0
74.08847729433487,23.552833882637216,0
74.08860180507297,23.534770536086384,0
74.07831662014267,25.234354087847723,1
74.07906360924792,25.135027445961004,1
74.07940184046878,25.089878525179675,1
74.07946938869576,25.080848707533978,1
74.0795369042748,25.071818878732063,1
74.07956390136737,25.068206944088214,1
74.0796448613198,25.05737112945144,1
74.07967183753111,25.0537591876714,1
74.07971229206332,25.04834127165721,1
74.07976621317827,25.041117377396898,1
74.07980664032142,25.035699452021447,1
74.07987399281797,25.02666956748291,1
74.07990092469217,25.023057610548566,1
74.0799413127294,25.017639671805952,1
74.07998168903973,25.012221729054577,1
74.08004895683665,25.00319181556235,0
74.08008930188629,24.997773862124085,0
74.08014307705722,24.99054991797433,0
74.0801565175954,24.98874393082419,0
74.08021026673241,24.98151997777346,0
74.08030427762456,24.968878042805354,0
74.0803177025484,24.967072050316336,0
74.08045188026448,24.94901210096876,0
74.08046529088567,24.94720610358879,0
74.08047870020715,24.945400105764335,0
74.0805859279982,24.930952107169933,0
74.08059932562574,24.929146105346145,1
74.08062611698418,24.925534100365844,1
74.08067968411677,24.91831008507502,1
74.0807198458326,24.912892068943695,1
74.08073323047478,24.911086062678482,1
74.08074661381887,24.90928005596926,1
74.08085363385062,24.894831986313925,0
74.08088037588352,24.891219964461648,0
74.08094720826679,24.88218990206578,0
74.08097393214223,24.878577874001856,0
74.08102736433463,24.87135381255124,0
74.08108077578686,24.864129744004853,0
74.08112082076848,24.85871168793938,1
74.08116085408894,24.853293627884053,1
74.08121421371384,24.84606954160493,1
74.08126755261705,24.83884544823541,1
74.08130754319902,24.833427373556113,1
74.08134752213023,24.82800929488997,1
74.08140080925227,24.820785183801135,1
74.0814141277977,24.818979154921834,1
74.0815206295887,24.804530907948916,1
74.08153393649225,24.802724875085353,1
74.08164034517492,24.788276596246153,1
74.08172009740076,24.777440368535974,1
74.08174667113931,24.773828289094414,1
74.08178652205875,24.768410166615695,0
74.08185291442749,24.75937995364244,0
74.08186618902744,24.75757390972169,0
74.08190600508111,24.752155775307696,0
74.08202538354601,24.73590134820555,0
74.08203864136831,24.734095298541003,0
74.0820518979006,24.732289248434792,0
74.08259430603029,24.658240814105675,1
74.08322657267453,24.571549023049638,0
74.08331853109479,24.558906385521613,0
74.08335792261273,24.553488105705007,0
74.08491117016622,24.338559824615132,0
74.08493712083546,24.334947531682836,0
74.08497603729802,24.329529089012148,0
74.08515749612816,24.30424297131456,0
74.08517044793923,24.302436816780475,0
74.0853904343644,24.27173212303331,0
74.0854679890219,24.260895142246735,0
74.08548091035637,24.2590889772586,0
74.08573907068819,24.222965586119845,0
74.08575196539299,24.221159411995984,0
74.08594523394346,24.194066747980187,0
74.08622817928396,24.15433066398099,0
74.08629239967266,24.145299706504684,0
74.0863309167383,24.139881126813904,0
74.08635658846356,24.136268738185052,0
74.08636942243086,24.13446254322019,0
74.08681781587698,24.07124544646731,0
74.0871243928852,24.027896273690594,0
74.0872646649559,24.00802781962885,0
74.08830553977018,23.859915881270474,1
74.08945080629508,23.695544371775462,0
74.0896636128159,23.664837213202585,0
74.08968862524492,23.661224598193776,0
74.09032476357002,23.56910233882149,0
74.09043668834475,23.552845354458924,0
74.09056093152667,23.534781998071562,0
74.08016616656016,25.25242571455179,1
74.08020696506713,25.24700794307808,1
74.08023415751738,25.24339609318693,1
74.0803021157076,25.234366460613366,1
74.08031570341453,25.232560532753862,1
74.08042435791083,25.218113093744392,1
74.08043793382924,25.216307161851873,1
74.08056005818158,25.200053754662314,1
74.08057362100968,25.198247818290916,1
74.0805871825292,25.196441881471756,1
74.08070917733335,25.18018842995409,1
74.08072272577185,25.178382488658638,1
74.0808446028846,25.162128996865007,1
74.08085813825049,25.160323051095638,1
74.08087167230957,25.158517104879003,1
74.08088520506195,25.15671115821513,1
74.08097989774768,25.14406951904732,1
74.08103397911906,25.136845715401524,1
74.08104749619744,25.135039763372625,1
74.0810610119702,25.1332338108968,1
74.0811150620067,25.12600999652466,1
74.08122309943546,25.111562346334875,1
74.0812365982428,25.109756388051096,1
74.08125009574567,25.107950429320713,1
74.08133105337436,25.097114667561183,1
74.08138499904854,25.089890817459167,1
74.08154671095423,25.06821922431065,1
74.081627496562,25.057383403646895,1
74.08203072187189,25.003204059638332,0
74.08257990545853,24.92915830830033,1
74.08295370527084,24.878590048900293,0
74.08307363970576,24.862335891644946,0
74.08310027757665,24.858723851821985,1
74.08349922541977,24.804543041805715,1
74.08361868320175,24.78828872110015,1
74.0836717420138,24.78106456706208,1
74.08537185705684,24.548081814012292,0
74.08538495289133,24.546275717547502,0
74.08545041288323,24.53724522863716,0
74.08594686508785,24.468613154470688,0
74.08603811581101,24.455970334929,0
74.08614232586574,24.441521372035734,0
74.08636350152511,24.410817232888224,0
74.086376500399,24.409011103119123,0
74.08657133082595,24.38191910412276,0
74.08702482303595,24.318704057641014,0
74.08714118397091,24.302448673592657,0
74.08732198573766,24.27716245046498,0
74.08736069665939,24.271743962973026,0
74.08752831227848,24.248263805232327,0
74.08763135402491,24.233814440839655,0
74.088017039833,24.1796290765715,0
74.08826071960083,24.145311477052303,0
74.08833757649175,24.1344743078261,0
74.08849115413261,24.112799922554707,0
74.08921817285805,24.009845741231015,0
74.09064741173033,23.805739448751485,1
74.09114951648604,23.733488118961837,0
74.0911620435904,23.7316818269353,0
74.09219746545699,23.581758099001192,0
74.0922471496739,23.57453278487017,0
74.09245808685225,23.54382512381818,0
74.09249527397844,23.538406112042743,0
74.09252005921836,23.534793435399,0
74.09258200070114,23.52576173634735,0
74.09264391130989,23.516730026666366,0
74.09274290408926,23.50227926907565,0
74.08269379572113,25.18020074590659,1
74.082720832815,25.176588860859862,1
74.08363699313254,25.05378370558726,1
74.08460049860189,24.923752470801887,1
74.0848003841544,24.896662340136576,1
74.0854513194955,24.808167217900042,1
74.08587475052519,24.750373911237226,0
74.08619146000153,24.707028634292122,0
74.08625734807028,24.697998336260532,0
74.08634953748984,24.685355900489707,0
74.08636270227721,24.68354983647271,0
74.08638902800548,24.67993770711595,0
74.08665200335074,24.643816316585536,1
74.08684889871907,24.616725158071585,0
74.08691446653565,24.60769474989423,0
74.08780301909466,24.4848801080632,0
74.0879071671127,24.470431193289063,0
74.08792017988706,24.46862507697069,0
74.08834888798829,24.40902299286151,0
74.08838779283057,24.40360459795414,0
74.0884137230433,24.39999233249664,0
74.08860803781197,24.372900285844736,0
74.08864686651079,24.367481864719092,0
74.0888537601987,24.3385835523547,0
74.0892794545217,24.278980430466056,0
74.08931808569235,24.273561941309932,0
74.0896395699042,24.228407712674482,0
74.0897037720521,24.21937683432451,0
74.09098120420738,24.038756989308645,0
74.09124786930278,24.00082627188863,0
74.09167844224106,23.939414230615785,1
74.09185531692927,23.914126774677374,1
74.09224609745445,23.858132822054266,1
74.09262313186888,23.803944732740373,1
74.09268586204104,23.794913346965586,1
74.09279869801549,23.778656825553792,1
74.09308659938345,23.737112224244427,0
74.09334889244214,23.699179999181688,0
74.09369776634212,23.648603405835633,0
74.09373508812065,23.643184465261577,0
74.0940332616779,23.599832802449555,0
74.09430596231977,23.560093562551092,0
74.09459042001065,23.518547773309823,0
74.084367786787,25.221749607639307,1
74.08478629864351,25.165765476309648,1
74.08502873144587,25.133258364050192,1
74.08565976606207,25.048377999825334,1
74.08574011743043,25.037542137724085,1
74.08602098006756,24.999616494077618,0
74.0861011217086,24.988780559830637,0
74.086421222883,24.94543666271156,0
74.08668740565774,24.909316552904542,1
74.08711222541181,24.85152400796584,1
74.08740352436038,24.811791370049328,1
74.08864116914869,24.6420222344333,1
74.08892919805977,24.602288469855925,0
74.08921660949427,24.562554492406097,0
74.08951642579866,24.521014197745263,0
74.08960754061683,24.508371453290007,0
74.0897115955428,24.49392257617085,0
74.08975059516688,24.488504240017452,0
74.09017883669327,24.428902282127993,0
74.09105692230025,24.30608462510665,0
74.09139111652179,24.259124399709826,0
74.09158353313472,24.232031828129998,0
74.09208249073737,24.161590684352728,0
74.09218460465087,24.147141137346644,0
74.09219736323803,24.145334942019076,0
74.09245227137771,24.10921094443359,0
74.09255409412927,24.09476129687445,0
74.09270667784048,24.073086773584134,0
74.09283369313698,24.055024623246997,0
74.09285908117141,24.051412187989733,0
74.092871773311,24.04960596971253,0
74.09298594625318,24.033349985765085,0
74.09341635229039,23.97193817512006,1
74.09373190651189,23.926782113872093,1
74.0938579100134,23.90871961398487,1
74.09468641264935,23.789506036406305,1
74.0952232859447,23.711835579064005,0
74.09526065677444,23.706416680412598,0
74.09544734395215,23.679322129439214,0
74.09606762747941,23.589006265715767,0
74.09609237468159,23.58539360899393,0
74.08655530386184,25.194672836285758,1
74.0867437812474,25.16938962546402,1
74.08691856802588,25.145912279770815,1
74.08703944577682,25.12965868849758,1
74.08750852784854,25.066449934132272,1
74.08773579554138,25.03574834198424,1
74.08865440412595,24.91113467668505,1
74.08894600434003,24.871402338685115,0
74.08917090572315,24.840699930512063,1
74.089184123659,24.83889390251404,1
74.08965911508942,24.773876599771853,1
74.08969862273585,24.76845846533293,0
74.08985653810333,24.74678588780309,0
74.0898696893988,24.74497983680385,0
74.09154252081255,24.513801670684444,0
74.09163340260828,24.501158907022617,0
74.09230658042333,24.407240562104125,0
74.09239693916955,24.394597617629046,0
74.09264188653181,24.360280946138428,0
74.09265476587007,24.358474801166807,0
74.09273201539477,24.347637922171128,0
74.093027717914,24.30609640720502,0
74.09328430871341,24.269973163305433,0
74.09346362273372,24.24468678895851,0
74.09394909060818,24.17605191474119,0
74.09428020896043,24.12909085012406,0
74.09436921150852,24.11644743649716,0
74.09463585123463,24.07851706828015,0
74.09469925559661,24.069486000093494,0
74.09483863522667,24.049617612019176,0
74.09496521284174,24.03155539564807,0
74.09500316178382,24.026136722310195,0
74.0950410994946,24.020718045084323,0
74.09505374290272,24.018911818478486,0
74.09506638506323,24.017105591440743,0
74.09568432420417,23.928599938028523,1
74.09597334687456,23.887056111292797,1
74.09637437259697,23.82925562611411,1
74.09647443059693,23.814805436100013,1
74.09702333324766,23.73532890047565,0
74.09738380166068,23.68294618518771,0
74.09787929766856,23.610693574584904,0
74.09790402074948,23.60708092613785,0
74.09799051278166,23.594436643148374,0
74.09802756234703,23.589017658333056,0
74.09805225590928,23.5854049996596,0
74.09806460084623,23.583598669683973,0
74.09815098098738,23.570954347930794,0
74.09818798261401,23.565535346507357,0
74.09826195269697,23.554697332168654,0
74.09827427674516,23.552890994956147,0
74.09833587856636,23.543859302512036,0
74.09839744969482,23.534827599434248,0
74.09847129454766,23.523989541708875,0
74.09849589968267,23.520376852399586,0
74.09852049991072,23.516764161390217,0
74.0986311402291,23.50050703081496,0
74.09864342746718,23.498700680849222,0
74.0883787567117,25.21635634610399,1
74.08894285196429,25.14050663421731,1
74.08918390762733,25.107999373415772,1
74.08934437861417,25.086327785843096,1
74.08945125589472,25.071880025097908,1
74.09023692608257,24.965326908904913,0
74.09074057873548,24.896698658458735,1
74.09075380770567,24.89489264321056,0
74.09129509144036,24.82084563632247,1
74.09199161195397,24.72512523227211,0
74.09302317379422,24.58244534849192,1
74.09346469635003,24.52103797126073,0
74.09415003299111,24.42531369574215,0
74.09490878431022,24.318751264818186,0
74.09531847806895,24.260954057050196,0
74.09576510888395,24.197737850848117,0
74.09622289984331,24.132714912287753,0
74.09629904076883,24.12187770121834,0
74.09652719376395,24.08936597444318,0
74.09693180105171,24.03156700288868,0
74.09714622978714,24.000861119251617,0
74.09736029896766,23.97015511087448,1
74.09746091309941,23.95570518145131,1
74.09751119034956,23.94848020639474,1
74.0976367965517,23.930417738593135,1
74.09783750834765,23.90151770054329,1
74.0979878338693,23.879842599715865,1
74.09835038420714,23.827460850517856,1
74.09840030947876,23.820235753319015,1
74.09887361350631,23.751596987695983,0
74.09892333128514,23.744371818479948,0
74.09898545075906,23.735340347327828,0
74.09899787095466,23.733534051813375,0
74.09904753940889,23.726308865476312,0
74.09912200511407,23.71547107313569,0
74.09913441175202,23.71366477291516,0
74.09918402598394,23.706439567756497,0
74.09923362050768,23.699214355756613,0
74.09924601605977,23.697408051687894,0
74.0993327504498,23.684763911239592,0
74.09936990386683,23.679344987494954,0
74.09940704620813,23.673926059905515,0
74.09944417747573,23.668507128471937,0
74.09949366861026,23.661281880581893,0
74.09956786841694,23.650443995938794,0
74.09961731036496,23.64321873097371,0
74.09966673264675,23.63599345918141,0
74.09974082920573,23.625155538695445,0
74.09977786090091,23.61973657269504,0
74.09980254255674,23.616123926562857,0
74.09986422520727,23.607092303772134,0
74.09988888967344,23.603479651672277,0
74.10009833945526,23.572772040020567,0
74.100110648991,23.570965706090696,0
74.09036396568465,25.216368575534922,1
74.09051160389315,25.19650324013988,1
74.09063228229304,25.1802497436229,1
74.09067248513828,25.174831903396896,1
74.09076624651327,25.162190260548186,1
74.09140747668388,25.075504119783375,1
74.0915406922471,25.05744437769501,1
74.09156731990144,25.053832423927332,1
74.09162055975716,25.04660851104352,1
74.09179344704965,25.023130744937145,1
74.0918333132369,25.01771278822305,1
74.09192628932894,25.00507087364095,1
74.09203247058677,24.99062294455702,0
74.09225783276665,24.959921000729583,0
74.09260178698378,24.912964838212872,1
74.09262820910314,24.90935281327799,1
74.09270744471434,24.89851672782247,1
74.09273384633795,24.894904695787645,0
74.0932476549824,24.82446971666403,1
74.09351039262563,24.788348953270066,1
74.09454322361286,24.645670210427326,1
74.09503720405742,24.577038949506925,1
74.0950761245748,24.571620665025517,0
74.09530940845681,24.53911087512738,0
74.09533530358586,24.535498667469433,0
74.09541295862672,24.524662033964148,0
74.09558105512748,24.501182607197357,0
74.09559397678417,24.499376494376722,0
74.09589082647649,24.457835778564608,0
74.0963412745537,24.394621201540076,0
74.09639265611862,24.387396644350034,0
74.09675176375282,24.336824548398184,0
74.09677737660249,24.33321224273882,0
74.09691815751115,24.313344530435085,0
74.09694373772426,24.30973221344013,0
74.09698209863414,24.304313734679248,0
74.09699488309514,24.302507574220794,0
74.09710988680764,24.286252110491006,0
74.09712265872864,24.28444594567662,0
74.09737783400276,24.24832255797495,0
74.09820369819072,24.130920347355893,0
74.09821636258926,24.129114145181543,0
74.09920035011177,23.988229042377277,1
74.09922548113441,23.984616569279627,1
74.09933850932858,23.968360418989874,1
74.09962690295075,23.926816765182387,1
74.09997710678543,23.876241574877778,1
74.10000208424026,23.872629048381405,1
74.10001457111362,23.870822784488446,1
74.10005202431836,23.865403990230767,1
74.10008946640167,23.859985192105402,1
74.10020172594358,23.843728774529957,1
74.100214193051,23.841922503762913,1
74.10023912356169,23.838309960940588,1
74.10025158696514,23.836503688885358,1
74.10031388546638,23.827472322169545,1
74.10035124975703,23.82205349698921,1
74.10037615311452,23.81844094472322,1
74.10042594502517,23.811215835042297,1
74.10047571720074,23.803990718497424,1
74.10051303338415,23.798571876585264,1
74.10057520236589,23.78954046482223,1
74.1006000613303,23.785927897115958,1
74.10071186567565,23.769671321222543,1
74.100736697535,23.766058744088483,1
74.10078634647559,23.758833584680076,1
74.10138059852767,23.672131137750043,0
74.10243823178203,23.516786794688706,0
74.09237597232858,25.212768901192117,1
74.09287077359086,25.145948851586386,1
74.09299086362672,25.12969523345226,1
74.0944766059625,24.927424964309917,1
74.09518720529745,24.82989980663237,1
74.09526593107113,24.81906359823968,1
74.09542324500416,24.797391133659204,1
74.09546254483053,24.79197300756054,1
74.09573732290244,24.754046013462826,0
74.09575039358059,24.752239961264028,0
74.09601154026137,24.716118824561388,0
74.0966621862781,24.625815211078372,0
74.09668814623281,24.622203043637803,0
74.09690860151866,24.591499549356556,0
74.09743878537242,24.517449423090113,0
74.09756777674845,24.499388304783977,0
74.09764511108001,24.48855161275893,0
74.097670879112,24.484939378578176,0
74.09792828243438,24.448816940412875,0
74.09808248285646,24.42714339347245,0
74.09821084492938,24.409082056244213,0
74.09847999647026,24.371153105812972,0
74.0986335488953,24.349479333390235,0
74.0987102574023,24.33864242361542,0
74.09878692079485,24.32780549813867,0
74.09887630442239,24.315162398577307,0
74.09910586636397,24.282651473088233,0
74.09914408727641,24.277232971787523,0
74.09924595469231,24.262783615832703,0
74.09946215739683,24.232078641977292,0
74.09966531266363,24.20317972828563,0
74.10000741326209,24.15441255935428,0
74.1000327179163,24.15080016388817,0
74.10004536837573,24.14899396550468,0
74.10007066555961,24.145381567436935,0
74.10008331228421,24.14357536775273,0
74.10010860199917,24.139962967083793,0
74.10014652723706,24.134544362829406,0
74.10015916649412,24.13273816054446,0
74.10018444127536,24.129125754674448,0
74.10027286382248,24.116482320481023,0
74.10029811621357,24.112869906812733,0
74.10032336363075,24.10925749141204,0
74.100386460417,24.100226445332307,0
74.10046213554448,24.089389175750203,0
74.10048735064638,24.085776749093647,0
74.10053776594292,24.07855189058793,0
74.10058816136728,24.071327025160063,0
74.10060075711893,24.0695208077217,0
74.10068889261906,24.05687727354418,0
74.10073922845632,24.04965238735932,0
74.1008146949902,24.038815045115307,0
74.10082726840427,24.037008819895508,0
74.10085241151172,24.03339636815973,0
74.10086498120528,24.031590141643797,0
74.1009529343439,24.018946543937858,0
74.10099060995239,24.013527852728938,0
74.10101572082831,24.009915389764213,0
74.1010659277116,24.0026904586546,0
74.10107847633525,24.000884224798135,0
74.10109102372017,23.999077990510106,1
74.10110356986645,23.997271755790525,1
74.10111611477417,23.995465520639414,1
74.1011286584434,23.9936592850568,1
74.10114120087421,23.991853049042724,1
74.10119135821486,23.98462810067214,1
74.10122896322076,23.979209384864927,1
74.10125402703557,23.975596905503696,1
74.10130413981395,23.96837194160669,1
74.10135423279483,23.961146970811633,1
74.10144184788825,23.94850325532658,1
74.10147937866488,23.94308451365536,1
74.10151689831498,23.937665768107106,1
74.10157940634515,23.928634516912847,1
74.10165437520507,23.91779700127074,1
74.10171681528588,23.908765726398443,1
74.10175426451573,23.903346956311132,1
74.10181665520768,23.89431566422787,1
74.1018291296431,23.89250940452078,1
74.10191641613883,23.879865574530076,1
74.10204100628128,23.861802923716994,1
74.10267449988926,23.769682736752898,1
74.10268688934536,23.767876447428,1
74.10316912029587,23.69743082987301,0
74.10335409695553,23.670336188404974,0
74.10366177905945,23.62517823915439,0
74.10415248094964,23.552924966198216,0
74.10428708153647,23.533055196743817,0
74.10450701885858,23.500540917604965,0
74.10451922602431,23.49873456472824,0
74.0944413077141,25.2019454272758,1
74.09458818830133,25.18208003065572,1
74.09500128633813,25.126095439970257,1
74.0951475724378,25.10622983684548,1
74.09525386469434,25.09178209155736,1
74.09558549857314,25.04663270354485,1
74.09612764437277,24.972587104518254,0
74.09643083360852,24.931049002126503,0
74.09644400042262,24.929242992344008,1
74.09691715618976,24.864226344638947,0
74.09695651127868,24.858808264722978,1
74.09764989684571,24.76308819591496,0
74.09785851970848,24.73419132731899,0
74.09828777971981,24.674591179045702,0
74.09837865765603,24.661948661631694,1
74.09840461139818,24.65833650983446,1
74.09859910329409,24.631245315213764,1
74.09914216937622,24.55538944377473,0
74.09915507241011,24.553583342150862,0
74.0997215598165,24.4741144364055,0
74.10000389100567,24.434379665442723,0
74.10002952735458,24.430767403034842,0
74.10004234364733,24.42896127117482,0
74.10006797246984,24.42534900614273,0
74.10018324009731,24.409093791854445,0
74.10019604134295,24.407287654747762,0
74.10028561497127,24.394644682764543,0
74.10031119615954,24.391032401122644,0
74.10040069086223,24.378389401616662,0
74.1004134708105,24.376583257083208,0
74.10043902695084,24.372970966706358,0
74.1005028953944,24.363940233124147,0
74.10054120144149,24.358521787736876,0
74.1005794962269,24.35310333842195,0
74.10060501982836,24.349491036696946,0
74.10068156061352,24.338654121051917,0
74.10069431303404,24.336847966917794,0
74.10070706420422,24.33504181234755,0
74.10073256279378,24.33142950189882,0
74.10075805638284,24.327817189705925,0
74.10080902856193,24.320592560088443,0
74.10082176848235,24.318786401594267,0
74.10083450715321,24.316980242664226,0
74.10085998074648,24.313367923496646,0
74.10089818176645,24.307949441476847,0
74.10091091294146,24.3061432799321,0
74.10092364286741,24.30433711795167,0
74.10096182515188,24.298918629396393,0
74.10101271738274,24.291693971891053,0
74.10102543731924,24.289887806425902,0
74.10107630458263,24.282663140210747,0
74.10108901827822,24.280856972568447,0
74.10113986058192,24.273632297645918,0
74.10115256803857,24.271826127827083,0
74.10117797920928,24.26821378688371,0
74.10121608661002,24.262795272204844,0
74.10124148530788,24.259182926909993,0
74.1012668790177,24.255570579874902,0
74.10131765147565,24.248345880584726,0
74.10133034147357,24.246539704674827,0
74.10134303022502,24.244733528330038,0
74.10136840398886,24.24112117433589,0
74.10141913656227,24.233896461129962,0
74.10143181659063,24.232090281741616,0
74.10145717290985,24.228477921660858,0
74.10152054190962,24.219447013853088,0
74.10157121469346,24.212222279785276,0
74.10162186755736,24.204997538766648,0
74.1016598441358,24.19957897844214,0
74.10174841259982,24.186935655820523,0
74.10177370667887,24.183323274021514,0
74.10179899578287,24.179710890486373,0
74.10200112958766,24.150811759727883,0
74.1020516133317,24.143586959690648,0
74.10206423116233,24.14178075859754,0
74.10212730168736,24.13274974663047,0
74.10242960829981,24.089400738438197,0
74.10295692720473,24.013539374507136,0
74.10298198317602,24.009926909595485,0
74.10353196439527,23.93045224503861,1
74.10442678740829,23.800400996800498,1
74.10462477173893,23.77150041721602,1
74.10493349383525,23.726343042100435,0
74.10511835965637,23.699248488674236,0
74.105302950208,23.672153839083368,0
74.10556091500612,23.634221168260154,0
74.10589179308755,23.585450315149135,0
74.1059285024488,23.58003131229914,0
74.10616074048187,23.54571087196286,0
74.09619948027222,25.232658546617348,1
74.09645294488831,25.19834568058624,1
74.09647959835877,25.194733790550448,1
74.09657284500672,25.18209216133071,1
74.09702486200884,25.120689650631085,1
74.09711774019863,25.10804789314641,1
74.09828000288995,24.949121078848723,0
74.09838517283833,24.93467301580082,0
74.0985033915726,24.9184189109013,1
74.0986346247655,24.900358752180914,1
74.09875262584323,24.88410457140278,0
74.09876573071448,24.882298549098994,0
74.09928888369215,24.810057293633776,1
74.09931498802555,24.806445212266144,1
74.09971895689073,24.75045772491313,0
74.0997709932533,24.743233502067493,0
74.09983601023524,24.734203213576155,1
74.09986200817234,24.730591095089554,1
74.09996594933298,24.71614260349053,1
74.10000490640648,24.71072441186089,1
74.1000178895696,24.708918347102117,1
74.1000957620093,24.698081949287694,1
74.10014765169977,24.690857675259128,1
74.10022544834426,24.6800212509917,1
74.10023841003206,24.6782151787379,1
74.10025137045733,24.676409106043437,1
74.10026432962015,24.674603032908326,1
74.1003550084178,24.6619605086266,1
74.10038090528818,24.658348354867403,1
74.10045856562208,24.647511883020943,1
74.10048444230975,24.643899722216478,1
74.10057497099879,24.63125714553551,1
74.10061375009987,24.62583889178544,1
74.10062667394635,24.624032806322106,1
74.10069127427818,24.615002372406796,1
74.10074293186777,24.607778017357585,1
74.10076875310568,24.604165837194525,1
74.10084618659954,24.593329286153825,1
74.10087198769297,24.589717098957063,0
74.10096225187725,24.577074429925887,0
74.10100091765491,24.571656136608013,0
74.10105245441574,24.564431739368214,0
74.10110397105622,24.55720733510207,0
74.10111684707311,24.55540123293785,0
74.10112972183289,24.5535951303346,0
74.10116833857028,24.548176819890948,0
74.10120694399636,24.542758505496916,0
74.10125840030616,24.53553408016101,0
74.10129697934754,24.53011575655202,0
74.10138695315379,24.517472986111443,0
74.1014254945229,24.51205464934438,0
74.10148970503454,24.503024079297354,0
74.10152821628287,24.497605732009067,0
74.10154105085637,24.495799615369766,0
74.10159237660588,24.488575144430552,0
74.10161803195508,24.48496290633207,0
74.10168214838369,24.47593230341985,0
74.10173341896035,24.468707813206656,0
74.10175904672833,24.465095565472783,0
74.10179747898165,24.459677190588433,0
74.1018743096609,24.448840429001347,0
74.10237261078821,24.37840109492953,0
74.10242361106775,24.371176510269148,0
74.10256375880041,24.351308866442423,0
74.1029959882504,24.289899451910877,0
74.10302136864075,24.28628711772337,0
74.10309747992359,24.275450104711954,0
74.10314819587823,24.268225420665555,0
74.10317354638723,24.264613076031306,0
74.10318621977491,24.262806903061506,0
74.10331288522067,24.244745149437843,0
74.10336351657213,24.237520435811458,0
74.10341412802997,24.230295715229204,0
74.10342677778664,24.228489533996967,0
74.10349000792704,24.219458621316967,0
74.10376785162909,24.179722476520368,0
74.10390654820895,24.159854325342305,0
74.10400732420047,24.145404727886994,0
74.10403250580262,24.141792324187747,0
74.10412060237735,24.129148897588266,0
74.10435941576182,24.094830918396102,0
74.10502322035363,23.999100993288554,1
74.10506069050082,23.99368228200222,1
74.10527281178544,23.962976178057513,1
74.10540987702802,23.943107456181984,1
74.10613012406232,23.83834424336138,1
74.1063528093927,23.80583122827968,1
74.10733772545656,23.66132725997959,0
74.10736224822688,23.65771462571731,0
74.10746029055282,23.64326407159829,0
74.10788830935593,23.58004257648246,0
74.10841212237597,23.50236974009067,0
74.09807833191192,25.247118160393104,1
74.09815830934036,25.236282551529282,1
74.09823824051257,25.225446926537575,1
74.09829150227166,25.218223167585684,1
74.09830481450106,25.216417226728247,1
74.09838466091672,25.205581572181984,1
74.09857078956281,25.18029831558605,1
74.09874339825225,25.15682092739329,1
74.09892904238133,25.131537501788888,1
74.09931279304855,25.079164413209508,1
74.09932600665296,25.077358437945364,1
74.09936563980067,25.07194050947752,1
74.09943166950016,25.062910619781167,1
74.09949766727523,25.053880718941603,1
74.0995240574487,25.05026875548634,1
74.09961638285343,25.03762686935896,1
74.09962956709298,25.035820883844707,1
74.09970864574241,25.02498496140717,1
74.09976133933574,25.017761004210563,1
74.09985350404234,25.00511906197971,1
74.1000113554206,24.98344711029063,0
74.10007707270138,24.974417111518772,0
74.1001164877935,24.968999106920695,0
74.10018215416018,24.959969090367686,0
74.1002609118144,24.949133055839994,0
74.1002740336382,24.947327048530425,0
74.10035273787702,24.936490995345526,0
74.10039207283322,24.931072962757888,0
74.10040518194315,24.929266951007314,1
74.10043139635023,24.9256549261743,1
74.10048380991567,24.918430871181403,1
74.10054929828786,24.909400792454374,0
74.1005754847458,24.90578875785745,0
74.10060166612419,24.90217672148589,0
74.10064092866905,24.89675866360152,0
74.10065401364494,24.894952643419618,1
74.10071941948492,24.885922535857855,1
74.10074557293736,24.882310489729196,1
74.10077172131444,24.87869844182715,0
74.10078479359994,24.876892417211167,0
74.10087626408237,24.864250232488843,0
74.10091544669568,24.858832146675006,0
74.10096767243147,24.851608026054127,0
74.10100682842467,24.846189930937484,0
74.1010590186749,24.83896579791522,0
74.10109814805989,24.8335476934993,0
74.10115030284038,24.82632354808033,0
74.10120243735956,24.819099395579645,1
74.10124152495554,24.81368127655767,1
74.10128060115962,24.80826315355373,1
74.10130664563454,24.804651069339226,1
74.10131966597392,24.80284502656848,1
74.10139776144197,24.792008760656614,1
74.10142378314536,24.78839666848185,1
74.10151481927521,24.775754331945134,1
74.10156681210927,24.76853012991529,0
74.10160579346504,24.7631119737535,0
74.10165775091718,24.755887759353126,0
74.10168372206374,24.7522756495028,0
74.10200793532731,24.70712412738744,1
74.10205973627677,24.699899858259805,1
74.10207268336215,24.698093789875514,1
74.1021762146688,24.683645226930665,1
74.10370674386333,24.468719529630444,0
74.10383455128708,24.450658263692354,0
74.10430635266538,24.383831199424336,0
74.10513106183113,24.26643085585293,0
74.10524483831053,24.250175278623477,0
74.10529537336114,24.242950566324474,0
74.10533326161989,24.237532027534854,0
74.10543424239486,24.22308257163681,0
74.10630191166524,24.098454861538094,0
74.10633950288582,24.093036218643228,0
74.10636455752703,24.089423787882847,0
74.10648975668585,24.071361608122704,0
74.10650226981588,24.06955538776777,0
74.10651478171243,24.067749166980413,0
74.10701424699116,23.995499981174536,1
74.10717614910995,23.972018847086687,1
74.10743724448479,23.934087630450488,1
74.10793307168306,23.861837168884815,1
74.10845158125362,23.785973444519232,1
74.10893112473579,23.715527880684387,0
74.10937213487395,23.650500629120135,0
74.1097750096001,23.59089182939184,0
74.11005501934491,23.549346028010223,0
74.10002412778815,25.252548074651212,1
74.10003743507606,25.250742141319478,1
74.1000640458038,25.247130273311566,1
74.10013055017968,25.238100595450277,1
74.10015714295442,25.234488721169658,1
74.10025017728778,25.221847147078464,1
74.10026346278053,25.22004120613127,1
74.10029002992219,25.216429322893635,1
74.100369700602,25.20559366243647,1
74.10042278877421,25.198369879846698,1
74.1004625914596,25.192952038205803,1
74.10051564378603,25.185728243087755,1
74.10055541959312,25.180310392052398,1
74.10064818503086,25.16766872398435,1
74.10068792246146,25.16225085953434,1
74.1007011657142,25.160444903823638,1
74.10078059838284,25.149609160173704,1
74.10082029746164,25.144191282316125,1
74.10089966111926,25.133355514538945,1
74.10092610545199,25.129743588373312,1
74.10095254467595,25.126131660421375,1
74.10100540780005,25.118907799159334,1
74.1010846641866,25.108071993873722,1
74.10109786911714,25.106266024763958,1
74.10120346262744,25.091818255822155,1
74.10129578998496,25.0791764345785,1
74.10167762385062,25.026802942464315,1
74.10183531091361,25.005131043065333,1
74.10184844323513,25.00332504855608,0
74.10187470406383,24.99971305820282,0
74.10194033388906,24.990683074534886,0
74.10255570258957,24.905800684978033,0
74.1048994555638,24.578904052942715,0
74.10514309673205,24.54458809975849,0
74.10532233276129,24.519302559191875,0
74.1057310954376,24.461506715276865,0
74.1058585716739,24.443445422096577,0
74.10587131243919,24.44163929037207,0
74.10646872352488,24.356750606302835,0
74.10749186517931,24.210450826598446,0
74.1078436544368,24.15987739980882,0
74.10785620042734,24.158071199703986,0
74.10793145044843,24.147233989970044,0
74.10830703449611,24.0930477073362,0
74.1085692835989,24.055117077728323,0
74.10860670345419,24.04969840079093,0
74.1086191742793,24.047892174280832,0
74.10873135637092,24.031636116247952,0
74.10880608911573,24.02079872478996,0
74.10881854027222,24.018992491369065,0
